date,facility,outfall_group,outfall_id,outfall_name,report_basin,receiving_water,discharge_hours,discharge_count,method,source_document,ciwqs_document_id,page,note
2011-03-18,Southeast/Bayside (CA0037664),009,CSD-009,Baker Street,North Shore,SF Bay - North Shore waterfront,0.5,1,hand_read,SEP_2011-03_724770_730851_SEP_March_2011_Bayside_Wet_Weather_Report.pdf,724770,5,Baker and Pierce not monitored; NSS box over 408'
2011-03-18,Southeast/Bayside (CA0037664),010,CSD-010,Pierce Street,North Shore,SF Bay - North Shore waterfront,0.5,0,hand_read,SEP_2011-03_724770_730851_SEP_March_2011_Bayside_Wet_Weather_Report.pdf,724770,5,
2011-03-18,Southeast/Bayside (CA0037664),"18, 19, 22, 23, 24, 25, 26, 27, 28",CSD-018–028,"Mission Creek System (9 outfalls, CSD-018 to 028)",Central (Mission Creek),Mission Creek / China Basin,3.7,0,hand_read,SEP_2011-03_724770_730851_SEP_March_2011_Bayside_Wet_Weather_Report.pdf,724770,6,
2011-03-18,Southeast/Bayside (CA0037664),29,CSD-029,Mariposa Street,Central (Islais Creek),Islais Creek,0.6,0,hand_read,SEP_2011-03_724770_730851_SEP_March_2011_Bayside_Wet_Weather_Report.pdf,724770,6,
2011-03-18,Southeast/Bayside (CA0037664),"31, 32, 33, 35, 37, 38",CSD-031–038,Islais Creek System with Evans and Hudson (2011 grouping),Central (Islais Creek),Islais Creek,3.4,1,hand_read,SEP_2011-03_724770_730851_SEP_March_2011_Bayside_Wet_Weather_Report.pdf,724770,6,
2011-03-19,Southeast/Bayside (CA0037664),"18, 19, 22, 23, 24, 25, 26, 27, 28",CSD-018–028,"Mission Creek System (9 outfalls, CSD-018 to 028)",Central (Mission Creek),Mission Creek / China Basin,1.3,0,hand_read,SEP_2011-03_724770_730851_SEP_March_2011_Bayside_Wet_Weather_Report.pdf,724770,6,
2011-03-19,Southeast/Bayside (CA0037664),29,CSD-029,Mariposa Street,Central (Islais Creek),Islais Creek,0.3,0,hand_read,SEP_2011-03_724770_730851_SEP_March_2011_Bayside_Wet_Weather_Report.pdf,724770,6,
2011-03-19,Southeast/Bayside (CA0037664),"31, 32, 33, 35, 37, 38",CSD-031–038,Islais Creek System with Evans and Hudson (2011 grouping),Central (Islais Creek),Islais Creek,1.7,1,hand_read,SEP_2011-03_724770_730851_SEP_March_2011_Bayside_Wet_Weather_Report.pdf,724770,6,
2011-03-20,Southeast/Bayside (CA0037664),"18, 19, 22, 23, 24, 25, 26, 27, 28",CSD-018–028,"Mission Creek System (9 outfalls, CSD-018 to 028)",Central (Mission Creek),Mission Creek / China Basin,3.1,0,hand_read,SEP_2011-03_724770_730851_SEP_March_2011_Bayside_Wet_Weather_Report.pdf,724770,6,
2011-03-20,Southeast/Bayside (CA0037664),"31, 32, 33, 35, 37, 38",CSD-031–038,Islais Creek System with Evans and Hudson (2011 grouping),Central (Islais Creek),Islais Creek,2.4,1,hand_read,SEP_2011-03_724770_730851_SEP_March_2011_Bayside_Wet_Weather_Report.pdf,724770,6,
2011-03-24,Southeast/Bayside (CA0037664),"18, 19, 22, 23, 24, 25, 26, 27, 28",CSD-018–028,"Mission Creek System (9 outfalls, CSD-018 to 028)",Central (Mission Creek),Mission Creek / China Basin,3.3,0,hand_read,SEP_2011-03_724770_730851_SEP_March_2011_Bayside_Wet_Weather_Report.pdf,724770,6,
2011-03-24,Southeast/Bayside (CA0037664),29,CSD-029,Mariposa Street,Central (Islais Creek),Islais Creek,0.3,0,hand_read,SEP_2011-03_724770_730851_SEP_March_2011_Bayside_Wet_Weather_Report.pdf,724770,6,
2011-03-24,Southeast/Bayside (CA0037664),"31, 32, 33, 35, 37, 38",CSD-031–038,Islais Creek System with Evans and Hudson (2011 grouping),Central (Islais Creek),Islais Creek,7.3,1,hand_read,SEP_2011-03_724770_730851_SEP_March_2011_Bayside_Wet_Weather_Report.pdf,724770,6,
2011-03-25,Southeast/Bayside (CA0037664),"18, 19, 22, 23, 24, 25, 26, 27, 28",CSD-018–028,"Mission Creek System (9 outfalls, CSD-018 to 028)",Central (Mission Creek),Mission Creek / China Basin,0.1,1,hand_read,SEP_2011-03_724770_730851_SEP_March_2011_Bayside_Wet_Weather_Report.pdf,724770,6,
2011-03-26,Southeast/Bayside (CA0037664),"18, 19, 22, 23, 24, 25, 26, 27, 28",CSD-018–028,"Mission Creek System (9 outfalls, CSD-018 to 028)",Central (Mission Creek),Mission Creek / China Basin,0.3,0,hand_read,SEP_2011-03_724770_730851_SEP_March_2011_Bayside_Wet_Weather_Report.pdf,724770,6,
2011-03-26,Southeast/Bayside (CA0037664),"31, 32, 33, 35, 37, 38",CSD-031–038,Islais Creek System with Evans and Hudson (2011 grouping),Central (Islais Creek),Islais Creek,2.4,1,hand_read,SEP_2011-03_724770_730851_SEP_March_2011_Bayside_Wet_Weather_Report.pdf,724770,6,
2011-06-04,Southeast/Bayside (CA0037664),"18, 19, 22, 23, 24, 25, 26, 27, 28",CSD-018–028,"Mission Creek System (9 outfalls, CSD-018 to 028)",Central (Mission Creek),Mission Creek / China Basin,1.6,0,hand_read,SEP_2011-06_724773_766377_SEP_06-2011_June_Wet_Weather_Report.pdf,724773,5,
2011-06-04,Southeast/Bayside (CA0037664),"31, 32, 33, 35, 37, 38",CSD-031–038,Islais Creek System with Evans and Hudson (2011 grouping),Central (Islais Creek),Islais Creek,5.5,1,hand_read,SEP_2011-06_724773_766377_SEP_06-2011_June_Wet_Weather_Report.pdf,724773,5,
2011-06-28,Southeast/Bayside (CA0037664),009,CSD-009,Baker Street,North Shore,SF Bay - North Shore waterfront,2.3,1,hand_read,SEP_2011-06_724773_766377_SEP_06-2011_June_Wet_Weather_Report.pdf,724773,4,
2011-06-28,Southeast/Bayside (CA0037664),010,CSD-010,Pierce Street,North Shore,SF Bay - North Shore waterfront,2.3,0,hand_read,SEP_2011-06_724773_766377_SEP_06-2011_June_Wet_Weather_Report.pdf,724773,4,
2011-06-28,Southeast/Bayside (CA0037664),015,CSD-015,Sansome Street,North Shore,SF Bay - North Shore waterfront,2.2,0,hand_read,SEP_2011-06_724773_766377_SEP_06-2011_June_Wet_Weather_Report.pdf,724773,4,
2011-06-28,Southeast/Bayside (CA0037664),017,CSD-017,Jackson Street,North Shore,SF Bay - North Shore waterfront,2.3,0,hand_read,SEP_2011-06_724773_766377_SEP_06-2011_June_Wet_Weather_Report.pdf,724773,4,
2011-06-28,Southeast/Bayside (CA0037664),"18, 19, 22, 23, 24, 25, 26, 27, 28",CSD-018–028,"Mission Creek System (9 outfalls, CSD-018 to 028)",Central (Mission Creek),Mission Creek / China Basin,2.8,0,hand_read,SEP_2011-06_724773_766377_SEP_06-2011_June_Wet_Weather_Report.pdf,724773,5,
2011-06-28,Southeast/Bayside (CA0037664),"31, 32, 33, 35, 37, 38",CSD-031–038,Islais Creek System with Evans and Hudson (2011 grouping),Central (Islais Creek),Islais Creek,4.6,1,hand_read,SEP_2011-06_724773_766377_SEP_06-2011_June_Wet_Weather_Report.pdf,724773,5,
2011-10-06,Southeast/Bayside (CA0037664),Southeast Basin (outfall not stated),Southeast (not stated),"Southeast Basin, outfall not stated",Southeast,SF Bay - Southeast (Yosemite Slough / Candlestick),,1,hand_read,SEP_2011-10_724777_827236_October_2011_Bayside_WW_Report.pdf,724777,1,narrative only: one brief discharge in the Southeast Basin; volume unable to be quantified; no discharge summary table in the report
2012-01-20,Southeast/Bayside (CA0037664),010,CSD-010,Pierce Street,North Shore,SF Bay - North Shore waterfront,1.3,1.0,parsed,SEP_2012-01_724780_877662_January_2012_Bayside_Wet_Weather_Report.pdf,724780,,
2012-01-20,Southeast/Bayside (CA0037664),015,CSD-015,Sansome Street,North Shore,SF Bay - North Shore waterfront,0.4,0.0,parsed,SEP_2012-01_724780_877662_January_2012_Bayside_Wet_Weather_Report.pdf,724780,,
2012-01-20,Southeast/Bayside (CA0037664),"18, 19, 22, 23, 24, 25, 26, 27, 28",CSD-018–028,"Mission Creek System (9 outfalls, CSD-018 to 028)",Central (Mission Creek),Mission Creek / China Basin,2.1,1.0,parsed,SEP_2012-01_724780_877662_January_2012_Bayside_Wet_Weather_Report.pdf,724780,,
2012-01-21,Southeast/Bayside (CA0037664),015,CSD-015,Sansome Street,North Shore,SF Bay - North Shore waterfront,0.4,0.0,parsed,SEP_2012-01_724780_877662_January_2012_Bayside_Wet_Weather_Report.pdf,724780,,
2012-01-23,Southeast/Bayside (CA0037664),29,CSD-029,Mariposa Street,Central (Islais Creek),Islais Creek,0.7,1.0,parsed,SEP_2012-01_724780_877662_January_2012_Bayside_Wet_Weather_Report.pdf,724780,,
2012-01-23,Southeast/Bayside (CA0037664),"31, 32, 33, 35",CSD-031–035,"Islais Creek System (CSD-031, 031A, 032, 033, 035)",Central (Islais Creek),Islais Creek,2.4,0.0,parsed,SEP_2012-01_724780_877662_January_2012_Bayside_Wet_Weather_Report.pdf,724780,,
2012-03-14,Southeast/Bayside (CA0037664),009,CSD-009,Baker Street,North Shore,SF Bay - North Shore waterfront,5.7,1.0,parsed,SEP_2012-03_724782_940947_March_2012_Wet_Weather_Report.pdf,724782,,
2012-03-14,Southeast/Bayside (CA0037664),010,CSD-010,Pierce Street,North Shore,SF Bay - North Shore waterfront,5.7,0.0,parsed,SEP_2012-03_724782_940947_March_2012_Wet_Weather_Report.pdf,724782,,
2012-03-14,Southeast/Bayside (CA0037664),013,CSD-013,Beach Street,North Shore,SF Bay - North Shore waterfront,5.7,0.0,parsed,SEP_2012-03_724782_940947_March_2012_Wet_Weather_Report.pdf,724782,,
2012-03-14,Southeast/Bayside (CA0037664),015,CSD-015,Sansome Street,North Shore,SF Bay - North Shore waterfront,5.7,0.0,parsed,SEP_2012-03_724782_940947_March_2012_Wet_Weather_Report.pdf,724782,,
2012-03-14,Southeast/Bayside (CA0037664),017,CSD-017,Jackson Street,North Shore,SF Bay - North Shore waterfront,5.7,0.0,parsed,SEP_2012-03_724782_940947_March_2012_Wet_Weather_Report.pdf,724782,,
2012-03-14,Southeast/Bayside (CA0037664),"18, 19, 22, 23, 24, 25, 26, 27, 28",CSD-018–028,"Mission Creek System (9 outfalls, CSD-018 to 028)",Central (Mission Creek),Mission Creek / China Basin,7.7,1.0,parsed,SEP_2012-03_724782_940947_March_2012_Wet_Weather_Report.pdf,724782,,
2012-03-14,Southeast/Bayside (CA0037664),29,CSD-029,Mariposa Street,Central (Islais Creek),Islais Creek,6.0,0.0,parsed,SEP_2012-03_724782_940947_March_2012_Wet_Weather_Report.pdf,724782,,
2012-03-14,Southeast/Bayside (CA0037664),"31, 32, 33, 35",CSD-031–035,"Islais Creek System (CSD-031, 031A, 032, 033, 035)",Central (Islais Creek),Islais Creek,7.7,0.0,parsed,SEP_2012-03_724782_940947_March_2012_Wet_Weather_Report.pdf,724782,,
2012-03-16,Southeast/Bayside (CA0037664),"18, 19, 22, 23, 24, 25, 26, 27, 28",CSD-018–028,"Mission Creek System (9 outfalls, CSD-018 to 028)",Central (Mission Creek),Mission Creek / China Basin,2.7,1.0,parsed,SEP_2012-03_724782_940947_March_2012_Wet_Weather_Report.pdf,724782,,
2012-03-16,Southeast/Bayside (CA0037664),29,CSD-029,Mariposa Street,Central (Islais Creek),Islais Creek,2.0,0.0,parsed,SEP_2012-03_724782_940947_March_2012_Wet_Weather_Report.pdf,724782,,
2012-03-16,Southeast/Bayside (CA0037664),"31, 32, 33, 35",CSD-031–035,"Islais Creek System (CSD-031, 031A, 032, 033, 035)",Central (Islais Creek),Islais Creek,1.7,0.0,parsed,SEP_2012-03_724782_940947_March_2012_Wet_Weather_Report.pdf,724782,,
2012-03-24,Southeast/Bayside (CA0037664),29,CSD-029,Mariposa Street,Central (Islais Creek),Islais Creek,0.1,1.0,parsed,SEP_2012-03_724782_940947_March_2012_Wet_Weather_Report.pdf,724782,,
2012-03-24,Southeast/Bayside (CA0037664),"31, 32, 33, 35",CSD-031–035,"Islais Creek System (CSD-031, 031A, 032, 033, 035)",Central (Islais Creek),Islais Creek,2.3,0.0,parsed,SEP_2012-03_724782_940947_March_2012_Wet_Weather_Report.pdf,724782,,
2012-03-25,Southeast/Bayside (CA0037664),"31, 32, 33, 35",CSD-031–035,"Islais Creek System (CSD-031, 031A, 032, 033, 035)",Central (Islais Creek),Islais Creek,4.0,0.0,parsed,SEP_2012-03_724782_940947_March_2012_Wet_Weather_Report.pdf,724782,,
2012-03-27,Southeast/Bayside (CA0037664),"18, 19, 22, 23, 24, 25, 26, 27, 28",CSD-018–028,"Mission Creek System (9 outfalls, CSD-018 to 028)",Central (Mission Creek),Mission Creek / China Basin,1.3,1.0,parsed,SEP_2012-03_724782_940947_March_2012_Wet_Weather_Report.pdf,724782,,
2012-03-27,Southeast/Bayside (CA0037664),29,CSD-029,Mariposa Street,Central (Islais Creek),Islais Creek,1.0,0.0,parsed,SEP_2012-03_724782_940947_March_2012_Wet_Weather_Report.pdf,724782,,
2012-04-11,Southeast/Bayside (CA0037664),"18, 19, 22, 23, 24, 25, 26, 27, 28",CSD-018–028,"Mission Creek System (9 outfalls, CSD-018 to 028)",Central (Mission Creek),Mission Creek / China Basin,0.7,1.0,parsed,SEP_2012-04_724783_955718_April_2012_Bayside_Wet_Weather_Summary.pdf,724783,,page header said 2012-03
2012-04-12,Southeast/Bayside (CA0037664),"18, 19, 22, 23, 24, 25, 26, 27, 28",CSD-018–028,"Mission Creek System (9 outfalls, CSD-018 to 028)",Central (Mission Creek),Mission Creek / China Basin,1.9,1.0,parsed,SEP_2012-04_724783_955718_April_2012_Bayside_Wet_Weather_Summary.pdf,724783,,page header said 2012-03
2012-04-12,Southeast/Bayside (CA0037664),29,CSD-029,Mariposa Street,Central (Islais Creek),Islais Creek,1.4,0.0,parsed,SEP_2012-04_724783_955718_April_2012_Bayside_Wet_Weather_Summary.pdf,724783,,page header said 2012-03
2012-04-12,Southeast/Bayside (CA0037664),"30, 30a",CSD-030/030A,Twentieth Street (20th St and 22nd St),Central (Islais Creek),Islais Creek,1.5,0.0,parsed,SEP_2012-04_724783_955718_April_2012_Bayside_Wet_Weather_Summary.pdf,724783,,page header said 2012-03
2012-04-12,Southeast/Bayside (CA0037664),"31, 32, 33, 35",CSD-031–035,"Islais Creek System (CSD-031, 031A, 032, 033, 035)",Central (Islais Creek),Islais Creek,2.4,0.0,parsed,SEP_2012-04_724783_955718_April_2012_Bayside_Wet_Weather_Summary.pdf,724783,,page header said 2012-03
2012-04-13,Southeast/Bayside (CA0037664),"18, 19, 22, 23, 24, 25, 26, 27, 28",CSD-018–028,"Mission Creek System (9 outfalls, CSD-018 to 028)",Central (Mission Creek),Mission Creek / China Basin,1.3,0.0,parsed,SEP_2012-04_724783_955718_April_2012_Bayside_Wet_Weather_Summary.pdf,724783,,page header said 2012-03
2012-04-13,Southeast/Bayside (CA0037664),"31, 32, 33, 35",CSD-031–035,"Islais Creek System (CSD-031, 031A, 032, 033, 035)",Central (Islais Creek),Islais Creek,5.1,0.0,parsed,SEP_2012-04_724783_955718_April_2012_Bayside_Wet_Weather_Summary.pdf,724783,,page header said 2012-03
2012-10-22,Southeast/Bayside (CA0037664),29,CSD-029,Mariposa Street,Central (Islais Creek),Islais Creek,0.0,1.0,parsed,SEP_2012-10_724789_1096996_October_2012_Wet_Weather_Report.pdf,724789,,
2012-10-23,Southeast/Bayside (CA0037664),"18, 19, 22, 23, 24, 25, 26, 27, 28",CSD-018–028,"Mission Creek System (9 outfalls, CSD-018 to 028)",Central (Mission Creek),Mission Creek / China Basin,0.4,0.0,parsed,SEP_2012-10_724789_1096996_October_2012_Wet_Weather_Report.pdf,724789,,
2012-11-20,Southeast/Bayside (CA0037664),"18, 19, 22, 23, 24, 25, 26, 27, 28",CSD-018–028,"Mission Creek System (9 outfalls, CSD-018 to 028)",Central (Mission Creek),Mission Creek / China Basin,0.2,1.0,parsed,SEP_2012-11_724790_1108183_November_2012_Bayside_Wet_Weather.pdf,724790,,
2012-11-21,Southeast/Bayside (CA0037664),"18, 19, 22, 23, 24, 25, 26, 27, 28",CSD-018–028,"Mission Creek System (9 outfalls, CSD-018 to 028)",Central (Mission Creek),Mission Creek / China Basin,0.4,0.0,parsed,SEP_2012-11_724790_1108183_November_2012_Bayside_Wet_Weather.pdf,724790,,
2012-11-21,Southeast/Bayside (CA0037664),29,CSD-029,Mariposa Street,Central (Islais Creek),Islais Creek,0.6,0.0,parsed,SEP_2012-11_724790_1108183_November_2012_Bayside_Wet_Weather.pdf,724790,,
2012-11-21,Southeast/Bayside (CA0037664),"31, 32, 33, 35",CSD-031–035,"Islais Creek System (CSD-031, 031A, 032, 033, 035)",Central (Islais Creek),Islais Creek,0.4,0.0,parsed,SEP_2012-11_724790_1108183_November_2012_Bayside_Wet_Weather.pdf,724790,,
2012-11-30,Southeast/Bayside (CA0037664),009,CSD-009,Baker Street,North Shore,SF Bay - North Shore waterfront,1.7,1.0,parsed,SEP_2012-11_724790_1108183_November_2012_Bayside_Wet_Weather.pdf,724790,,
2012-11-30,Southeast/Bayside (CA0037664),010,CSD-010,Pierce Street,North Shore,SF Bay - North Shore waterfront,1.7,0.0,parsed,SEP_2012-11_724790_1108183_November_2012_Bayside_Wet_Weather.pdf,724790,,
2012-11-30,Southeast/Bayside (CA0037664),013,CSD-013,Beach Street,North Shore,SF Bay - North Shore waterfront,1.7,0.0,parsed,SEP_2012-11_724790_1108183_November_2012_Bayside_Wet_Weather.pdf,724790,,
2012-11-30,Southeast/Bayside (CA0037664),015,CSD-015,Sansome Street,North Shore,SF Bay - North Shore waterfront,1.7,0.0,parsed,SEP_2012-11_724790_1108183_November_2012_Bayside_Wet_Weather.pdf,724790,,
2012-11-30,Southeast/Bayside (CA0037664),017,CSD-017,Jackson Street,North Shore,SF Bay - North Shore waterfront,1.7,0.0,parsed,SEP_2012-11_724790_1108183_November_2012_Bayside_Wet_Weather.pdf,724790,,
2012-11-30,Southeast/Bayside (CA0037664),"18, 19, 22, 23, 24, 25, 26, 27, 28",CSD-018–028,"Mission Creek System (9 outfalls, CSD-018 to 028)",Central (Mission Creek),Mission Creek / China Basin,0.3,1.0,parsed,SEP_2012-11_724790_1108183_November_2012_Bayside_Wet_Weather.pdf,724790,,
2012-11-30,Southeast/Bayside (CA0037664),"31, 32, 33, 35",CSD-031–035,"Islais Creek System (CSD-031, 031A, 032, 033, 035)",Central (Islais Creek),Islais Creek,2.3,0.0,parsed,SEP_2012-11_724790_1108183_November_2012_Bayside_Wet_Weather.pdf,724790,,
2012-12-01,Southeast/Bayside (CA0037664),"18, 19, 22, 23, 24, 25, 26, 27, 28",CSD-018–028,"Mission Creek System (9 outfalls, CSD-018 to 028)",Central (Mission Creek),Mission Creek / China Basin,0.5,1.0,parsed,SEP_2012-12_724791_1177525_December_2012_Wet_Weather_Report.pdf,724791,,
2012-12-02,Southeast/Bayside (CA0037664),009,CSD-009,Baker Street,North Shore,SF Bay - North Shore waterfront,0.3,1.0,parsed,SEP_2012-12_724791_1177525_December_2012_Wet_Weather_Report.pdf,724791,,
2012-12-02,Southeast/Bayside (CA0037664),010,CSD-010,Pierce Street,North Shore,SF Bay - North Shore waterfront,0.3,0.0,parsed,SEP_2012-12_724791_1177525_December_2012_Wet_Weather_Report.pdf,724791,,
2012-12-02,Southeast/Bayside (CA0037664),015,CSD-015,Sansome Street,North Shore,SF Bay - North Shore waterfront,0.3,0.0,parsed,SEP_2012-12_724791_1177525_December_2012_Wet_Weather_Report.pdf,724791,,
2012-12-02,Southeast/Bayside (CA0037664),"18, 19, 22, 23, 24, 25, 26, 27, 28",CSD-018–028,"Mission Creek System (9 outfalls, CSD-018 to 028)",Central (Mission Creek),Mission Creek / China Basin,1.7,0.0,parsed,SEP_2012-12_724791_1177525_December_2012_Wet_Weather_Report.pdf,724791,,
2012-12-02,Southeast/Bayside (CA0037664),29,CSD-029,Mariposa Street,Central (Islais Creek),Islais Creek,0.3,0.0,parsed,SEP_2012-12_724791_1177525_December_2012_Wet_Weather_Report.pdf,724791,,
2012-12-02,Southeast/Bayside (CA0037664),"31, 32, 33, 35",CSD-031–035,"Islais Creek System (CSD-031, 031A, 032, 033, 035)",Central (Islais Creek),Islais Creek,1.0,0.0,parsed,SEP_2012-12_724791_1177525_December_2012_Wet_Weather_Report.pdf,724791,,
2012-12-02,Southeast/Bayside (CA0037664),"#40, #41, #42",CSD-040–042,"Griffith Street System (CSD-040, 041, 042)",Southeast,SF Bay - Southeast (Yosemite Slough / Candlestick),0.22,1.0,parsed,SEP_2012-12_724791_1177525_December_2012_Wet_Weather_Report.pdf,724791,,
2012-12-02,Southeast/Bayside (CA0037664),#43,CSD-043,Sunnydale Avenue,Southeast,SF Bay - Southeast (Yosemite Slough / Candlestick),0.63,0.0,parsed,SEP_2012-12_724791_1177525_December_2012_Wet_Weather_Report.pdf,724791,,
2012-12-05,Southeast/Bayside (CA0037664),009,CSD-009,Baker Street,North Shore,SF Bay - North Shore waterfront,0.0,1.0,parsed,SEP_2012-12_724791_1177525_December_2012_Wet_Weather_Report.pdf,724791,,
2012-12-05,Southeast/Bayside (CA0037664),"18, 19, 22, 23, 24, 25, 26, 27, 28",CSD-018–028,"Mission Creek System (9 outfalls, CSD-018 to 028)",Central (Mission Creek),Mission Creek / China Basin,0.3,1.0,parsed,SEP_2012-12_724791_1177525_December_2012_Wet_Weather_Report.pdf,724791,,
2012-12-05,Southeast/Bayside (CA0037664),29,CSD-029,Mariposa Street,Central (Islais Creek),Islais Creek,0.3,0.0,parsed,SEP_2012-12_724791_1177525_December_2012_Wet_Weather_Report.pdf,724791,,
2012-12-05,Southeast/Bayside (CA0037664),"31, 32, 33, 35",CSD-031–035,"Islais Creek System (CSD-031, 031A, 032, 033, 035)",Central (Islais Creek),Islais Creek,1.3,0.0,parsed,SEP_2012-12_724791_1177525_December_2012_Wet_Weather_Report.pdf,724791,,
2012-12-22,Southeast/Bayside (CA0037664),"18, 19, 22, 23, 24, 25, 26, 27, 28",CSD-018–028,"Mission Creek System (9 outfalls, CSD-018 to 028)",Central (Mission Creek),Mission Creek / China Basin,1.2,1.0,parsed,SEP_2012-12_724791_1177525_December_2012_Wet_Weather_Report.pdf,724791,,
2012-12-22,Southeast/Bayside (CA0037664),29,CSD-029,Mariposa Street,Central (Islais Creek),Islais Creek,0.1,0.0,parsed,SEP_2012-12_724791_1177525_December_2012_Wet_Weather_Report.pdf,724791,,
2012-12-23,Southeast/Bayside (CA0037664),"18, 19, 22, 23, 24, 25, 26, 27, 28",CSD-018–028,"Mission Creek System (9 outfalls, CSD-018 to 028)",Central (Mission Creek),Mission Creek / China Basin,3.1,1.0,parsed,SEP_2012-12_724791_1177525_December_2012_Wet_Weather_Report.pdf,724791,,
2012-12-23,Southeast/Bayside (CA0037664),29,CSD-029,Mariposa Street,Central (Islais Creek),Islais Creek,0.8,0.0,parsed,SEP_2012-12_724791_1177525_December_2012_Wet_Weather_Report.pdf,724791,,
2012-12-23,Southeast/Bayside (CA0037664),"31, 32, 33, 35",CSD-031–035,"Islais Creek System (CSD-031, 031A, 032, 033, 035)",Central (Islais Creek),Islais Creek,4.4,0.0,parsed,SEP_2012-12_724791_1177525_December_2012_Wet_Weather_Report.pdf,724791,,
2012-12-25,Southeast/Bayside (CA0037664),"18, 19, 22, 23, 24, 25, 26, 27, 28",CSD-018–028,"Mission Creek System (9 outfalls, CSD-018 to 028)",Central (Mission Creek),Mission Creek / China Basin,1.1,1.0,parsed,SEP_2012-12_724791_1177525_December_2012_Wet_Weather_Report.pdf,724791,,
2012-12-25,Southeast/Bayside (CA0037664),29,CSD-029,Mariposa Street,Central (Islais Creek),Islais Creek,0.9,0.0,parsed,SEP_2012-12_724791_1177525_December_2012_Wet_Weather_Report.pdf,724791,,
2012-12-25,Southeast/Bayside (CA0037664),"31, 32, 33, 35",CSD-031–035,"Islais Creek System (CSD-031, 031A, 032, 033, 035)",Central (Islais Creek),Islais Creek,3.2,0.0,parsed,SEP_2012-12_724791_1177525_December_2012_Wet_Weather_Report.pdf,724791,,
2013-09-21,Southeast/Bayside (CA0037664),"31, 31A, 32, 33, 35",CSD-031–035,"Islais Creek System (CSD-031, 031A, 032, 033, 035)",Central (Islais Creek),Islais Creek,0.3,1.0,parsed,SEP_2013-09_1335124_1353602_September_2013_Wet_Weather_Report.pdf,1335124,,
2013-11-20,Southeast/Bayside (CA0037664),"18, 19, 22, 23, 24, 25, 26, 27, 28",CSD-018–028,"Mission Creek System (9 outfalls, CSD-018 to 028)",Central (Mission Creek),Mission Creek / China Basin,1.7,1.0,parsed,SEP_2013-11_1348835_1370128_November_2013_Wet_Weather_Report.pdf,1348835,,
2013-11-20,Southeast/Bayside (CA0037664),29,CSD-029,Mariposa Street,Central (Islais Creek),Islais Creek,0.6,0.0,parsed,SEP_2013-11_1348835_1370128_November_2013_Wet_Weather_Report.pdf,1348835,,
2013-11-20,Southeast/Bayside (CA0037664),"31, 32, 33, 35",CSD-031–035,"Islais Creek System (CSD-031, 031A, 032, 033, 035)",Central (Islais Creek),Islais Creek,1.1,0.0,parsed,SEP_2013-11_1348835_1370128_November_2013_Wet_Weather_Report.pdf,1348835,,
2014-02-08,Southeast/Bayside (CA0037664),"31, 32, 33, 35",CSD-031–035,"Islais Creek System (CSD-031, 031A, 032, 033, 035)",Central (Islais Creek),Islais Creek,4.5,1.0,parsed,SEP_2014-02_1348838_1419483_February_2014_Bayside_WW_Report.pdf,1348838,,"added 2026-10-06: this month's attachment is named 'WW Report', which the scraper's 'wet weather' filter skipped"
2014-02-09,Southeast/Bayside (CA0037664),009,CSD-009,Baker Street,North Shore,SF Bay - North Shore waterfront,1.0,1.0,parsed,SEP_2014-02_1348838_1419483_February_2014_Bayside_WW_Report.pdf,1348838,,"added 2026-10-06: this month's attachment is named 'WW Report', which the scraper's 'wet weather' filter skipped"
2014-02-09,Southeast/Bayside (CA0037664),010,CSD-010,Pierce Street,North Shore,SF Bay - North Shore waterfront,1.0,,parsed,SEP_2014-02_1348838_1419483_February_2014_Bayside_WW_Report.pdf,1348838,,"added 2026-10-06: this month's attachment is named 'WW Report', which the scraper's 'wet weather' filter skipped"
2014-02-09,Southeast/Bayside (CA0037664),013,CSD-013,Beach Street,North Shore,SF Bay - North Shore waterfront,1.0,,parsed,SEP_2014-02_1348838_1419483_February_2014_Bayside_WW_Report.pdf,1348838,,"added 2026-10-06: this month's attachment is named 'WW Report', which the scraper's 'wet weather' filter skipped"
2014-02-09,Southeast/Bayside (CA0037664),015,CSD-015,Sansome Street,North Shore,SF Bay - North Shore waterfront,1.0,,parsed,SEP_2014-02_1348838_1419483_February_2014_Bayside_WW_Report.pdf,1348838,,"added 2026-10-06: this month's attachment is named 'WW Report', which the scraper's 'wet weather' filter skipped"
2014-02-09,Southeast/Bayside (CA0037664),017,CSD-017,Jackson Street,North Shore,SF Bay - North Shore waterfront,1.0,,parsed,SEP_2014-02_1348838_1419483_February_2014_Bayside_WW_Report.pdf,1348838,,"added 2026-10-06: this month's attachment is named 'WW Report', which the scraper's 'wet weather' filter skipped"
2014-02-09,Southeast/Bayside (CA0037664),"31, 32, 33, 35",CSD-031–035,"Islais Creek System (CSD-031, 031A, 032, 033, 035)",Central (Islais Creek),Islais Creek,2.7,1.0,parsed,SEP_2014-02_1348838_1419483_February_2014_Bayside_WW_Report.pdf,1348838,,"added 2026-10-06: this month's attachment is named 'WW Report', which the scraper's 'wet weather' filter skipped"
2014-02-26,Southeast/Bayside (CA0037664),"31, 32, 33, 35",CSD-031–035,"Islais Creek System (CSD-031, 031A, 032, 033, 035)",Central (Islais Creek),Islais Creek,4.5,1.0,parsed,SEP_2014-02_1348838_1419483_February_2014_Bayside_WW_Report.pdf,1348838,,"added 2026-10-06: this month's attachment is named 'WW Report', which the scraper's 'wet weather' filter skipped"
2014-02-28,Southeast/Bayside (CA0037664),"31, 32, 33, 35",CSD-031–035,"Islais Creek System (CSD-031, 031A, 032, 033, 035)",Central (Islais Creek),Islais Creek,0.5,1.0,parsed,SEP_2014-02_1348838_1419483_February_2014_Bayside_WW_Report.pdf,1348838,,"added 2026-10-06: this month's attachment is named 'WW Report', which the scraper's 'wet weather' filter skipped"
2014-03-29,Southeast/Bayside (CA0037664),"18, 19, 22, 23, 24, 25, 26, 27, 28",CSD-018–028,"Mission Creek System (9 outfalls, CSD-018 to 028)",Central (Mission Creek),Mission Creek / China Basin,1.1,1.0,parsed,SEP_2014-03_1348839_1433585_March_2014_Bayside_Wet_Weather_Report.pdf,1348839,,
2014-03-29,Southeast/Bayside (CA0037664),"31, 32, 33, 35",CSD-031–035,"Islais Creek System (CSD-031, 031A, 032, 033, 035)",Central (Islais Creek),Islais Creek,2.0,0.0,parsed,SEP_2014-03_1348839_1433585_March_2014_Bayside_Wet_Weather_Report.pdf,1348839,,
2014-03-31,Southeast/Bayside (CA0037664),"18, 19, 22, 23, 24, 25, 26, 27, 28",CSD-018–028,"Mission Creek System (9 outfalls, CSD-018 to 028)",Central (Mission Creek),Mission Creek / China Basin,0.2,1.0,parsed,SEP_2014-03_1348839_1433585_March_2014_Bayside_Wet_Weather_Report.pdf,1348839,,
2014-03-31,Southeast/Bayside (CA0037664),"31, 32, 33, 35",CSD-031–035,"Islais Creek System (CSD-031, 031A, 032, 033, 035)",Central (Islais Creek),Islais Creek,2.5,0.0,parsed,SEP_2014-03_1348839_1433585_March_2014_Bayside_Wet_Weather_Report.pdf,1348839,,
2014-11-20,Southeast/Bayside (CA0037664),009,CSD-009,Baker Street,North Shore,SF Bay - North Shore waterfront,0.2,1.0,parsed,SEP_2014-11_1348847_1543316_2014_November_Bayside_Wet_Weather_Report.pdf,1348847,,
2014-11-20,Southeast/Bayside (CA0037664),010,CSD-010,Pierce Street,North Shore,SF Bay - North Shore waterfront,1.0,0.0,parsed,SEP_2014-11_1348847_1543316_2014_November_Bayside_Wet_Weather_Report.pdf,1348847,,
2014-11-20,Southeast/Bayside (CA0037664),013,CSD-013,Beach Street,North Shore,SF Bay - North Shore waterfront,0.4,0.0,parsed,SEP_2014-11_1348847_1543316_2014_November_Bayside_Wet_Weather_Report.pdf,1348847,,
2014-12-02,Southeast/Bayside (CA0037664),009,CSD-009,Baker Street,North Shore,SF Bay - North Shore waterfront,0.6,1.0,parsed,SEP_2014-12_1348848_1568017_2014_December_Bayside_Wet_Weather_Report.pdf,1348848,,
2014-12-02,Southeast/Bayside (CA0037664),010,CSD-010,Pierce Street,North Shore,SF Bay - North Shore waterfront,2.9,0.0,parsed,SEP_2014-12_1348848_1568017_2014_December_Bayside_Wet_Weather_Report.pdf,1348848,,
2014-12-02,Southeast/Bayside (CA0037664),017,CSD-017,Jackson Street,North Shore,SF Bay - North Shore waterfront,3.4,0.0,parsed,SEP_2014-12_1348848_1568017_2014_December_Bayside_Wet_Weather_Report.pdf,1348848,,
2014-12-02,Southeast/Bayside (CA0037664),"18, 19, 22, 23, 24, 25, 26, 27, 28",CSD-018–028,"Mission Creek System (9 outfalls, CSD-018 to 028)",Central (Mission Creek),Mission Creek / China Basin,1.9,1.0,parsed,SEP_2014-12_1348848_1568017_2014_December_Bayside_Wet_Weather_Report.pdf,1348848,,
2014-12-02,Southeast/Bayside (CA0037664),"31, 32, 33, 35",CSD-031–035,"Islais Creek System (CSD-031, 031A, 032, 033, 035)",Central (Islais Creek),Islais Creek,5.5,0.0,parsed,SEP_2014-12_1348848_1568017_2014_December_Bayside_Wet_Weather_Report.pdf,1348848,,
2014-12-03,Southeast/Bayside (CA0037664),009,CSD-009,Baker Street,North Shore,SF Bay - North Shore waterfront,1.0,1.0,parsed,SEP_2014-12_1348848_1568017_2014_December_Bayside_Wet_Weather_Report.pdf,1348848,,
2014-12-03,Southeast/Bayside (CA0037664),010,CSD-010,Pierce Street,North Shore,SF Bay - North Shore waterfront,1.4,0.0,parsed,SEP_2014-12_1348848_1568017_2014_December_Bayside_Wet_Weather_Report.pdf,1348848,,
2014-12-03,Southeast/Bayside (CA0037664),013,CSD-013,Beach Street,North Shore,SF Bay - North Shore waterfront,1.0,0.0,parsed,SEP_2014-12_1348848_1568017_2014_December_Bayside_Wet_Weather_Report.pdf,1348848,,
2014-12-03,Southeast/Bayside (CA0037664),015,CSD-015,Sansome Street,North Shore,SF Bay - North Shore waterfront,1.4,0.0,parsed,SEP_2014-12_1348848_1568017_2014_December_Bayside_Wet_Weather_Report.pdf,1348848,,
2014-12-03,Southeast/Bayside (CA0037664),017,CSD-017,Jackson Street,North Shore,SF Bay - North Shore waterfront,1.3,0.0,parsed,SEP_2014-12_1348848_1568017_2014_December_Bayside_Wet_Weather_Report.pdf,1348848,,
2014-12-03,Southeast/Bayside (CA0037664),"18, 19, 22, 23, 24, 25, 26, 27, 28",CSD-018–028,"Mission Creek System (9 outfalls, CSD-018 to 028)",Central (Mission Creek),Mission Creek / China Basin,2.6,1.0,parsed,SEP_2014-12_1348848_1568017_2014_December_Bayside_Wet_Weather_Report.pdf,1348848,,
2014-12-03,Southeast/Bayside (CA0037664),29,CSD-029,Mariposa Street,Central (Islais Creek),Islais Creek,1.6,0.0,parsed,SEP_2014-12_1348848_1568017_2014_December_Bayside_Wet_Weather_Report.pdf,1348848,,
2014-12-03,Southeast/Bayside (CA0037664),"30, 30a",CSD-030/030A,Twentieth Street (20th St and 22nd St),Central (Islais Creek),Islais Creek,2.4,0.0,parsed,SEP_2014-12_1348848_1568017_2014_December_Bayside_Wet_Weather_Report.pdf,1348848,,
2014-12-03,Southeast/Bayside (CA0037664),"31, 32, 33, 35",CSD-031–035,"Islais Creek System (CSD-031, 031A, 032, 033, 035)",Central (Islais Creek),Islais Creek,5.3,0.0,parsed,SEP_2014-12_1348848_1568017_2014_December_Bayside_Wet_Weather_Report.pdf,1348848,,
2014-12-03,Southeast/Bayside (CA0037664),"37, 38",CSD-037/038,Evans and Hudson,Southeast,SF Bay - Southeast (Yosemite Slough / Candlestick),0.9,0.0,parsed,SEP_2014-12_1348848_1568017_2014_December_Bayside_Wet_Weather_Report.pdf,1348848,,
2014-12-03,Southeast/Bayside (CA0037664),"40, 41, 42",CSD-040–042,"Griffith Street System (CSD-040, 041, 042)",Southeast,SF Bay - Southeast (Yosemite Slough / Candlestick),1.47,1.0,parsed,SEP_2014-12_1348848_1568017_2014_December_Bayside_Wet_Weather_Report.pdf,1348848,,
2014-12-03,Southeast/Bayside (CA0037664),43,CSD-043,Sunnydale Avenue,Southeast,SF Bay - Southeast (Yosemite Slough / Candlestick),1.35,0.0,parsed,SEP_2014-12_1348848_1568017_2014_December_Bayside_Wet_Weather_Report.pdf,1348848,,
2014-12-11,Southeast/Bayside (CA0037664),009,CSD-009,Baker Street,North Shore,SF Bay - North Shore waterfront,3.6,1.0,parsed,SEP_2014-12_1348848_1568017_2014_December_Bayside_Wet_Weather_Report.pdf,1348848,,
2014-12-11,Southeast/Bayside (CA0037664),010,CSD-010,Pierce Street,North Shore,SF Bay - North Shore waterfront,14.7,0.0,parsed,SEP_2014-12_1348848_1568017_2014_December_Bayside_Wet_Weather_Report.pdf,1348848,,
2014-12-11,Southeast/Bayside (CA0037664),013,CSD-013,Beach Street,North Shore,SF Bay - North Shore waterfront,3.1,0.0,parsed,SEP_2014-12_1348848_1568017_2014_December_Bayside_Wet_Weather_Report.pdf,1348848,,
2014-12-11,Southeast/Bayside (CA0037664),015,CSD-015,Sansome Street,North Shore,SF Bay - North Shore waterfront,1.4,0.0,parsed,SEP_2014-12_1348848_1568017_2014_December_Bayside_Wet_Weather_Report.pdf,1348848,,
2014-12-11,Southeast/Bayside (CA0037664),017,CSD-017,Jackson Street,North Shore,SF Bay - North Shore waterfront,15.2,0.0,parsed,SEP_2014-12_1348848_1568017_2014_December_Bayside_Wet_Weather_Report.pdf,1348848,,
2014-12-11,Southeast/Bayside (CA0037664),"18, 19, 22, 23, 24, 25, 26, 27, 28",CSD-018–028,"Mission Creek System (9 outfalls, CSD-018 to 028)",Central (Mission Creek),Mission Creek / China Basin,9.7,1.0,parsed,SEP_2014-12_1348848_1568017_2014_December_Bayside_Wet_Weather_Report.pdf,1348848,,
2014-12-11,Southeast/Bayside (CA0037664),29,CSD-029,Mariposa Street,Central (Islais Creek),Islais Creek,2.9,0.0,parsed,SEP_2014-12_1348848_1568017_2014_December_Bayside_Wet_Weather_Report.pdf,1348848,,
2014-12-11,Southeast/Bayside (CA0037664),"30, 30a",CSD-030/030A,Twentieth Street (20th St and 22nd St),Central (Islais Creek),Islais Creek,12.6,0.0,parsed,SEP_2014-12_1348848_1568017_2014_December_Bayside_Wet_Weather_Report.pdf,1348848,,
2014-12-11,Southeast/Bayside (CA0037664),"31, 32, 33, 35",CSD-031–035,"Islais Creek System (CSD-031, 031A, 032, 033, 035)",Central (Islais Creek),Islais Creek,15.8,0.0,parsed,SEP_2014-12_1348848_1568017_2014_December_Bayside_Wet_Weather_Report.pdf,1348848,,
2014-12-11,Southeast/Bayside (CA0037664),"37, 38",CSD-037/038,Evans and Hudson,Southeast,SF Bay - Southeast (Yosemite Slough / Candlestick),0.4,0.0,parsed,SEP_2014-12_1348848_1568017_2014_December_Bayside_Wet_Weather_Report.pdf,1348848,,
2014-12-11,Southeast/Bayside (CA0037664),"40, 41, 42",CSD-040–042,"Griffith Street System (CSD-040, 041, 042)",Southeast,SF Bay - Southeast (Yosemite Slough / Candlestick),3.38,0.0,parsed,SEP_2014-12_1348848_1568017_2014_December_Bayside_Wet_Weather_Report.pdf,1348848,,
2014-12-11,Southeast/Bayside (CA0037664),43,CSD-043,Sunnydale Avenue,Southeast,SF Bay - Southeast (Yosemite Slough / Candlestick),7.87,1.0,parsed,SEP_2014-12_1348848_1568017_2014_December_Bayside_Wet_Weather_Report.pdf,1348848,,
2014-12-12,Southeast/Bayside (CA0037664),"31, 32, 33, 35",CSD-031–035,"Islais Creek System (CSD-031, 031A, 032, 033, 035)",Central (Islais Creek),Islais Creek,3.1,0.0,parsed,SEP_2014-12_1348848_1568017_2014_December_Bayside_Wet_Weather_Report.pdf,1348848,,
2014-12-15,Southeast/Bayside (CA0037664),"18, 19, 22, 23, 24, 25, 26, 27, 28",CSD-018–028,"Mission Creek System (9 outfalls, CSD-018 to 028)",Central (Mission Creek),Mission Creek / China Basin,2.2,1.0,parsed,SEP_2014-12_1348848_1568017_2014_December_Bayside_Wet_Weather_Report.pdf,1348848,,
2014-12-15,Southeast/Bayside (CA0037664),"31, 32, 33, 35",CSD-031–035,"Islais Creek System (CSD-031, 031A, 032, 033, 035)",Central (Islais Creek),Islais Creek,1.5,0.0,parsed,SEP_2014-12_1348848_1568017_2014_December_Bayside_Wet_Weather_Report.pdf,1348848,,
2014-12-16,Southeast/Bayside (CA0037664),"18, 19, 22, 23, 24, 25, 26, 27, 28",CSD-018–028,"Mission Creek System (9 outfalls, CSD-018 to 028)",Central (Mission Creek),Mission Creek / China Basin,0.6,2.0,parsed,SEP_2014-12_1348848_1568017_2014_December_Bayside_Wet_Weather_Report.pdf,1348848,,
2014-12-19,Southeast/Bayside (CA0037664),009,CSD-009,Baker Street,North Shore,SF Bay - North Shore waterfront,0.9,1.0,parsed,SEP_2014-12_1348848_1568017_2014_December_Bayside_Wet_Weather_Report.pdf,1348848,,
2014-12-19,Southeast/Bayside (CA0037664),010,CSD-010,Pierce Street,North Shore,SF Bay - North Shore waterfront,1.6,0.0,parsed,SEP_2014-12_1348848_1568017_2014_December_Bayside_Wet_Weather_Report.pdf,1348848,,
2014-12-19,Southeast/Bayside (CA0037664),013,CSD-013,Beach Street,North Shore,SF Bay - North Shore waterfront,1.8,0.0,parsed,SEP_2014-12_1348848_1568017_2014_December_Bayside_Wet_Weather_Report.pdf,1348848,,
2014-12-19,Southeast/Bayside (CA0037664),017,CSD-017,Jackson Street,North Shore,SF Bay - North Shore waterfront,1.8,0.0,parsed,SEP_2014-12_1348848_1568017_2014_December_Bayside_Wet_Weather_Report.pdf,1348848,,
2014-12-19,Southeast/Bayside (CA0037664),"18, 19, 22, 23, 24, 25, 26, 27, 28",CSD-018–028,"Mission Creek System (9 outfalls, CSD-018 to 028)",Central (Mission Creek),Mission Creek / China Basin,1.1,1.0,parsed,SEP_2014-12_1348848_1568017_2014_December_Bayside_Wet_Weather_Report.pdf,1348848,,
2014-12-19,Southeast/Bayside (CA0037664),"31, 32, 33, 35",CSD-031–035,"Islais Creek System (CSD-031, 031A, 032, 033, 035)",Central (Islais Creek),Islais Creek,0.7,0.0,parsed,SEP_2014-12_1348848_1568017_2014_December_Bayside_Wet_Weather_Report.pdf,1348848,,
2015-02-08,Southeast/Bayside (CA0037664),"18, 19, 22, 23, 24, 25, 26, 27, 28",CSD-018–028,"Mission Creek System (9 outfalls, CSD-018 to 028)",Central (Mission Creek),Mission Creek / China Basin,1.3,1.0,parsed,SEP_2015-02_1348850_1597222_2015_February_Bayside_Wet_Weather_Report.pdf,1348850,,
2015-02-08,Southeast/Bayside (CA0037664),29,CSD-029,Mariposa Street,Central (Islais Creek),Islais Creek,0.2,0.0,parsed,SEP_2015-02_1348850_1597222_2015_February_Bayside_Wet_Weather_Report.pdf,1348850,,
2015-02-08,Southeast/Bayside (CA0037664),"31, 32, 33, 35",CSD-031–035,"Islais Creek System (CSD-031, 031A, 032, 033, 035)",Central (Islais Creek),Islais Creek,3.0,0.0,parsed,SEP_2015-02_1348850_1597222_2015_February_Bayside_Wet_Weather_Report.pdf,1348850,,
2015-04-25,Southeast/Bayside (CA0037664),"18, 19, 22, 23, 24, 25, 26, 27, 28",CSD-018–028,"Mission Creek System (9 outfalls, CSD-018 to 028)",Central (Mission Creek),Mission Creek / China Basin,0.7,1.0,parsed,SEP_2015-04_1348852_1662750_2015_April_Wet_Weather_Report.pdf,1348852,,
2015-04-25,Southeast/Bayside (CA0037664),"31, 32, 33, 35",CSD-031–035,"Islais Creek System (CSD-031, 031A, 032, 033, 035)",Central (Islais Creek),Islais Creek,1.5,0.0,parsed,SEP_2015-04_1348852_1662750_2015_April_Wet_Weather_Report.pdf,1348852,,
2015-12-13,Southeast/Bayside (CA0037664),"18, 19, 22, 23, 24, 25, 26, 27, 28",CSD-018–028,"Mission Creek System (9 outfalls, CSD-018 to 028)",Central (Mission Creek),Mission Creek / China Basin,1.8,1.0,parsed,SEP_2015-12_1348860_1733190_2015_December_Bayside_Wet_Weather_Report.pdf,1348860,,
2015-12-13,Southeast/Bayside (CA0037664),29,CSD-029,Mariposa Street,Central (Islais Creek),Islais Creek,0.4,0.0,parsed,SEP_2015-12_1348860_1733190_2015_December_Bayside_Wet_Weather_Report.pdf,1348860,,
2015-12-13,Southeast/Bayside (CA0037664),"31, 32, 33, 35",CSD-031–035,"Islais Creek System (CSD-031, 031A, 032, 033, 035)",Central (Islais Creek),Islais Creek,1.8,0.0,parsed,SEP_2015-12_1348860_1733190_2015_December_Bayside_Wet_Weather_Report.pdf,1348860,,
2015-12-13,Southeast/Bayside (CA0037664),"37, 38",CSD-037/038,Evans and Hudson,Southeast,SF Bay - Southeast (Yosemite Slough / Candlestick),0.2,1.0,parsed,SEP_2015-12_1348860_1733190_2015_December_Bayside_Wet_Weather_Report.pdf,1348860,,
2015-12-20,Southeast/Bayside (CA0037664),009,CSD-009,Baker Street,North Shore,SF Bay - North Shore waterfront,1.5,0.0,parsed,SEP_2015-12_1348860_1733190_2015_December_Bayside_Wet_Weather_Report.pdf,1348860,,
2015-12-20,Southeast/Bayside (CA0037664),010,CSD-010,Pierce Street,North Shore,SF Bay - North Shore waterfront,2.6,0.0,parsed,SEP_2015-12_1348860_1733190_2015_December_Bayside_Wet_Weather_Report.pdf,1348860,,
2015-12-20,Southeast/Bayside (CA0037664),015,CSD-015,Sansome Street,North Shore,SF Bay - North Shore waterfront,0.4,0.0,parsed,SEP_2015-12_1348860_1733190_2015_December_Bayside_Wet_Weather_Report.pdf,1348860,,
2015-12-20,Southeast/Bayside (CA0037664),017,CSD-017,Jackson Street,North Shore,SF Bay - North Shore waterfront,2.7,1.0,parsed,SEP_2015-12_1348860_1733190_2015_December_Bayside_Wet_Weather_Report.pdf,1348860,,
2015-12-20,Southeast/Bayside (CA0037664),"18, 19, 22, 23, 24, 25, 26, 27, 28",CSD-018–028,"Mission Creek System (9 outfalls, CSD-018 to 028)",Central (Mission Creek),Mission Creek / China Basin,4.3,1.0,parsed,SEP_2015-12_1348860_1733190_2015_December_Bayside_Wet_Weather_Report.pdf,1348860,,
2015-12-20,Southeast/Bayside (CA0037664),29,CSD-029,Mariposa Street,Central (Islais Creek),Islais Creek,0.3,0.0,parsed,SEP_2015-12_1348860_1733190_2015_December_Bayside_Wet_Weather_Report.pdf,1348860,,
2015-12-21,Southeast/Bayside (CA0037664),"18, 19, 22, 23, 24, 25, 26, 27, 28",CSD-018–028,"Mission Creek System (9 outfalls, CSD-018 to 028)",Central (Mission Creek),Mission Creek / China Basin,3.1,1.0,parsed,SEP_2015-12_1348860_1733190_2015_December_Bayside_Wet_Weather_Report.pdf,1348860,,
2015-12-21,Southeast/Bayside (CA0037664),"31, 32, 33, 35",CSD-031–035,"Islais Creek System (CSD-031, 031A, 032, 033, 035)",Central (Islais Creek),Islais Creek,10.0,0.0,parsed,SEP_2015-12_1348860_1733190_2015_December_Bayside_Wet_Weather_Report.pdf,1348860,,
2016-01-05,Southeast/Bayside (CA0037664),"18, 19, 22, 23, 24, 25, 26, 27, 28",CSD-018–028,"Mission Creek System (9 outfalls, CSD-018 to 028)",Central (Mission Creek),Mission Creek / China Basin,2.3,1.0,parsed,SEP_2016-01_1348861_1752484_2016_January_Bayside_Wet_Weather_Report.pdf,1348861,,
2016-01-06,Southeast/Bayside (CA0037664),009,CSD-009,Baker Street,North Shore,SF Bay - North Shore waterfront,0.4,1.0,parsed,SEP_2016-01_1348861_1752484_2016_January_Bayside_Wet_Weather_Report.pdf,1348861,,
2016-01-06,Southeast/Bayside (CA0037664),017,CSD-017,Jackson Street,North Shore,SF Bay - North Shore waterfront,1.0,0.0,parsed,SEP_2016-01_1348861_1752484_2016_January_Bayside_Wet_Weather_Report.pdf,1348861,,
2016-01-06,Southeast/Bayside (CA0037664),"18, 19, 22, 23, 24, 25, 26, 27, 28",CSD-018–028,"Mission Creek System (9 outfalls, CSD-018 to 028)",Central (Mission Creek),Mission Creek / China Basin,1.4,1.0,parsed,SEP_2016-01_1348861_1752484_2016_January_Bayside_Wet_Weather_Report.pdf,1348861,,
2016-01-06,Southeast/Bayside (CA0037664),29,CSD-029,Mariposa Street,Central (Islais Creek),Islais Creek,0.3,0.0,parsed,SEP_2016-01_1348861_1752484_2016_January_Bayside_Wet_Weather_Report.pdf,1348861,,
2016-01-06,Southeast/Bayside (CA0037664),"31, 32, 33, 35",CSD-031–035,"Islais Creek System (CSD-031, 031A, 032, 033, 035)",Central (Islais Creek),Islais Creek,6.0,0.0,parsed,SEP_2016-01_1348861_1752484_2016_January_Bayside_Wet_Weather_Report.pdf,1348861,,
2016-01-17,Southeast/Bayside (CA0037664),009,CSD-009,Baker Street,North Shore,SF Bay - North Shore waterfront,0.1,1.0,parsed,SEP_2016-01_1348861_1752484_2016_January_Bayside_Wet_Weather_Report.pdf,1348861,,
2016-01-17,Southeast/Bayside (CA0037664),010,CSD-010,Pierce Street,North Shore,SF Bay - North Shore waterfront,0.4,0.0,parsed,SEP_2016-01_1348861_1752484_2016_January_Bayside_Wet_Weather_Report.pdf,1348861,,
2016-01-17,Southeast/Bayside (CA0037664),015,CSD-015,Sansome Street,North Shore,SF Bay - North Shore waterfront,1.3,0.0,parsed,SEP_2016-01_1348861_1752484_2016_January_Bayside_Wet_Weather_Report.pdf,1348861,,
2016-01-17,Southeast/Bayside (CA0037664),017,CSD-017,Jackson Street,North Shore,SF Bay - North Shore waterfront,0.3,0.0,parsed,SEP_2016-01_1348861_1752484_2016_January_Bayside_Wet_Weather_Report.pdf,1348861,,
2016-01-17,Southeast/Bayside (CA0037664),"18, 19, 22, 23, 24, 25, 26, 27, 28",CSD-018–028,"Mission Creek System (9 outfalls, CSD-018 to 028)",Central (Mission Creek),Mission Creek / China Basin,1.2,1.0,parsed,SEP_2016-01_1348861_1752484_2016_January_Bayside_Wet_Weather_Report.pdf,1348861,,
2016-01-17,Southeast/Bayside (CA0037664),29,CSD-029,Mariposa Street,Central (Islais Creek),Islais Creek,1.6,0.0,parsed,SEP_2016-01_1348861_1752484_2016_January_Bayside_Wet_Weather_Report.pdf,1348861,,
2016-01-17,Southeast/Bayside (CA0037664),"30, 30a",CSD-030/030A,Twentieth Street (20th St and 22nd St),Central (Islais Creek),Islais Creek,1.2,0.0,parsed,SEP_2016-01_1348861_1752484_2016_January_Bayside_Wet_Weather_Report.pdf,1348861,,
2016-01-17,Southeast/Bayside (CA0037664),"31, 32, 33, 35",CSD-031–035,"Islais Creek System (CSD-031, 031A, 032, 033, 035)",Central (Islais Creek),Islais Creek,1.6,0.0,parsed,SEP_2016-01_1348861_1752484_2016_January_Bayside_Wet_Weather_Report.pdf,1348861,,
2016-01-17,Southeast/Bayside (CA0037664),"37, 38",CSD-037/038,Evans and Hudson,Southeast,SF Bay - Southeast (Yosemite Slough / Candlestick),0.2,1.0,parsed,SEP_2016-01_1348861_1752484_2016_January_Bayside_Wet_Weather_Report.pdf,1348861,,
2016-01-17,Southeast/Bayside (CA0037664),"#40, #41, #42",CSD-040–042,"Griffith Street System (CSD-040, 041, 042)",Southeast,SF Bay - Southeast (Yosemite Slough / Candlestick),0.4,0.0,parsed,SEP_2016-01_1348861_1752484_2016_January_Bayside_Wet_Weather_Report.pdf,1348861,,
2016-01-18,Southeast/Bayside (CA0037664),009,CSD-009,Baker Street,North Shore,SF Bay - North Shore waterfront,0.1,0.0,parsed,SEP_2016-01_1348861_1752484_2016_January_Bayside_Wet_Weather_Report.pdf,1348861,,
2016-01-18,Southeast/Bayside (CA0037664),010,CSD-010,Pierce Street,North Shore,SF Bay - North Shore waterfront,0.4,0.0,parsed,SEP_2016-01_1348861_1752484_2016_January_Bayside_Wet_Weather_Report.pdf,1348861,,
2016-01-18,Southeast/Bayside (CA0037664),015,CSD-015,Sansome Street,North Shore,SF Bay - North Shore waterfront,1.3,0.0,parsed,SEP_2016-01_1348861_1752484_2016_January_Bayside_Wet_Weather_Report.pdf,1348861,,
2016-01-18,Southeast/Bayside (CA0037664),017,CSD-017,Jackson Street,North Shore,SF Bay - North Shore waterfront,0.3,0.0,parsed,SEP_2016-01_1348861_1752484_2016_January_Bayside_Wet_Weather_Report.pdf,1348861,,
2016-01-18,Southeast/Bayside (CA0037664),"18, 19, 22, 23, 24, 25, 26, 27, 28",CSD-018–028,"Mission Creek System (9 outfalls, CSD-018 to 028)",Central (Mission Creek),Mission Creek / China Basin,0.6,0.0,parsed,SEP_2016-01_1348861_1752484_2016_January_Bayside_Wet_Weather_Report.pdf,1348861,,
2016-01-18,Southeast/Bayside (CA0037664),29,CSD-029,Mariposa Street,Central (Islais Creek),Islais Creek,0.4,0.0,parsed,SEP_2016-01_1348861_1752484_2016_January_Bayside_Wet_Weather_Report.pdf,1348861,,
2016-01-18,Southeast/Bayside (CA0037664),"30, 30a",CSD-030/030A,Twentieth Street (20th St and 22nd St),Central (Islais Creek),Islais Creek,1.0,0.0,parsed,SEP_2016-01_1348861_1752484_2016_January_Bayside_Wet_Weather_Report.pdf,1348861,,
2016-01-18,Southeast/Bayside (CA0037664),"31, 32, 33, 35",CSD-031–035,"Islais Creek System (CSD-031, 031A, 032, 033, 035)",Central (Islais Creek),Islais Creek,5.2,0.0,parsed,SEP_2016-01_1348861_1752484_2016_January_Bayside_Wet_Weather_Report.pdf,1348861,,
2016-01-18,Southeast/Bayside (CA0037664),"#40, #41, #42",CSD-040–042,"Griffith Street System (CSD-040, 041, 042)",Southeast,SF Bay - Southeast (Yosemite Slough / Candlestick),0.15,0.0,parsed,SEP_2016-01_1348861_1752484_2016_January_Bayside_Wet_Weather_Report.pdf,1348861,,
2016-01-19,Southeast/Bayside (CA0037664),009,CSD-009,Baker Street,North Shore,SF Bay - North Shore waterfront,1.5,1.0,parsed,SEP_2016-01_1348861_1752484_2016_January_Bayside_Wet_Weather_Report.pdf,1348861,,
2016-01-19,Southeast/Bayside (CA0037664),010,CSD-010,Pierce Street,North Shore,SF Bay - North Shore waterfront,2.7,0.0,parsed,SEP_2016-01_1348861_1752484_2016_January_Bayside_Wet_Weather_Report.pdf,1348861,,
2016-01-19,Southeast/Bayside (CA0037664),015,CSD-015,Sansome Street,North Shore,SF Bay - North Shore waterfront,0.1,0.0,parsed,SEP_2016-01_1348861_1752484_2016_January_Bayside_Wet_Weather_Report.pdf,1348861,,
2016-01-19,Southeast/Bayside (CA0037664),017,CSD-017,Jackson Street,North Shore,SF Bay - North Shore waterfront,2.6,0.0,parsed,SEP_2016-01_1348861_1752484_2016_January_Bayside_Wet_Weather_Report.pdf,1348861,,
2016-01-19,Southeast/Bayside (CA0037664),"18, 19, 22, 23, 24, 25, 26, 27, 28",CSD-018–028,"Mission Creek System (9 outfalls, CSD-018 to 028)",Central (Mission Creek),Mission Creek / China Basin,1.1,1.0,parsed,SEP_2016-01_1348861_1752484_2016_January_Bayside_Wet_Weather_Report.pdf,1348861,,
2016-01-19,Southeast/Bayside (CA0037664),29,CSD-029,Mariposa Street,Central (Islais Creek),Islais Creek,0.5,0.0,parsed,SEP_2016-01_1348861_1752484_2016_January_Bayside_Wet_Weather_Report.pdf,1348861,,
2016-01-19,Southeast/Bayside (CA0037664),"31, 32, 33, 35",CSD-031–035,"Islais Creek System (CSD-031, 031A, 032, 033, 035)",Central (Islais Creek),Islais Creek,4.0,0.0,parsed,SEP_2016-01_1348861_1752484_2016_January_Bayside_Wet_Weather_Report.pdf,1348861,,
2016-03-05,Southeast/Bayside (CA0037664),009,CSD-009,Baker Street,North Shore,SF Bay - North Shore waterfront,1.4,1.0,parsed,SEP_2016-03_1348863_1773702_2016_March_Bayside_Wet_Weather_Report_.pdf,1348863,,
2016-03-05,Southeast/Bayside (CA0037664),010,CSD-010,Pierce Street,North Shore,SF Bay - North Shore waterfront,1.8,0.0,parsed,SEP_2016-03_1348863_1773702_2016_March_Bayside_Wet_Weather_Report_.pdf,1348863,,
2016-03-05,Southeast/Bayside (CA0037664),017,CSD-017,Jackson Street,North Shore,SF Bay - North Shore waterfront,0.7,0.0,parsed,SEP_2016-03_1348863_1773702_2016_March_Bayside_Wet_Weather_Report_.pdf,1348863,,
2016-03-05,Southeast/Bayside (CA0037664),"18, 19, 22, 23, 24, 25, 26, 27, 28",CSD-018–028,"Mission Creek System (9 outfalls, CSD-018 to 028)",Central (Mission Creek),Mission Creek / China Basin,1.3,1.0,parsed,SEP_2016-03_1348863_1773702_2016_March_Bayside_Wet_Weather_Report_.pdf,1348863,,
2016-03-05,Southeast/Bayside (CA0037664),29,CSD-029,Mariposa Street,Central (Islais Creek),Islais Creek,1.9,0.0,parsed,SEP_2016-03_1348863_1773702_2016_March_Bayside_Wet_Weather_Report_.pdf,1348863,,
2016-03-05,Southeast/Bayside (CA0037664),"31, 32, 33, 35",CSD-031–035,"Islais Creek System (CSD-031, 031A, 032, 033, 035)",Central (Islais Creek),Islais Creek,5.5,0.0,parsed,SEP_2016-03_1348863_1773702_2016_March_Bayside_Wet_Weather_Report_.pdf,1348863,,
2016-03-06,Southeast/Bayside (CA0037664),"31, 32, 33, 35",CSD-031–035,"Islais Creek System (CSD-031, 031A, 032, 033, 035)",Central (Islais Creek),Islais Creek,0.2,0.0,parsed,SEP_2016-03_1348863_1773702_2016_March_Bayside_Wet_Weather_Report_.pdf,1348863,,
2016-03-10,Southeast/Bayside (CA0037664),009,CSD-009,Baker Street,North Shore,SF Bay - North Shore waterfront,0.0,1.0,parsed,SEP_2016-03_1348863_1773702_2016_March_Bayside_Wet_Weather_Report_.pdf,1348863,,
2016-03-10,Southeast/Bayside (CA0037664),010,CSD-010,Pierce Street,North Shore,SF Bay - North Shore waterfront,0.4,0.0,parsed,SEP_2016-03_1348863_1773702_2016_March_Bayside_Wet_Weather_Report_.pdf,1348863,,
2016-03-10,Southeast/Bayside (CA0037664),"18, 19, 22, 23, 24, 25, 26, 27, 28",CSD-018–028,"Mission Creek System (9 outfalls, CSD-018 to 028)",Central (Mission Creek),Mission Creek / China Basin,4.1,1.0,parsed,SEP_2016-03_1348863_1773702_2016_March_Bayside_Wet_Weather_Report_.pdf,1348863,,
2016-03-10,Southeast/Bayside (CA0037664),"31, 32, 33, 35",CSD-031–035,"Islais Creek System (CSD-031, 031A, 032, 033, 035)",Central (Islais Creek),Islais Creek,5.7,0.0,parsed,SEP_2016-03_1348863_1773702_2016_March_Bayside_Wet_Weather_Report_.pdf,1348863,,
2016-03-12,Southeast/Bayside (CA0037664),009,CSD-009,Baker Street,North Shore,SF Bay - North Shore waterfront,1.4,1.0,parsed,SEP_2016-03_1348863_1773702_2016_March_Bayside_Wet_Weather_Report_.pdf,1348863,,
2016-03-12,Southeast/Bayside (CA0037664),010,CSD-010,Pierce Street,North Shore,SF Bay - North Shore waterfront,2.0,0.0,parsed,SEP_2016-03_1348863_1773702_2016_March_Bayside_Wet_Weather_Report_.pdf,1348863,,
2016-03-12,Southeast/Bayside (CA0037664),"18, 19, 22, 23, 24, 25, 26, 27, 28",CSD-018–028,"Mission Creek System (9 outfalls, CSD-018 to 028)",Central (Mission Creek),Mission Creek / China Basin,3.4,1.0,parsed,SEP_2016-03_1348863_1773702_2016_March_Bayside_Wet_Weather_Report_.pdf,1348863,,
2016-03-12,Southeast/Bayside (CA0037664),"31, 32, 33, 35",CSD-031–035,"Islais Creek System (CSD-031, 031A, 032, 033, 035)",Central (Islais Creek),Islais Creek,3.1,0.0,parsed,SEP_2016-03_1348863_1773702_2016_March_Bayside_Wet_Weather_Report_.pdf,1348863,,
2016-03-13,Southeast/Bayside (CA0037664),"31, 32, 33, 35",CSD-031–035,"Islais Creek System (CSD-031, 031A, 032, 033, 035)",Central (Islais Creek),Islais Creek,1.4,1.0,parsed,SEP_2016-03_1348863_1773702_2016_March_Bayside_Wet_Weather_Report_.pdf,1348863,,
