facility,year,month,status,n_rows,n_discharge_days,counts_parsed,counts_stated,counts_agree,note
Southeast/Bayside (CA0037664),2011,3,events,16,6,North Shore 1 / Central 6 / Southeast 0,North Shore 2 / Central 6 / Southeast 0,False,
Southeast/Bayside (CA0037664),2011,4,zero,0,0,North Shore 0 / Central 0 / Southeast 0,North Shore 0 / Central 0 / Southeast 0,True,
Southeast/Bayside (CA0037664),2011,5,zero,0,0,North Shore 0 / Central 0 / Southeast 0,North Shore 0 / Central 0 / Southeast 0,True,
Southeast/Bayside (CA0037664),2011,6,events,8,2,North Shore 1 / Central 2 / Southeast 0,North Shore 1 / Central 2 / Southeast 0,True,
Southeast/Bayside (CA0037664),2011,7,zero,0,0,North Shore 0 / Central 0 / Southeast 0,North Shore 0 / Central 0 / Southeast 0,True,
Southeast/Bayside (CA0037664),2011,8,zero,0,0,North Shore 0 / Central 0 / Southeast 0,North Shore 0 / Central 0 / Southeast 0,True,
Southeast/Bayside (CA0037664),2011,9,zero,0,0,North Shore 0 / Central 0 / Southeast 0,North Shore 0 / Central 0 / Southeast 0,True,
Southeast/Bayside (CA0037664),2011,10,events,1,1,North Shore 0 / Central 0 / Southeast 1,North Shore 0 / Central 0 / Southeast 1,True,
Southeast/Bayside (CA0037664),2011,11,zero,0,0,North Shore 0 / Central 0 / Southeast 0,North Shore 0 / Central 0 / Southeast 0,True,
Southeast/Bayside (CA0037664),2011,12,zero,0,0,North Shore 0 / Central 0 / Southeast 0,North Shore 0 / Central 0 / Southeast 0,True,
Southeast/Bayside (CA0037664),2012,1,events,6,3,North Shore 1 / Central 2 / Southeast 0,North Shore 1 / Central 2 / Southeast 0,True,
Southeast/Bayside (CA0037664),2012,2,stated_zero,0,0,North Shore 0 / Central 0 / Southeast 0,North Shore 0 / Central 0 / Southeast 0,True,"filed as a spreadsheet and a Word narrative, not a PDF report; the annual report lists no discharges"
Southeast/Bayside (CA0037664),2012,3,events,16,5,North Shore 1 / Central 4 / Southeast 0,North Shore 1 / Central 4 / Southeast 0,True,
Southeast/Bayside (CA0037664),2012,4,events,7,3,North Shore 0 / Central 2 / Southeast 0,North Shore 0 / Central 2 / Southeast 0,True,
Southeast/Bayside (CA0037664),2012,5,zero,0,0,North Shore 0 / Central 0 / Southeast 0,North Shore 0 / Central 0 / Southeast 0,True,
Southeast/Bayside (CA0037664),2012,6,zero,0,0,North Shore 0 / Central 0 / Southeast 0,North Shore 0 / Central 0 / Southeast 0,True,
Southeast/Bayside (CA0037664),2012,7,zero,0,0,North Shore 0 / Central 0 / Southeast 0,North Shore 0 / Central 0 / Southeast 0,True,
Southeast/Bayside (CA0037664),2012,8,zero,0,0,North Shore 0 / Central 0 / Southeast 0,North Shore 0 / Central 0 / Southeast 0,True,
Southeast/Bayside (CA0037664),2012,9,zero,0,0,North Shore 0 / Central 0 / Southeast 0,North Shore 0 / Central 0 / Southeast 0,True,
Southeast/Bayside (CA0037664),2012,10,events,2,2,North Shore 0 / Central 1 / Southeast 0,North Shore 0 / Central 1 / Southeast 0,True,
Southeast/Bayside (CA0037664),2012,11,events,11,3,North Shore 1 / Central 2 / Southeast 0,North Shore 1 / Central 2 / Southeast 0,True,
Southeast/Bayside (CA0037664),2012,12,events,21,6,North Shore 2 / Central 5 / Southeast 1,North Shore 2 / Central 5 / Southeast 1,True,
Southeast/Bayside (CA0037664),2013,1,zero,0,0,North Shore 0 / Central 0 / Southeast 0,North Shore 0 / Central 0 / Southeast 0,True,
Southeast/Bayside (CA0037664),2013,2,zero,0,0,North Shore 0 / Central 0 / Southeast 0,North Shore 0 / Central 0 / Southeast 0,True,
Southeast/Bayside (CA0037664),2013,3,zero,0,0,North Shore 0 / Central 0 / Southeast 0,North Shore 0 / Central 0 / Southeast 0,True,
Southeast/Bayside (CA0037664),2013,4,zero,0,0,North Shore 0 / Central 0 / Southeast 0,North Shore 0 / Central 0 / Southeast 0,True,
Southeast/Bayside (CA0037664),2013,5,zero,0,0,North Shore 0 / Central 0 / Southeast 0,North Shore 0 / Central 0 / Southeast 0,True,
Southeast/Bayside (CA0037664),2013,6,zero,0,0,North Shore 0 / Central 0 / Southeast 0,North Shore 0 / Central 0 / Southeast 0,True,
Southeast/Bayside (CA0037664),2013,7,zero,0,0,North Shore 0 / Central 0 / Southeast 0,North Shore 0 / Central 0 / Southeast 0,True,
Southeast/Bayside (CA0037664),2013,8,zero,0,0,North Shore 0 / Central 0 / Southeast 0,North Shore 0 / Central 0 / Southeast 0,True,
Southeast/Bayside (CA0037664),2013,9,events,1,1,North Shore 0 / Central 1 / Southeast 0,North Shore 0 / Central 1 / Southeast 0,True,
Southeast/Bayside (CA0037664),2013,10,zero,0,0,North Shore 0 / Central 0 / Southeast 0,North Shore 0 / Central 0 / Southeast 0,True,
Southeast/Bayside (CA0037664),2013,11,events,3,1,North Shore 0 / Central 1 / Southeast 0,North Shore 0 / Central 1 / Southeast 0,True,
Southeast/Bayside (CA0037664),2013,12,zero,0,0,North Shore 0 / Central 0 / Southeast 0,North Shore 0 / Central 0 / Southeast 0,True,
Southeast/Bayside (CA0037664),2014,1,zero,0,0,North Shore 0 / Central 0 / Southeast 0,North Shore 0 / Central 0 / Southeast 0,True,
Southeast/Bayside (CA0037664),2014,2,events,9,4,North Shore 1 / Central 4 / Southeast 0,North Shore 1 / Central 4 / Southeast 0,True,
Southeast/Bayside (CA0037664),2014,3,events,4,2,North Shore 0 / Central 2 / Southeast 0,North Shore 0 / Central 2 / Southeast 0,True,
Southeast/Bayside (CA0037664),2014,4,zero,0,0,North Shore 0 / Central 0 / Southeast 0,North Shore 0 / Central 0 / Southeast 0,True,
Southeast/Bayside (CA0037664),2014,5,zero,0,0,North Shore 0 / Central 0 / Southeast 0,North Shore 0 / Central 0 / Southeast 0,True,
Southeast/Bayside (CA0037664),2014,6,zero,0,0,North Shore 0 / Central 0 / Southeast 0,North Shore 0 / Central 0 / Southeast 0,True,
Southeast/Bayside (CA0037664),2014,7,zero,0,0,North Shore 0 / Central 0 / Southeast 0,North Shore 0 / Central 0 / Southeast 0,True,
Southeast/Bayside (CA0037664),2014,8,zero,0,0,North Shore 0 / Central 0 / Southeast 0,North Shore 0 / Central 0 / Southeast 0,True,
Southeast/Bayside (CA0037664),2014,9,zero,0,0,North Shore 0 / Central 0 / Southeast 0,North Shore 0 / Central 0 / Southeast 0,True,
Southeast/Bayside (CA0037664),2014,10,zero,0,0,North Shore 0 / Central 0 / Southeast 0,North Shore 0 / Central 0 / Southeast 0,True,
Southeast/Bayside (CA0037664),2014,11,events,3,1,North Shore 1 / Central 0 / Southeast 0,North Shore 1 / Central 0 / Southeast 0,True,
Southeast/Bayside (CA0037664),2014,12,events,39,7,North Shore 4 / Central 7 / Southeast 2,North Shore 4 / Central 7 / Southeast 2,True,
Southeast/Bayside (CA0037664),2015,1,zero,0,0,North Shore 0 / Central 0 / Southeast 0,North Shore 0 / Central 0 / Southeast 0,True,
Southeast/Bayside (CA0037664),2015,2,events,3,1,North Shore 0 / Central 1 / Southeast 0,North Shore 0 / Central 1 / Southeast 0,True,
Southeast/Bayside (CA0037664),2015,3,zero,0,0,North Shore 0 / Central 0 / Southeast 0,North Shore 0 / Central 0 / Southeast 0,True,
Southeast/Bayside (CA0037664),2015,4,events,2,1,North Shore 0 / Central 1 / Southeast 0,North Shore 0 / Central 1 / Southeast 0,True,
Southeast/Bayside (CA0037664),2015,5,zero,0,0,North Shore 0 / Central 0 / Southeast 0,North Shore 0 / Central 0 / Southeast 0,True,
Southeast/Bayside (CA0037664),2015,6,zero,0,0,North Shore 0 / Central 0 / Southeast 0,North Shore 0 / Central 0 / Southeast 0,True,
Southeast/Bayside (CA0037664),2015,7,zero,0,0,North Shore 0 / Central 0 / Southeast 0,North Shore 0 / Central 0 / Southeast 0,True,
Southeast/Bayside (CA0037664),2015,8,stated_zero,0,0,North Shore 0 / Central 0 / Southeast 0,North Shore 0 / Central 0 / Southeast 0,True,no wet weather report attached; the annual report lists no discharges
Southeast/Bayside (CA0037664),2015,9,zero,0,0,North Shore 0 / Central 0 / Southeast 0,North Shore 0 / Central 0 / Southeast 0,True,
Southeast/Bayside (CA0037664),2015,10,zero,0,0,North Shore 0 / Central 0 / Southeast 0,North Shore 0 / Central 0 / Southeast 0,True,
Southeast/Bayside (CA0037664),2015,11,zero,0,0,North Shore 0 / Central 0 / Southeast 0,North Shore 0 / Central 0 / Southeast 0,True,
Southeast/Bayside (CA0037664),2015,12,events,12,3,North Shore 1 / Central 3 / Southeast 1,North Shore 1 / Central 3 / Southeast 1,True,
Southeast/Bayside (CA0037664),2016,1,events,32,5,North Shore 3 / Central 4 / Southeast 1,North Shore 3 / Central 4 / Southeast 1,True,
Southeast/Bayside (CA0037664),2016,2,zero,0,0,North Shore 0 / Central 0 / Southeast 0,North Shore 0 / Central 0 / Southeast 0,True,
Southeast/Bayside (CA0037664),2016,3,events,16,5,North Shore 3 / Central 4 / Southeast 0,North Shore 3 / Central 4 / Southeast 0,True,
Southeast/Bayside (CA0037664),2016,4,zero,0,0,North Shore 0 / Central 0 / Southeast 0,North Shore 0 / Central 0 / Southeast 0,True,
Southeast/Bayside (CA0037664),2016,5,zero,0,0,North Shore 0 / Central 0 / Southeast 0,North Shore 0 / Central 0 / Southeast 0,True,
Southeast/Bayside (CA0037664),2016,6,zero,0,0,North Shore 0 / Central 0 / Southeast 0,North Shore 0 / Central 0 / Southeast 0,True,
Southeast/Bayside (CA0037664),2016,7,zero,0,0,North Shore 0 / Central 0 / Southeast 0,North Shore 0 / Central 0 / Southeast 0,True,
Southeast/Bayside (CA0037664),2016,8,stated_zero,0,0,North Shore 0 / Central 0 / Southeast 0,North Shore 0 / Central 0 / Southeast 0,True,no wet weather report attached; the annual report lists no discharges
Southeast/Bayside (CA0037664),2016,9,stated_zero,0,0,North Shore 0 / Central 0 / Southeast 0,North Shore 0 / Central 0 / Southeast 0,True,no wet weather report attached; the annual report lists no discharges
