plant,basin,year,month,stated_count,source
Southeast/Bayside,North Shore,2011,1,0,"SEP 2011 Annual SMR, Combined Sewer Discharge Frequency table"
Southeast/Bayside,North Shore,2011,2,1,"SEP 2011 Annual SMR, Combined Sewer Discharge Frequency table"
Southeast/Bayside,North Shore,2011,3,2,"SEP 2011 Annual SMR, Combined Sewer Discharge Frequency table"
Southeast/Bayside,North Shore,2011,4,0,"SEP 2011 Annual SMR, Combined Sewer Discharge Frequency table"
Southeast/Bayside,North Shore,2011,5,0,"SEP 2011 Annual SMR, Combined Sewer Discharge Frequency table"
Southeast/Bayside,North Shore,2011,6,1,"SEP 2011 Annual SMR, Combined Sewer Discharge Frequency table"
Southeast/Bayside,North Shore,2011,7,0,"SEP 2011 Annual SMR, Combined Sewer Discharge Frequency table"
Southeast/Bayside,North Shore,2011,8,0,"SEP 2011 Annual SMR, Combined Sewer Discharge Frequency table"
Southeast/Bayside,North Shore,2011,9,0,"SEP 2011 Annual SMR, Combined Sewer Discharge Frequency table"
Southeast/Bayside,North Shore,2011,10,0,"SEP 2011 Annual SMR, Combined Sewer Discharge Frequency table"
Southeast/Bayside,North Shore,2011,11,0,"SEP 2011 Annual SMR, Combined Sewer Discharge Frequency table"
Southeast/Bayside,North Shore,2011,12,0,"SEP 2011 Annual SMR, Combined Sewer Discharge Frequency table"
Southeast/Bayside,Central,2011,1,0,"SEP 2011 Annual SMR, Combined Sewer Discharge Frequency table"
Southeast/Bayside,Central,2011,2,5,"SEP 2011 Annual SMR, Combined Sewer Discharge Frequency table"
Southeast/Bayside,Central,2011,3,6,"SEP 2011 Annual SMR, Combined Sewer Discharge Frequency table"
Southeast/Bayside,Central,2011,4,0,"SEP 2011 Annual SMR, Combined Sewer Discharge Frequency table"
Southeast/Bayside,Central,2011,5,0,"SEP 2011 Annual SMR, Combined Sewer Discharge Frequency table"
Southeast/Bayside,Central,2011,6,2,"SEP 2011 Annual SMR, Combined Sewer Discharge Frequency table"
Southeast/Bayside,Central,2011,7,0,"SEP 2011 Annual SMR, Combined Sewer Discharge Frequency table"
Southeast/Bayside,Central,2011,8,0,"SEP 2011 Annual SMR, Combined Sewer Discharge Frequency table"
Southeast/Bayside,Central,2011,9,0,"SEP 2011 Annual SMR, Combined Sewer Discharge Frequency table"
Southeast/Bayside,Central,2011,10,0,"SEP 2011 Annual SMR, Combined Sewer Discharge Frequency table"
Southeast/Bayside,Central,2011,11,0,"SEP 2011 Annual SMR, Combined Sewer Discharge Frequency table"
Southeast/Bayside,Central,2011,12,0,"SEP 2011 Annual SMR, Combined Sewer Discharge Frequency table"
Southeast/Bayside,Southeast,2011,1,0,"SEP 2011 Annual SMR, Combined Sewer Discharge Frequency table"
Southeast/Bayside,Southeast,2011,2,0,"SEP 2011 Annual SMR, Combined Sewer Discharge Frequency table"
Southeast/Bayside,Southeast,2011,3,0,"SEP 2011 Annual SMR, Combined Sewer Discharge Frequency table"
Southeast/Bayside,Southeast,2011,4,0,"SEP 2011 Annual SMR, Combined Sewer Discharge Frequency table"
Southeast/Bayside,Southeast,2011,5,0,"SEP 2011 Annual SMR, Combined Sewer Discharge Frequency table"
Southeast/Bayside,Southeast,2011,6,0,"SEP 2011 Annual SMR, Combined Sewer Discharge Frequency table"
Southeast/Bayside,Southeast,2011,7,0,"SEP 2011 Annual SMR, Combined Sewer Discharge Frequency table"
Southeast/Bayside,Southeast,2011,8,0,"SEP 2011 Annual SMR, Combined Sewer Discharge Frequency table"
Southeast/Bayside,Southeast,2011,9,0,"SEP 2011 Annual SMR, Combined Sewer Discharge Frequency table"
Southeast/Bayside,Southeast,2011,10,1,"SEP 2011 Annual SMR, Combined Sewer Discharge Frequency table"
Southeast/Bayside,Southeast,2011,11,0,"SEP 2011 Annual SMR, Combined Sewer Discharge Frequency table"
Southeast/Bayside,Southeast,2011,12,0,"SEP 2011 Annual SMR, Combined Sewer Discharge Frequency table"
Southeast/Bayside,North Shore,2012,1,1,"SEP 2012 Annual SMR, Combined Sewer Discharge Frequency table"
Southeast/Bayside,North Shore,2012,2,0,"SEP 2012 Annual SMR, Combined Sewer Discharge Frequency table"
Southeast/Bayside,North Shore,2012,3,1,"SEP 2012 Annual SMR, Combined Sewer Discharge Frequency table"
Southeast/Bayside,North Shore,2012,4,0,"SEP 2012 Annual SMR, Combined Sewer Discharge Frequency table"
Southeast/Bayside,North Shore,2012,5,0,"SEP 2012 Annual SMR, Combined Sewer Discharge Frequency table"
Southeast/Bayside,North Shore,2012,6,0,"SEP 2012 Annual SMR, Combined Sewer Discharge Frequency table"
Southeast/Bayside,North Shore,2012,7,0,"SEP 2012 Annual SMR, Combined Sewer Discharge Frequency table"
Southeast/Bayside,North Shore,2012,8,0,"SEP 2012 Annual SMR, Combined Sewer Discharge Frequency table"
Southeast/Bayside,North Shore,2012,9,0,"SEP 2012 Annual SMR, Combined Sewer Discharge Frequency table"
Southeast/Bayside,North Shore,2012,10,0,"SEP 2012 Annual SMR, Combined Sewer Discharge Frequency table"
Southeast/Bayside,North Shore,2012,11,1,"SEP 2012 Annual SMR, Combined Sewer Discharge Frequency table"
Southeast/Bayside,North Shore,2012,12,2,"SEP 2012 Annual SMR, Combined Sewer Discharge Frequency table"
Southeast/Bayside,Central,2012,1,2,"SEP 2012 Annual SMR, Combined Sewer Discharge Frequency table"
Southeast/Bayside,Central,2012,2,0,"SEP 2012 Annual SMR, Combined Sewer Discharge Frequency table"
Southeast/Bayside,Central,2012,3,4,"SEP 2012 Annual SMR, Combined Sewer Discharge Frequency table"
Southeast/Bayside,Central,2012,4,2,"SEP 2012 Annual SMR, Combined Sewer Discharge Frequency table"
Southeast/Bayside,Central,2012,5,0,"SEP 2012 Annual SMR, Combined Sewer Discharge Frequency table"
Southeast/Bayside,Central,2012,6,0,"SEP 2012 Annual SMR, Combined Sewer Discharge Frequency table"
Southeast/Bayside,Central,2012,7,0,"SEP 2012 Annual SMR, Combined Sewer Discharge Frequency table"
Southeast/Bayside,Central,2012,8,0,"SEP 2012 Annual SMR, Combined Sewer Discharge Frequency table"
Southeast/Bayside,Central,2012,9,0,"SEP 2012 Annual SMR, Combined Sewer Discharge Frequency table"
Southeast/Bayside,Central,2012,10,1,"SEP 2012 Annual SMR, Combined Sewer Discharge Frequency table"
Southeast/Bayside,Central,2012,11,2,"SEP 2012 Annual SMR, Combined Sewer Discharge Frequency table"
Southeast/Bayside,Central,2012,12,5,"SEP 2012 Annual SMR, Combined Sewer Discharge Frequency table"
Southeast/Bayside,Southeast,2012,1,0,"SEP 2012 Annual SMR, Combined Sewer Discharge Frequency table"
Southeast/Bayside,Southeast,2012,2,0,"SEP 2012 Annual SMR, Combined Sewer Discharge Frequency table"
Southeast/Bayside,Southeast,2012,3,0,"SEP 2012 Annual SMR, Combined Sewer Discharge Frequency table"
Southeast/Bayside,Southeast,2012,4,0,"SEP 2012 Annual SMR, Combined Sewer Discharge Frequency table"
Southeast/Bayside,Southeast,2012,5,0,"SEP 2012 Annual SMR, Combined Sewer Discharge Frequency table"
Southeast/Bayside,Southeast,2012,6,0,"SEP 2012 Annual SMR, Combined Sewer Discharge Frequency table"
Southeast/Bayside,Southeast,2012,7,0,"SEP 2012 Annual SMR, Combined Sewer Discharge Frequency table"
Southeast/Bayside,Southeast,2012,8,0,"SEP 2012 Annual SMR, Combined Sewer Discharge Frequency table"
Southeast/Bayside,Southeast,2012,9,0,"SEP 2012 Annual SMR, Combined Sewer Discharge Frequency table"
Southeast/Bayside,Southeast,2012,10,0,"SEP 2012 Annual SMR, Combined Sewer Discharge Frequency table"
Southeast/Bayside,Southeast,2012,11,0,"SEP 2012 Annual SMR, Combined Sewer Discharge Frequency table"
Southeast/Bayside,Southeast,2012,12,1,"SEP 2012 Annual SMR, Combined Sewer Discharge Frequency table"
Southeast/Bayside,North Shore,2013,1,0,"SEP 2013 Annual SMR, Combined Sewer Discharge Frequency table"
Southeast/Bayside,North Shore,2013,2,0,"SEP 2013 Annual SMR, Combined Sewer Discharge Frequency table"
Southeast/Bayside,North Shore,2013,3,0,"SEP 2013 Annual SMR, Combined Sewer Discharge Frequency table"
Southeast/Bayside,North Shore,2013,4,0,"SEP 2013 Annual SMR, Combined Sewer Discharge Frequency table"
Southeast/Bayside,North Shore,2013,5,0,"SEP 2013 Annual SMR, Combined Sewer Discharge Frequency table"
Southeast/Bayside,North Shore,2013,6,0,"SEP 2013 Annual SMR, Combined Sewer Discharge Frequency table"
Southeast/Bayside,North Shore,2013,7,0,"SEP 2013 Annual SMR, Combined Sewer Discharge Frequency table"
Southeast/Bayside,North Shore,2013,8,0,"SEP 2013 Annual SMR, Combined Sewer Discharge Frequency table"
Southeast/Bayside,North Shore,2013,9,0,"SEP 2013 Annual SMR, Combined Sewer Discharge Frequency table"
Southeast/Bayside,North Shore,2013,10,0,"SEP 2013 Annual SMR, Combined Sewer Discharge Frequency table"
Southeast/Bayside,North Shore,2013,11,0,"SEP 2013 Annual SMR, Combined Sewer Discharge Frequency table"
Southeast/Bayside,North Shore,2013,12,0,"SEP 2013 Annual SMR, Combined Sewer Discharge Frequency table"
Southeast/Bayside,Central,2013,1,0,"SEP 2013 Annual SMR, Combined Sewer Discharge Frequency table"
Southeast/Bayside,Central,2013,2,0,"SEP 2013 Annual SMR, Combined Sewer Discharge Frequency table"
Southeast/Bayside,Central,2013,3,0,"SEP 2013 Annual SMR, Combined Sewer Discharge Frequency table"
Southeast/Bayside,Central,2013,4,0,"SEP 2013 Annual SMR, Combined Sewer Discharge Frequency table"
Southeast/Bayside,Central,2013,5,0,"SEP 2013 Annual SMR, Combined Sewer Discharge Frequency table"
Southeast/Bayside,Central,2013,6,0,"SEP 2013 Annual SMR, Combined Sewer Discharge Frequency table"
Southeast/Bayside,Central,2013,7,0,"SEP 2013 Annual SMR, Combined Sewer Discharge Frequency table"
Southeast/Bayside,Central,2013,8,0,"SEP 2013 Annual SMR, Combined Sewer Discharge Frequency table"
Southeast/Bayside,Central,2013,9,1,"SEP 2013 Annual SMR, Combined Sewer Discharge Frequency table"
Southeast/Bayside,Central,2013,10,0,"SEP 2013 Annual SMR, Combined Sewer Discharge Frequency table"
Southeast/Bayside,Central,2013,11,1,"SEP 2013 Annual SMR, Combined Sewer Discharge Frequency table"
Southeast/Bayside,Central,2013,12,0,"SEP 2013 Annual SMR, Combined Sewer Discharge Frequency table"
Southeast/Bayside,Southeast,2013,1,0,"SEP 2013 Annual SMR, Combined Sewer Discharge Frequency table"
Southeast/Bayside,Southeast,2013,2,0,"SEP 2013 Annual SMR, Combined Sewer Discharge Frequency table"
Southeast/Bayside,Southeast,2013,3,0,"SEP 2013 Annual SMR, Combined Sewer Discharge Frequency table"
Southeast/Bayside,Southeast,2013,4,0,"SEP 2013 Annual SMR, Combined Sewer Discharge Frequency table"
Southeast/Bayside,Southeast,2013,5,0,"SEP 2013 Annual SMR, Combined Sewer Discharge Frequency table"
Southeast/Bayside,Southeast,2013,6,0,"SEP 2013 Annual SMR, Combined Sewer Discharge Frequency table"
Southeast/Bayside,Southeast,2013,7,0,"SEP 2013 Annual SMR, Combined Sewer Discharge Frequency table"
Southeast/Bayside,Southeast,2013,8,0,"SEP 2013 Annual SMR, Combined Sewer Discharge Frequency table"
Southeast/Bayside,Southeast,2013,9,0,"SEP 2013 Annual SMR, Combined Sewer Discharge Frequency table"
Southeast/Bayside,Southeast,2013,10,0,"SEP 2013 Annual SMR, Combined Sewer Discharge Frequency table"
Southeast/Bayside,Southeast,2013,11,0,"SEP 2013 Annual SMR, Combined Sewer Discharge Frequency table"
Southeast/Bayside,Southeast,2013,12,0,"SEP 2013 Annual SMR, Combined Sewer Discharge Frequency table"
Southeast/Bayside,North Shore,2014,1,0,"SEP 2014 Annual SMR, Combined Sewer Discharge Frequency table"
Southeast/Bayside,North Shore,2014,2,1,"SEP 2014 Annual SMR, Combined Sewer Discharge Frequency table"
Southeast/Bayside,North Shore,2014,3,0,"SEP 2014 Annual SMR, Combined Sewer Discharge Frequency table"
Southeast/Bayside,North Shore,2014,4,0,"SEP 2014 Annual SMR, Combined Sewer Discharge Frequency table"
Southeast/Bayside,North Shore,2014,5,0,"SEP 2014 Annual SMR, Combined Sewer Discharge Frequency table"
Southeast/Bayside,North Shore,2014,6,0,"SEP 2014 Annual SMR, Combined Sewer Discharge Frequency table"
Southeast/Bayside,North Shore,2014,7,0,"SEP 2014 Annual SMR, Combined Sewer Discharge Frequency table"
Southeast/Bayside,North Shore,2014,8,0,"SEP 2014 Annual SMR, Combined Sewer Discharge Frequency table"
Southeast/Bayside,North Shore,2014,9,0,"SEP 2014 Annual SMR, Combined Sewer Discharge Frequency table"
Southeast/Bayside,North Shore,2014,10,0,"SEP 2014 Annual SMR, Combined Sewer Discharge Frequency table"
Southeast/Bayside,North Shore,2014,11,1,"SEP 2014 Annual SMR, Combined Sewer Discharge Frequency table"
Southeast/Bayside,North Shore,2014,12,4,"SEP 2014 Annual SMR, Combined Sewer Discharge Frequency table"
Southeast/Bayside,Central,2014,1,0,"SEP 2014 Annual SMR, Combined Sewer Discharge Frequency table"
Southeast/Bayside,Central,2014,2,4,"SEP 2014 Annual SMR, Combined Sewer Discharge Frequency table"
Southeast/Bayside,Central,2014,3,2,"SEP 2014 Annual SMR, Combined Sewer Discharge Frequency table"
Southeast/Bayside,Central,2014,4,0,"SEP 2014 Annual SMR, Combined Sewer Discharge Frequency table"
Southeast/Bayside,Central,2014,5,0,"SEP 2014 Annual SMR, Combined Sewer Discharge Frequency table"
Southeast/Bayside,Central,2014,6,0,"SEP 2014 Annual SMR, Combined Sewer Discharge Frequency table"
Southeast/Bayside,Central,2014,7,0,"SEP 2014 Annual SMR, Combined Sewer Discharge Frequency table"
Southeast/Bayside,Central,2014,8,0,"SEP 2014 Annual SMR, Combined Sewer Discharge Frequency table"
Southeast/Bayside,Central,2014,9,0,"SEP 2014 Annual SMR, Combined Sewer Discharge Frequency table"
Southeast/Bayside,Central,2014,10,0,"SEP 2014 Annual SMR, Combined Sewer Discharge Frequency table"
Southeast/Bayside,Central,2014,11,0,"SEP 2014 Annual SMR, Combined Sewer Discharge Frequency table"
Southeast/Bayside,Central,2014,12,7,"SEP 2014 Annual SMR, Combined Sewer Discharge Frequency table"
Southeast/Bayside,Southeast,2014,1,0,"SEP 2014 Annual SMR, Combined Sewer Discharge Frequency table"
Southeast/Bayside,Southeast,2014,2,0,"SEP 2014 Annual SMR, Combined Sewer Discharge Frequency table"
Southeast/Bayside,Southeast,2014,3,0,"SEP 2014 Annual SMR, Combined Sewer Discharge Frequency table"
Southeast/Bayside,Southeast,2014,4,0,"SEP 2014 Annual SMR, Combined Sewer Discharge Frequency table"
Southeast/Bayside,Southeast,2014,5,0,"SEP 2014 Annual SMR, Combined Sewer Discharge Frequency table"
Southeast/Bayside,Southeast,2014,6,0,"SEP 2014 Annual SMR, Combined Sewer Discharge Frequency table"
Southeast/Bayside,Southeast,2014,7,0,"SEP 2014 Annual SMR, Combined Sewer Discharge Frequency table"
Southeast/Bayside,Southeast,2014,8,0,"SEP 2014 Annual SMR, Combined Sewer Discharge Frequency table"
Southeast/Bayside,Southeast,2014,9,0,"SEP 2014 Annual SMR, Combined Sewer Discharge Frequency table"
Southeast/Bayside,Southeast,2014,10,0,"SEP 2014 Annual SMR, Combined Sewer Discharge Frequency table"
Southeast/Bayside,Southeast,2014,11,0,"SEP 2014 Annual SMR, Combined Sewer Discharge Frequency table"
Southeast/Bayside,Southeast,2014,12,2,"SEP 2014 Annual SMR, Combined Sewer Discharge Frequency table"
Southeast/Bayside,North Shore,2015,1,0,"SEP 2015 Annual SMR, Combined Sewer Discharge Frequency table"
Southeast/Bayside,North Shore,2015,2,0,"SEP 2015 Annual SMR, Combined Sewer Discharge Frequency table"
Southeast/Bayside,North Shore,2015,3,0,"SEP 2015 Annual SMR, Combined Sewer Discharge Frequency table"
Southeast/Bayside,North Shore,2015,4,0,"SEP 2015 Annual SMR, Combined Sewer Discharge Frequency table"
Southeast/Bayside,North Shore,2015,5,0,"SEP 2015 Annual SMR, Combined Sewer Discharge Frequency table"
Southeast/Bayside,North Shore,2015,6,0,"SEP 2015 Annual SMR, Combined Sewer Discharge Frequency table"
Southeast/Bayside,North Shore,2015,7,0,"SEP 2015 Annual SMR, Combined Sewer Discharge Frequency table"
Southeast/Bayside,North Shore,2015,8,0,"SEP 2015 Annual SMR, Combined Sewer Discharge Frequency table"
Southeast/Bayside,North Shore,2015,9,0,"SEP 2015 Annual SMR, Combined Sewer Discharge Frequency table"
Southeast/Bayside,North Shore,2015,10,0,"SEP 2015 Annual SMR, Combined Sewer Discharge Frequency table"
Southeast/Bayside,North Shore,2015,11,0,"SEP 2015 Annual SMR, Combined Sewer Discharge Frequency table"
Southeast/Bayside,North Shore,2015,12,1,"SEP 2015 Annual SMR, Combined Sewer Discharge Frequency table"
Southeast/Bayside,Central,2015,1,0,"SEP 2015 Annual SMR, Combined Sewer Discharge Frequency table"
Southeast/Bayside,Central,2015,2,1,"SEP 2015 Annual SMR, Combined Sewer Discharge Frequency table"
Southeast/Bayside,Central,2015,3,0,"SEP 2015 Annual SMR, Combined Sewer Discharge Frequency table"
Southeast/Bayside,Central,2015,4,1,"SEP 2015 Annual SMR, Combined Sewer Discharge Frequency table"
Southeast/Bayside,Central,2015,5,0,"SEP 2015 Annual SMR, Combined Sewer Discharge Frequency table"
Southeast/Bayside,Central,2015,6,0,"SEP 2015 Annual SMR, Combined Sewer Discharge Frequency table"
Southeast/Bayside,Central,2015,7,0,"SEP 2015 Annual SMR, Combined Sewer Discharge Frequency table"
Southeast/Bayside,Central,2015,8,0,"SEP 2015 Annual SMR, Combined Sewer Discharge Frequency table"
Southeast/Bayside,Central,2015,9,0,"SEP 2015 Annual SMR, Combined Sewer Discharge Frequency table"
Southeast/Bayside,Central,2015,10,0,"SEP 2015 Annual SMR, Combined Sewer Discharge Frequency table"
Southeast/Bayside,Central,2015,11,0,"SEP 2015 Annual SMR, Combined Sewer Discharge Frequency table"
Southeast/Bayside,Central,2015,12,3,"SEP 2015 Annual SMR, Combined Sewer Discharge Frequency table"
Southeast/Bayside,Southeast,2015,1,0,"SEP 2015 Annual SMR, Combined Sewer Discharge Frequency table"
Southeast/Bayside,Southeast,2015,2,0,"SEP 2015 Annual SMR, Combined Sewer Discharge Frequency table"
Southeast/Bayside,Southeast,2015,3,0,"SEP 2015 Annual SMR, Combined Sewer Discharge Frequency table"
Southeast/Bayside,Southeast,2015,4,0,"SEP 2015 Annual SMR, Combined Sewer Discharge Frequency table"
Southeast/Bayside,Southeast,2015,5,0,"SEP 2015 Annual SMR, Combined Sewer Discharge Frequency table"
Southeast/Bayside,Southeast,2015,6,0,"SEP 2015 Annual SMR, Combined Sewer Discharge Frequency table"
Southeast/Bayside,Southeast,2015,7,0,"SEP 2015 Annual SMR, Combined Sewer Discharge Frequency table"
Southeast/Bayside,Southeast,2015,8,0,"SEP 2015 Annual SMR, Combined Sewer Discharge Frequency table"
Southeast/Bayside,Southeast,2015,9,0,"SEP 2015 Annual SMR, Combined Sewer Discharge Frequency table"
Southeast/Bayside,Southeast,2015,10,0,"SEP 2015 Annual SMR, Combined Sewer Discharge Frequency table"
Southeast/Bayside,Southeast,2015,11,0,"SEP 2015 Annual SMR, Combined Sewer Discharge Frequency table"
Southeast/Bayside,Southeast,2015,12,1,"SEP 2015 Annual SMR, Combined Sewer Discharge Frequency table"
Southeast/Bayside,North Shore,2016,1,3,"SEP 2016 Annual SMR, Combined Sewer Discharge Frequency table"
Southeast/Bayside,North Shore,2016,2,0,"SEP 2016 Annual SMR, Combined Sewer Discharge Frequency table"
Southeast/Bayside,North Shore,2016,3,3,"SEP 2016 Annual SMR, Combined Sewer Discharge Frequency table"
Southeast/Bayside,North Shore,2016,4,0,"SEP 2016 Annual SMR, Combined Sewer Discharge Frequency table"
Southeast/Bayside,North Shore,2016,5,0,"SEP 2016 Annual SMR, Combined Sewer Discharge Frequency table"
Southeast/Bayside,North Shore,2016,6,0,"SEP 2016 Annual SMR, Combined Sewer Discharge Frequency table"
Southeast/Bayside,North Shore,2016,7,0,"SEP 2016 Annual SMR, Combined Sewer Discharge Frequency table"
Southeast/Bayside,North Shore,2016,8,0,"SEP 2016 Annual SMR, Combined Sewer Discharge Frequency table"
Southeast/Bayside,North Shore,2016,9,0,"SEP 2016 Annual SMR, Combined Sewer Discharge Frequency table"
Southeast/Bayside,North Shore,2016,10,0,"SEP 2016 Annual SMR, Combined Sewer Discharge Frequency table"
Southeast/Bayside,North Shore,2016,11,0,"SEP 2016 Annual SMR, Combined Sewer Discharge Frequency table"
Southeast/Bayside,North Shore,2016,12,1,"SEP 2016 Annual SMR, Combined Sewer Discharge Frequency table"
Southeast/Bayside,Central,2016,1,4,"SEP 2016 Annual SMR, Combined Sewer Discharge Frequency table"
Southeast/Bayside,Central,2016,2,0,"SEP 2016 Annual SMR, Combined Sewer Discharge Frequency table"
Southeast/Bayside,Central,2016,3,4,"SEP 2016 Annual SMR, Combined Sewer Discharge Frequency table"
Southeast/Bayside,Central,2016,4,0,"SEP 2016 Annual SMR, Combined Sewer Discharge Frequency table"
Southeast/Bayside,Central,2016,5,0,"SEP 2016 Annual SMR, Combined Sewer Discharge Frequency table"
Southeast/Bayside,Central,2016,6,0,"SEP 2016 Annual SMR, Combined Sewer Discharge Frequency table"
Southeast/Bayside,Central,2016,7,0,"SEP 2016 Annual SMR, Combined Sewer Discharge Frequency table"
Southeast/Bayside,Central,2016,8,0,"SEP 2016 Annual SMR, Combined Sewer Discharge Frequency table"
Southeast/Bayside,Central,2016,9,0,"SEP 2016 Annual SMR, Combined Sewer Discharge Frequency table"
Southeast/Bayside,Central,2016,10,2,"SEP 2016 Annual SMR, Combined Sewer Discharge Frequency table"
Southeast/Bayside,Central,2016,11,1,"SEP 2016 Annual SMR, Combined Sewer Discharge Frequency table"
Southeast/Bayside,Central,2016,12,4,"SEP 2016 Annual SMR, Combined Sewer Discharge Frequency table"
Southeast/Bayside,Southeast,2016,1,1,"SEP 2016 Annual SMR, Combined Sewer Discharge Frequency table"
Southeast/Bayside,Southeast,2016,2,0,"SEP 2016 Annual SMR, Combined Sewer Discharge Frequency table"
Southeast/Bayside,Southeast,2016,3,0,"SEP 2016 Annual SMR, Combined Sewer Discharge Frequency table"
Southeast/Bayside,Southeast,2016,4,0,"SEP 2016 Annual SMR, Combined Sewer Discharge Frequency table"
Southeast/Bayside,Southeast,2016,5,0,"SEP 2016 Annual SMR, Combined Sewer Discharge Frequency table"
Southeast/Bayside,Southeast,2016,6,0,"SEP 2016 Annual SMR, Combined Sewer Discharge Frequency table"
Southeast/Bayside,Southeast,2016,7,0,"SEP 2016 Annual SMR, Combined Sewer Discharge Frequency table"
Southeast/Bayside,Southeast,2016,8,0,"SEP 2016 Annual SMR, Combined Sewer Discharge Frequency table"
Southeast/Bayside,Southeast,2016,9,0,"SEP 2016 Annual SMR, Combined Sewer Discharge Frequency table"
Southeast/Bayside,Southeast,2016,10,0,"SEP 2016 Annual SMR, Combined Sewer Discharge Frequency table"
Southeast/Bayside,Southeast,2016,11,0,"SEP 2016 Annual SMR, Combined Sewer Discharge Frequency table"
Southeast/Bayside,Southeast,2016,12,0,"SEP 2016 Annual SMR, Combined Sewer Discharge Frequency table"
Southeast/Bayside,North Shore,2017,1,3,"SEP 2017 Annual SMR, Combined Sewer Discharge Frequency table"
Southeast/Bayside,North Shore,2017,2,3,"SEP 2017 Annual SMR, Combined Sewer Discharge Frequency table"
Southeast/Bayside,North Shore,2017,3,1,"SEP 2017 Annual SMR, Combined Sewer Discharge Frequency table"
Southeast/Bayside,North Shore,2017,4,1,"SEP 2017 Annual SMR, Combined Sewer Discharge Frequency table"
Southeast/Bayside,North Shore,2017,5,0,"SEP 2017 Annual SMR, Combined Sewer Discharge Frequency table"
Southeast/Bayside,North Shore,2017,6,0,"SEP 2017 Annual SMR, Combined Sewer Discharge Frequency table"
Southeast/Bayside,North Shore,2017,7,0,"SEP 2017 Annual SMR, Combined Sewer Discharge Frequency table"
Southeast/Bayside,North Shore,2017,8,0,"SEP 2017 Annual SMR, Combined Sewer Discharge Frequency table"
Southeast/Bayside,North Shore,2017,9,0,"SEP 2017 Annual SMR, Combined Sewer Discharge Frequency table"
Southeast/Bayside,North Shore,2017,10,0,"SEP 2017 Annual SMR, Combined Sewer Discharge Frequency table"
Southeast/Bayside,North Shore,2017,11,1,"SEP 2017 Annual SMR, Combined Sewer Discharge Frequency table"
Southeast/Bayside,North Shore,2017,12,0,"SEP 2017 Annual SMR, Combined Sewer Discharge Frequency table"
Southeast/Bayside,Central,2017,1,5,"SEP 2017 Annual SMR, Combined Sewer Discharge Frequency table"
Southeast/Bayside,Central,2017,2,4,"SEP 2017 Annual SMR, Combined Sewer Discharge Frequency table"
Southeast/Bayside,Central,2017,3,2,"SEP 2017 Annual SMR, Combined Sewer Discharge Frequency table"
Southeast/Bayside,Central,2017,4,1,"SEP 2017 Annual SMR, Combined Sewer Discharge Frequency table"
Southeast/Bayside,Central,2017,5,0,"SEP 2017 Annual SMR, Combined Sewer Discharge Frequency table"
Southeast/Bayside,Central,2017,6,0,"SEP 2017 Annual SMR, Combined Sewer Discharge Frequency table"
Southeast/Bayside,Central,2017,7,0,"SEP 2017 Annual SMR, Combined Sewer Discharge Frequency table"
Southeast/Bayside,Central,2017,8,0,"SEP 2017 Annual SMR, Combined Sewer Discharge Frequency table"
Southeast/Bayside,Central,2017,9,0,"SEP 2017 Annual SMR, Combined Sewer Discharge Frequency table"
Southeast/Bayside,Central,2017,10,0,"SEP 2017 Annual SMR, Combined Sewer Discharge Frequency table"
Southeast/Bayside,Central,2017,11,1,"SEP 2017 Annual SMR, Combined Sewer Discharge Frequency table"
Southeast/Bayside,Central,2017,12,0,"SEP 2017 Annual SMR, Combined Sewer Discharge Frequency table"
Southeast/Bayside,Southeast,2017,1,2,"SEP 2017 Annual SMR, Combined Sewer Discharge Frequency table"
Southeast/Bayside,Southeast,2017,2,0,"SEP 2017 Annual SMR, Combined Sewer Discharge Frequency table"
Southeast/Bayside,Southeast,2017,3,0,"SEP 2017 Annual SMR, Combined Sewer Discharge Frequency table"
Southeast/Bayside,Southeast,2017,4,0,"SEP 2017 Annual SMR, Combined Sewer Discharge Frequency table"
Southeast/Bayside,Southeast,2017,5,0,"SEP 2017 Annual SMR, Combined Sewer Discharge Frequency table"
Southeast/Bayside,Southeast,2017,6,0,"SEP 2017 Annual SMR, Combined Sewer Discharge Frequency table"
Southeast/Bayside,Southeast,2017,7,0,"SEP 2017 Annual SMR, Combined Sewer Discharge Frequency table"
Southeast/Bayside,Southeast,2017,8,0,"SEP 2017 Annual SMR, Combined Sewer Discharge Frequency table"
Southeast/Bayside,Southeast,2017,9,0,"SEP 2017 Annual SMR, Combined Sewer Discharge Frequency table"
Southeast/Bayside,Southeast,2017,10,0,"SEP 2017 Annual SMR, Combined Sewer Discharge Frequency table"
Southeast/Bayside,Southeast,2017,11,0,"SEP 2017 Annual SMR, Combined Sewer Discharge Frequency table"
Southeast/Bayside,Southeast,2017,12,0,"SEP 2017 Annual SMR, Combined Sewer Discharge Frequency table"
Oceanside,Westside,2011,1,1,"OSP 2011 Annual SMR, 2011 Discharges table"
Oceanside,Westside,2011,2,1,"OSP 2011 Annual SMR, 2011 Discharges table"
Oceanside,Westside,2011,3,2,"OSP 2011 Annual SMR, 2011 Discharges table"
Oceanside,Westside,2011,4,0,"OSP 2011 Annual SMR, 2011 Discharges table"
Oceanside,Westside,2011,5,0,"OSP 2011 Annual SMR, 2011 Discharges table"
Oceanside,Westside,2011,6,1,"OSP 2011 Annual SMR, 2011 Discharges table"
Oceanside,Westside,2011,7,0,"OSP 2011 Annual SMR, 2011 Discharges table"
Oceanside,Westside,2011,8,0,"OSP 2011 Annual SMR, 2011 Discharges table"
Oceanside,Westside,2011,9,0,"OSP 2011 Annual SMR, 2011 Discharges table"
Oceanside,Westside,2011,10,1,"OSP 2011 Annual SMR, 2011 Discharges table"
Oceanside,Westside,2011,11,0,"OSP 2011 Annual SMR, 2011 Discharges table"
Oceanside,Westside,2011,12,0,"OSP 2011 Annual SMR, 2011 Discharges table"
Oceanside,Westside,2012,1,2,"OSP 2012 Annual SMR, 2012 Discharges table"
Oceanside,Westside,2012,2,0,"OSP 2012 Annual SMR, 2012 Discharges table"
Oceanside,Westside,2012,3,1,"OSP 2012 Annual SMR, 2012 Discharges table"
Oceanside,Westside,2012,4,2,"OSP 2012 Annual SMR, 2012 Discharges table"
Oceanside,Westside,2012,5,0,"OSP 2012 Annual SMR, 2012 Discharges table"
Oceanside,Westside,2012,6,0,"OSP 2012 Annual SMR, 2012 Discharges table"
Oceanside,Westside,2012,7,0,"OSP 2012 Annual SMR, 2012 Discharges table"
Oceanside,Westside,2012,8,0,"OSP 2012 Annual SMR, 2012 Discharges table"
Oceanside,Westside,2012,9,0,"OSP 2012 Annual SMR, 2012 Discharges table"
Oceanside,Westside,2012,10,0,"OSP 2012 Annual SMR, 2012 Discharges table"
Oceanside,Westside,2012,11,3,"OSP 2012 Annual SMR, 2012 Discharges table"
Oceanside,Westside,2012,12,5,"OSP 2012 Annual SMR, 2012 Discharges table"
Oceanside,Westside,2013,1,0,monthly SMR cover letter 'This Month'
Oceanside,Westside,2013,2,0,monthly SMR cover letter 'This Month'
Oceanside,Westside,2013,3,0,monthly SMR cover letter 'This Month'
Oceanside,Westside,2013,4,0,monthly SMR cover letter 'This Month'
Oceanside,Westside,2013,5,0,monthly SMR cover letter 'This Month'
Oceanside,Westside,2013,6,0,monthly SMR cover letter 'This Month'
Oceanside,Westside,2013,7,0,monthly SMR cover letter 'This Month'
Oceanside,Westside,2013,8,0,monthly SMR cover letter 'This Month'
Oceanside,Westside,2013,9,0,monthly SMR cover letter 'This Month'
Oceanside,Westside,2013,10,0,monthly SMR cover letter 'This Month'
Oceanside,Westside,2013,11,1,monthly SMR cover letter 'This Month' (read from season-to-date difference)
Oceanside,Westside,2013,12,0,monthly SMR cover letter 'This Month'
Oceanside,Westside,2014,1,0,monthly SMR cover letter 'This Month'
Oceanside,Westside,2014,2,3,monthly SMR cover letter 'This Month'
Oceanside,Westside,2014,3,0,monthly SMR cover letter 'This Month'
Oceanside,Westside,2014,4,1,monthly SMR cover letter 'This Month' (read from season-to-date difference)
Oceanside,Westside,2014,5,0,monthly SMR cover letter 'This Month'
Oceanside,Westside,2014,6,0,monthly SMR cover letter 'This Month'
Oceanside,Westside,2014,7,0,monthly SMR cover letter 'This Month' (read from season-to-date difference)
Oceanside,Westside,2014,8,0,monthly SMR cover letter 'This Month'
Oceanside,Westside,2014,9,0,monthly SMR cover letter 'This Month'
Oceanside,Westside,2014,10,0,monthly SMR cover letter 'This Month'
Oceanside,Westside,2014,11,0,monthly SMR cover letter 'This Month'
Oceanside,Westside,2014,12,6,monthly SMR cover letter 'This Month'
Oceanside,Westside,2015,1,0,monthly SMR cover letter 'This Month'
Oceanside,Westside,2015,2,1,monthly SMR cover letter 'This Month'
Oceanside,Westside,2015,3,0,monthly SMR cover letter 'This Month'
Oceanside,Westside,2015,4,1,monthly SMR cover letter 'This Month'
Oceanside,Westside,2015,5,0,monthly SMR cover letter 'This Month'
Oceanside,Westside,2015,6,1,monthly SMR cover letter 'This Month'
Oceanside,Westside,2015,7,0,monthly SMR cover letter 'This Month'
Oceanside,Westside,2015,8,0,monthly SMR cover letter 'This Month'
Oceanside,Westside,2015,9,0,monthly SMR cover letter 'This Month'
Oceanside,Westside,2015,10,0,monthly SMR cover letter 'This Month'
Oceanside,Westside,2015,11,0,monthly SMR cover letter 'This Month'
Oceanside,Westside,2015,12,1,monthly SMR cover letter 'This Month'
Oceanside,Westside,2016,1,4,monthly SMR cover letter 'This Month'
Oceanside,Westside,2016,2,1,monthly SMR cover letter 'This Month'
Oceanside,Westside,2016,3,3,monthly SMR cover letter 'This Month'
Oceanside,Westside,2016,4,0,monthly SMR cover letter 'This Month'
Oceanside,Westside,2016,5,0,monthly SMR cover letter 'This Month'
Oceanside,Westside,2016,6,0,monthly SMR cover letter 'This Month'
Oceanside,Westside,2016,7,0,monthly SMR cover letter 'This Month'
Oceanside,Westside,2016,8,0,monthly SMR cover letter 'This Month'
Oceanside,Westside,2016,9,0,monthly SMR cover letter 'This Month'
Oceanside,Westside,2016,10,3,monthly SMR cover letter 'This Month'
Oceanside,Westside,2016,11,2,monthly SMR cover letter 'This Month'
Oceanside,Westside,2016,12,3,monthly SMR cover letter 'This Month'
Oceanside,Westside,2017,1,4,monthly SMR cover letter 'This Month'
Oceanside,Westside,2017,2,4,monthly SMR cover letter 'This Month' (read from season-to-date difference)
Oceanside,Westside,2017,3,3,monthly SMR cover letter 'This Month'
Oceanside,Westside,2017,4,1,monthly SMR cover letter 'This Month'
Oceanside,Westside,2017,5,0,monthly SMR cover letter 'This Month'
Oceanside,Westside,2017,6,0,monthly SMR cover letter 'This Month'
Oceanside,Westside,2017,7,0,monthly SMR cover letter 'This Month'
Oceanside,Westside,2017,8,0,monthly SMR cover letter 'This Month'
Oceanside,Westside,2017,9,0,monthly SMR cover letter 'This Month'
Oceanside,Westside,2017,10,0,monthly SMR cover letter 'This Month'
Oceanside,Westside,2017,11,2,monthly SMR cover letter 'This Month' (read from season-to-date difference)
Oceanside,Westside,2017,12,0,monthly SMR cover letter 'This Month'
