event_date,facility,outfall_id,outfall_name,basin,receiving_water,duration_hours,hours_as_printed,volume_MG,volume_flag,method,source_document,ciwqs_document_id,page,report_period,note
2011-03-18,Oceanside (CA0037681),CSD-001,Lake Merced,Oceanside,Pacific Ocean,0.0,0.0,0.21,,text_layer,OSP_2011-03_726630_733799_1_OSP_Monthly_WW_Report_March_2011.pdf,726630,,2011-03,
2011-03-18,Oceanside (CA0037681),CSD-007,Sea Cliff #2,Oceanside,Pacific Ocean,0.0,0.0,0.02,,text_layer,OSP_2011-03_726630_733799_1_OSP_Monthly_WW_Report_March_2011.pdf,726630,,2011-03,
2011-03-24,Oceanside (CA0037681),CSD-001,Lake Merced,Oceanside,Pacific Ocean,0.0,0.0,0.47,,text_layer,OSP_2011-03_726630_733799_1_OSP_Monthly_WW_Report_March_2011.pdf,726630,,2011-03,
2011-03-24,Oceanside (CA0037681),CSD-002,Vicente,Oceanside,Pacific Ocean,0.0,0.0,0.22,,text_layer,OSP_2011-03_726630_733799_1_OSP_Monthly_WW_Report_March_2011.pdf,726630,,2011-03,
2011-03-24,Oceanside (CA0037681),CSD-003,Lincoln,Oceanside,Pacific Ocean,0.0,0.0,1.94,,text_layer,OSP_2011-03_726630_733799_1_OSP_Monthly_WW_Report_March_2011.pdf,726630,,2011-03,
2011-03-24,Oceanside (CA0037681),CSD-007,Sea Cliff #2,Oceanside,Pacific Ocean,0.0,0.0,0.02,,text_layer,OSP_2011-03_726630_733799_1_OSP_Monthly_WW_Report_March_2011.pdf,726630,,2011-03,
2011-06-04,Oceanside (CA0037681),CSD-007,Sea Cliff #2,Oceanside,Pacific Ocean,0.033,0.033,0.0007,,text_layer,OSP_2011-06_726633_761836_OSP_Monthly_WW_Report_June_2011.pdf,726633,,2011-06,
2011-10-05,Oceanside (CA0037681),CSD-005,Sea Cliff #1,Oceanside,Pacific Ocean,0.08,0.08,0.01,,text_layer,OSP_2011-10_781897_826810_OSP_Monthly_WW_Report_October_2011.pdf,781897,,2011-10,
2011-10-05,Oceanside (CA0037681),CSD-007,Sea Cliff #2,Oceanside,Pacific Ocean,0.45,0.45,0.01,,text_layer,OSP_2011-10_781897_826810_OSP_Monthly_WW_Report_October_2011.pdf,781897,,2011-10,
2012-01-20,Oceanside (CA0037681),CSD-001,Lake Merced,Oceanside,Pacific Ocean,0.8,0.8,3.42,,text_layer,OSP_2012-01_781900_877704_OSP_Monthly_WW_Report_January_2012.pdf,781900,,2012-01,
2012-01-20,Oceanside (CA0037681),CSD-002,Vicente,Oceanside,Pacific Ocean,1.88,1.88,10.54,,text_layer,OSP_2012-01_781900_877704_OSP_Monthly_WW_Report_January_2012.pdf,781900,,2012-01,
2012-01-20,Oceanside (CA0037681),CSD-003,Lincoln,Oceanside,Pacific Ocean,1.7,1.7,26.87,,text_layer,OSP_2012-01_781900_877704_OSP_Monthly_WW_Report_January_2012.pdf,781900,,2012-01,
2012-01-20,Oceanside (CA0037681),CSD-007,Sea Cliff #2,Oceanside,Pacific Ocean,0.38,0.38,0.01,,text_layer,OSP_2012-01_781900_877704_OSP_Monthly_WW_Report_January_2012.pdf,781900,,2012-01,
2012-01-21,Oceanside (CA0037681),CSD-002,Vicente,Oceanside,Pacific Ocean,0.5,0.5,2.8,,text_layer,OSP_2012-01_781900_877704_OSP_Monthly_WW_Report_January_2012.pdf,781900,,2012-01,
2012-01-21,Oceanside (CA0037681),CSD-003,Lincoln,Oceanside,Pacific Ocean,0.85,0.85,12.38,,text_layer,OSP_2012-01_781900_877704_OSP_Monthly_WW_Report_January_2012.pdf,781900,,2012-01,
2012-03-16,Oceanside (CA0037681),CSD-001,Lake Merced,Oceanside,Pacific Ocean,0.11,0.11,0.02,,text_layer,OSP_2012-03_781902_937404_OSP_Monthly_WW_Report_March_2012.pdf,781902,,2012-03,
2012-03-16,Oceanside (CA0037681),CSD-002,Vicente,Oceanside,Pacific Ocean,3.3,3.3,20.27,,text_layer,OSP_2012-03_781902_937404_OSP_Monthly_WW_Report_March_2012.pdf,781902,,2012-03,
2012-03-16,Oceanside (CA0037681),CSD-003,Lincoln,Oceanside,Pacific Ocean,3.3,3.3,32.23,,text_layer,OSP_2012-03_781902_937404_OSP_Monthly_WW_Report_March_2012.pdf,781902,,2012-03,
2012-03-17,Oceanside (CA0037681),CSD-002,Vicente,Oceanside,Pacific Ocean,0.7,0.7,0.17,,text_layer,OSP_2012-03_781902_937404_OSP_Monthly_WW_Report_March_2012.pdf,781902,,2012-03,
2012-03-17,Oceanside (CA0037681),CSD-003,Lincoln,Oceanside,Pacific Ocean,0.83,0.83,0.74,,text_layer,OSP_2012-03_781902_937404_OSP_Monthly_WW_Report_March_2012.pdf,781902,,2012-03,
2012-04-11,Oceanside (CA0037681),CSD-002,Vicente,Oceanside,Pacific Ocean,0.15,0.15,0.01,,text_layer,OSP_2012-04_781903_953445_SF_OSP_April_SMR_2012.pdf,781903,,2012-04,
2012-04-12,Oceanside (CA0037681),CSD-001,Lake Merced,Oceanside,Pacific Ocean,0.33,0.33,4.22,,text_layer,OSP_2012-04_781903_953445_SF_OSP_April_SMR_2012.pdf,781903,,2012-04,
2012-11-21,Oceanside (CA0037681),CSD-001,Lake Merced,Oceanside,Pacific Ocean,1.25,1.25,1.55,,hand_read,OSP_2012-11_781910_1128647_SF_OSP_November__2012_SMR-DMR.pdf,781910,16,2012-11,
2012-11-21,Oceanside (CA0037681),CSD-002,Vicente,Oceanside,Pacific Ocean,4.44,4.44,0.61,,hand_read,OSP_2012-11_781910_1128647_SF_OSP_November__2012_SMR-DMR.pdf,781910,16,2012-11,
2012-11-21,Oceanside (CA0037681),CSD-003,Lincoln,Oceanside,Pacific Ocean,4.44,4.44,4.94,,hand_read,OSP_2012-11_781910_1128647_SF_OSP_November__2012_SMR-DMR.pdf,781910,16,2012-11,
2012-11-28,Oceanside (CA0037681),CSD-005,Sea Cliff #1,Oceanside,Pacific Ocean,0.0,0.00,0.23,,hand_read,OSP_2012-11_781910_1128647_SF_OSP_November__2012_SMR-DMR.pdf,781910,16,2012-11,
2012-11-28,Oceanside (CA0037681),CSD-007,Sea Cliff #2,Oceanside,Pacific Ocean,0.0,0.00,0.01,,hand_read,OSP_2012-11_781910_1128647_SF_OSP_November__2012_SMR-DMR.pdf,781910,16,2012-11,
2012-11-30,Oceanside (CA0037681),CSD-001,Lake Merced,Oceanside,Pacific Ocean,6.67,6.67,1.50,,hand_read,OSP_2012-11_781910_1128647_SF_OSP_November__2012_SMR-DMR.pdf,781910,16,2012-11,
2012-11-30,Oceanside (CA0037681),CSD-002,Vicente,Oceanside,Pacific Ocean,8.2,8.20,4.97,,hand_read,OSP_2012-11_781910_1128647_SF_OSP_November__2012_SMR-DMR.pdf,781910,16,2012-11,
2012-11-30,Oceanside (CA0037681),CSD-003,Lincoln,Oceanside,Pacific Ocean,9.5,9.50,28.94,,hand_read,OSP_2012-11_781910_1128647_SF_OSP_November__2012_SMR-DMR.pdf,781910,16,2012-11,
2012-12-02,Oceanside (CA0037681),,"Westside, outfall not stated",Oceanside,Pacific Ocean,,,27.54,basin_total_from_eSMR_analytical,eSMR_analytical,"data.ca.gov eSMR Analytical Data 2012 (location EFF-CSD, parameter Flow)",781911,,2012-12,no per-outfall table online for Dec 2012; basin-day volume; cover letter: 5 discharges this month
2012-12-05,Oceanside (CA0037681),,"Westside, outfall not stated",Oceanside,Pacific Ocean,,,5.9,basin_total_from_eSMR_analytical,eSMR_analytical,"data.ca.gov eSMR Analytical Data 2012 (location EFF-CSD, parameter Flow)",781911,,2012-12,no per-outfall table online for Dec 2012; basin-day volume; cover letter: 5 discharges this month
2012-12-22,Oceanside (CA0037681),,"Westside, outfall not stated",Oceanside,Pacific Ocean,,,0.01,basin_total_from_eSMR_analytical,eSMR_analytical,"data.ca.gov eSMR Analytical Data 2012 (location EFF-CSD, parameter Flow)",781911,,2012-12,no per-outfall table online for Dec 2012; basin-day volume; cover letter: 5 discharges this month
2012-12-23,Oceanside (CA0037681),,"Westside, outfall not stated",Oceanside,Pacific Ocean,,,2.76,basin_total_from_eSMR_analytical,eSMR_analytical,"data.ca.gov eSMR Analytical Data 2012 (location EFF-CSD, parameter Flow)",781911,,2012-12,no per-outfall table online for Dec 2012; basin-day volume; cover letter: 5 discharges this month
2012-12-25,Oceanside (CA0037681),,"Westside, outfall not stated",Oceanside,Pacific Ocean,,,8.58,basin_total_from_eSMR_analytical,eSMR_analytical,"data.ca.gov eSMR Analytical Data 2012 (location EFF-CSD, parameter Flow)",781911,,2012-12,no per-outfall table online for Dec 2012; basin-day volume; cover letter: 5 discharges this month
2013-11-20,Oceanside (CA0037681),CSD-001,Lake Merced,Oceanside,Pacific Ocean,0.767,0:46,0.24,,hand_read,OSP_2013-11_781922_1370434_OSP_11-13_SMR.pdf,781922,13,2013-11,
2013-11-20,Oceanside (CA0037681),CSD-002,Vicente,Oceanside,Pacific Ocean,0.967,0:58,0.46,,hand_read,OSP_2013-11_781922_1370434_OSP_11-13_SMR.pdf,781922,13,2013-11,
2013-11-20,Oceanside (CA0037681),CSD-003,Lincoln,Oceanside,Pacific Ocean,0.733,0:44,1.01,,hand_read,OSP_2013-11_781922_1370434_OSP_11-13_SMR.pdf,781922,13,2013-11,
2014-02-08,Oceanside (CA0037681),CSD-005,Sea Cliff #1,Oceanside,Pacific Ocean,0.317,0:19,0.01,,hand_read,OSP_2014-02_781925_1418127_OSP_2-14_SMR.pdf,781925,13,2014-02,
2014-02-09,Oceanside (CA0037681),CSD-001,Lake Merced,Oceanside,Pacific Ocean,2.183,2:11,9.59,,hand_read,OSP_2014-02_781925_1418127_OSP_2-14_SMR.pdf,781925,13,2014-02,
2014-02-09,Oceanside (CA0037681),CSD-002,Vicente,Oceanside,Pacific Ocean,2.25,2:15,8.01,,hand_read,OSP_2014-02_781925_1418127_OSP_2-14_SMR.pdf,781925,13,2014-02,
2014-02-09,Oceanside (CA0037681),CSD-003,Lincoln,Oceanside,Pacific Ocean,2.317,2:19,15.60,,hand_read,OSP_2014-02_781925_1418127_OSP_2-14_SMR.pdf,781925,13,2014-02,
2014-02-09,Oceanside (CA0037681),CSD-006,Sea Cliff Brick Sewer,Oceanside,Pacific Ocean,0.35,0:21,0.05,,hand_read,OSP_2014-02_781925_1418127_OSP_2-14_SMR.pdf,781925,13,2014-02,
2014-02-09,Oceanside (CA0037681),CSD-007,Sea Cliff #2,Oceanside,Pacific Ocean,0.533,0:32,0.02,,hand_read,OSP_2014-02_781925_1418127_OSP_2-14_SMR.pdf,781925,13,2014-02,
2014-02-26,Oceanside (CA0037681),CSD-001,Lake Merced,Oceanside,Pacific Ocean,0.117,0:07,0.05,,hand_read,OSP_2014-02_781925_1418127_OSP_2-14_SMR.pdf,781925,13,2014-02,
2014-04-01,Oceanside (CA0037681),CSD-007,Sea Cliff #2,Oceanside,Pacific Ocean,0.067,0:04,0.00,,hand_read,OSP_2014-04_781927_1452096_OSP_4-14_SMR.pdf,781927,13,2014-04,day total printed 0.001
2014-12-02,Oceanside (CA0037681),CSD-001,Lake Merced,Oceanside,Pacific Ocean,2.467,2:28,4.31,,hand_read,OSP_2014-12_1531358_1564422_OSP_12-14_SMR.pdf,1531358,11,2014-12,
2014-12-02,Oceanside (CA0037681),CSD-002,Vicente,Oceanside,Pacific Ocean,3.567,3:34,5.43,,hand_read,OSP_2014-12_1531358_1564422_OSP_12-14_SMR.pdf,1531358,11,2014-12,
2014-12-02,Oceanside (CA0037681),CSD-003,Lincoln,Oceanside,Pacific Ocean,3.867,3:52,18.08,,hand_read,OSP_2014-12_1531358_1564422_OSP_12-14_SMR.pdf,1531358,11,2014-12,
2014-12-03,Oceanside (CA0037681),CSD-001,Lake Merced,Oceanside,Pacific Ocean,1.667,1:40,12.42,,hand_read,OSP_2014-12_1531358_1564422_OSP_12-14_SMR.pdf,1531358,11,2014-12,
2014-12-03,Oceanside (CA0037681),CSD-002,Vicente,Oceanside,Pacific Ocean,1.717,1:43,16.62,,hand_read,OSP_2014-12_1531358_1564422_OSP_12-14_SMR.pdf,1531358,11,2014-12,
2014-12-03,Oceanside (CA0037681),CSD-003,Lincoln,Oceanside,Pacific Ocean,1.9,1:54,24.50,,hand_read,OSP_2014-12_1531358_1564422_OSP_12-14_SMR.pdf,1531358,11,2014-12,
2014-12-11,Oceanside (CA0037681),CSD-001,Lake Merced,Oceanside,Pacific Ocean,,NA,,not_measured,hand_read,OSP_2014-12_1531358_1564422_OSP_12-14_SMR.pdf,1531358,11,2014-12,cell printed NA (red) - data unavailable; eSMR analytical EFF-CSD flow that day 46.16
2014-12-11,Oceanside (CA0037681),CSD-002,Vicente,Oceanside,Pacific Ocean,,NA,,not_measured,hand_read,OSP_2014-12_1531358_1564422_OSP_12-14_SMR.pdf,1531358,11,2014-12,cell printed NA (red) - data unavailable
2014-12-11,Oceanside (CA0037681),CSD-003,Lincoln,Oceanside,Pacific Ocean,,NA,,not_measured,hand_read,OSP_2014-12_1531358_1564422_OSP_12-14_SMR.pdf,1531358,11,2014-12,cell printed NA (red) - data unavailable
2014-12-11,Oceanside (CA0037681),CSD-005,Sea Cliff #1,Oceanside,Pacific Ocean,0.267,0:16,0.00,,hand_read,OSP_2014-12_1531358_1564422_OSP_12-14_SMR.pdf,1531358,11,2014-12,
2014-12-11,Oceanside (CA0037681),CSD-006,Sea Cliff Brick Sewer,Oceanside,Pacific Ocean,2.267,2:16,0.37,,hand_read,OSP_2014-12_1531358_1564422_OSP_12-14_SMR.pdf,1531358,11,2014-12,
2014-12-11,Oceanside (CA0037681),CSD-007,Sea Cliff #2,Oceanside,Pacific Ocean,0.8,0:48,0.03,,hand_read,OSP_2014-12_1531358_1564422_OSP_12-14_SMR.pdf,1531358,11,2014-12,
2014-12-12,Oceanside (CA0037681),CSD-003,Lincoln,Oceanside,Pacific Ocean,0.283,0:17,0.11,,hand_read,OSP_2014-12_1531358_1564422_OSP_12-14_SMR.pdf,1531358,11,2014-12,
2014-12-15,Oceanside (CA0037681),CSD-001,Lake Merced,Oceanside,Pacific Ocean,1.817,1:49,2.91,,hand_read,OSP_2014-12_1531358_1564422_OSP_12-14_SMR.pdf,1531358,11,2014-12,
2014-12-15,Oceanside (CA0037681),CSD-002,Vicente,Oceanside,Pacific Ocean,2.917,2:55,2.51,,hand_read,OSP_2014-12_1531358_1564422_OSP_12-14_SMR.pdf,1531358,11,2014-12,
2014-12-15,Oceanside (CA0037681),CSD-003,Lincoln,Oceanside,Pacific Ocean,2.867,2:52,6.37,,hand_read,OSP_2014-12_1531358_1564422_OSP_12-14_SMR.pdf,1531358,11,2014-12,
2014-12-15,Oceanside (CA0037681),CSD-005,Sea Cliff #1,Oceanside,Pacific Ocean,0.367,0:22,0.01,,hand_read,OSP_2014-12_1531358_1564422_OSP_12-14_SMR.pdf,1531358,11,2014-12,
2014-12-15,Oceanside (CA0037681),CSD-007,Sea Cliff #2,Oceanside,Pacific Ocean,0.217,0:13,0.01,,hand_read,OSP_2014-12_1531358_1564422_OSP_12-14_SMR.pdf,1531358,11,2014-12,
2014-12-16,Oceanside (CA0037681),CSD-005,Sea Cliff #1,Oceanside,Pacific Ocean,0.183,0:11,0.00,,hand_read,OSP_2014-12_1531358_1564422_OSP_12-14_SMR.pdf,1531358,11,2014-12,day total printed 0.01
2014-12-16,Oceanside (CA0037681),CSD-007,Sea Cliff #2,Oceanside,Pacific Ocean,0.217,0:13,0.00,,hand_read,OSP_2014-12_1531358_1564422_OSP_12-14_SMR.pdf,1531358,11,2014-12,
2014-12-19,Oceanside (CA0037681),CSD-001,Lake Merced,Oceanside,Pacific Ocean,1.567,1:34,0.63,,hand_read,OSP_2014-12_1531358_1564422_OSP_12-14_SMR.pdf,1531358,11,2014-12,
2014-12-19,Oceanside (CA0037681),CSD-002,Vicente,Oceanside,Pacific Ocean,1.7,1:42,0.69,,hand_read,OSP_2014-12_1531358_1564422_OSP_12-14_SMR.pdf,1531358,11,2014-12,
2014-12-19,Oceanside (CA0037681),CSD-003,Lincoln,Oceanside,Pacific Ocean,1.517,1:31,1.97,,hand_read,OSP_2014-12_1531358_1564422_OSP_12-14_SMR.pdf,1531358,11,2014-12,
2015-02-08,Oceanside (CA0037681),CSD-001,Lake Merced,Oceanside,Pacific Ocean,0.767,0:46,0.88,,hand_read,OSP_2015-02_1568767_1595710_OSP_2-15_SMR.pdf,1568767,5,2015-02,
2015-02-08,Oceanside (CA0037681),CSD-002,Vicente,Oceanside,Pacific Ocean,0.317,0:19,0.14,,hand_read,OSP_2015-02_1568767_1595710_OSP_2-15_SMR.pdf,1568767,5,2015-02,
2015-04-07,Oceanside (CA0037681),CSD-007,Sea Cliff #2,Oceanside,Pacific Ocean,0.1,0:06,0.00,,hand_read,OSP_2015-04_1598402_1630780_OSP_4-15_SMR.pdf,1598402,5,2015-04,day total printed 0.002
2015-06-10,Oceanside (CA0037681),CSD-005,Sea Cliff #1,Oceanside,Pacific Ocean,15.183,15:11,0.001,,hand_read,OSP_2015-06_1636866_1667360_OSP_6-15_SMR_rev_08-17.pdf,1636866,7,2015-06,"printed 15:11*; cover letter: unauthorized dry-weather discharge Jun 10-11 2015 from Seacliff 1 PS overflow, Bubbler Level Control Panel failure, ~1000 gallons"
2015-12-13,Oceanside (CA0037681),CSD-001,Lake Merced,Oceanside,Pacific Ocean,1.217,1:13,2.53,,hand_read,OSP_2015-12_1709980_1731817_OSP_12-15_SMR.pdf,1709980,11,2015-12,
2015-12-13,Oceanside (CA0037681),CSD-002,Vicente,Oceanside,Pacific Ocean,0.55,0:33,0.14,,hand_read,OSP_2015-12_1709980_1731817_OSP_12-15_SMR.pdf,1709980,11,2015-12,
2015-12-13,Oceanside (CA0037681),CSD-007,Sea Cliff #2,Oceanside,Pacific Ocean,0.533,0:32,0.02,,hand_read,OSP_2015-12_1709980_1731817_OSP_12-15_SMR.pdf,1709980,11,2015-12,
2016-01-05,Oceanside (CA0037681),CSD-001,Lake Merced,Oceanside,Pacific Ocean,0.183,0:11,0.10,,hand_read,OSP_2016-01_1721777_1751497_OSP_1-16_SMR.pdf,1721777,9,2016-01,
2016-01-05,Oceanside (CA0037681),CSD-007,Sea Cliff #2,Oceanside,Pacific Ocean,0.267,0:16,0.01,,hand_read,OSP_2016-01_1721777_1751497_OSP_1-16_SMR.pdf,1721777,9,2016-01,
2016-01-06,Oceanside (CA0037681),CSD-001,Lake Merced,Oceanside,Pacific Ocean,1.7,1:42,1.68,,hand_read,OSP_2016-01_1721777_1751497_OSP_1-16_SMR.pdf,1721777,9,2016-01,
2016-01-06,Oceanside (CA0037681),CSD-002,Vicente,Oceanside,Pacific Ocean,1.933,1:56,2.79,,hand_read,OSP_2016-01_1721777_1751497_OSP_1-16_SMR.pdf,1721777,9,2016-01,
2016-01-06,Oceanside (CA0037681),CSD-003,Lincoln,Oceanside,Pacific Ocean,0.483,0:29,0.07,,hand_read,OSP_2016-01_1721777_1751497_OSP_1-16_SMR.pdf,1721777,9,2016-01,
2016-01-17,Oceanside (CA0037681),CSD-001,Lake Merced,Oceanside,Pacific Ocean,1.583,1:35,6.81,,hand_read,OSP_2016-01_1721777_1751497_OSP_1-16_SMR.pdf,1721777,9,2016-01,
2016-01-17,Oceanside (CA0037681),CSD-002,Vicente,Oceanside,Pacific Ocean,1.2,1:12,3.67,,hand_read,OSP_2016-01_1721777_1751497_OSP_1-16_SMR.pdf,1721777,9,2016-01,
2016-01-17,Oceanside (CA0037681),CSD-003,Lincoln,Oceanside,Pacific Ocean,0.367,0:22,0.08,,hand_read,OSP_2016-01_1721777_1751497_OSP_1-16_SMR.pdf,1721777,9,2016-01,
2016-01-17,Oceanside (CA0037681),CSD-007,Sea Cliff #2,Oceanside,Pacific Ocean,0.217,0:13,0.01,,hand_read,OSP_2016-01_1721777_1751497_OSP_1-16_SMR.pdf,1721777,9,2016-01,
2016-01-18,Oceanside (CA0037681),CSD-001,Lake Merced,Oceanside,Pacific Ocean,1.117,1:07,1.48,,hand_read,OSP_2016-01_1721777_1751497_OSP_1-16_SMR.pdf,1721777,9,2016-01,
2016-01-18,Oceanside (CA0037681),CSD-002,Vicente,Oceanside,Pacific Ocean,2.75,2:45,2.44,,hand_read,OSP_2016-01_1721777_1751497_OSP_1-16_SMR.pdf,1721777,9,2016-01,day total printed 3.91
2016-01-19,Oceanside (CA0037681),CSD-001,Lake Merced,Oceanside,Pacific Ocean,1.85,1:51,2.27,,hand_read,OSP_2016-01_1721777_1751497_OSP_1-16_SMR.pdf,1721777,9,2016-01,
2016-01-19,Oceanside (CA0037681),CSD-002,Vicente,Oceanside,Pacific Ocean,2.25,2:15,3.01,,hand_read,OSP_2016-01_1721777_1751497_OSP_1-16_SMR.pdf,1721777,9,2016-01,
2016-01-19,Oceanside (CA0037681),CSD-003,Lincoln,Oceanside,Pacific Ocean,0.383,0:23,0.26,,hand_read,OSP_2016-01_1721777_1751497_OSP_1-16_SMR.pdf,1721777,9,2016-01,
2016-01-19,Oceanside (CA0037681),CSD-007,Sea Cliff #2,Oceanside,Pacific Ocean,0.083,0:05,0.001,,hand_read,OSP_2016-01_1721777_1751497_OSP_1-16_SMR.pdf,1721777,9,2016-01,
2016-02-19,Oceanside (CA0037681),CSD-005,Sea Cliff #1,Oceanside,Pacific Ocean,0.25,0:15,0.012,,hand_read,OSP_2016-02_1734601_1759540_OSP_2-16_SMR.pdf,1734601,5,2016-02,
2016-03-05,Oceanside (CA0037681),CSD-001,Lake Merced,Oceanside,Pacific Ocean,1.667,1:40,4.06,,hand_read,OSP_2016-03_1752174_1770989_OSP_3-16_SMR.pdf,1752174,11,2016-03,
2016-03-05,Oceanside (CA0037681),CSD-002,Vicente,Oceanside,Pacific Ocean,1.567,1:34,3.49,,hand_read,OSP_2016-03_1752174_1770989_OSP_3-16_SMR.pdf,1752174,11,2016-03,
2016-03-05,Oceanside (CA0037681),CSD-003,Lincoln,Oceanside,Pacific Ocean,0.667,0:40,0.30,,hand_read,OSP_2016-03_1752174_1770989_OSP_3-16_SMR.pdf,1752174,11,2016-03,
2016-03-10,Oceanside (CA0037681),CSD-001,Lake Merced,Oceanside,Pacific Ocean,2.183,2:11,1.66,,hand_read,OSP_2016-03_1752174_1770989_OSP_3-16_SMR.pdf,1752174,11,2016-03,
2016-03-10,Oceanside (CA0037681),CSD-002,Vicente,Oceanside,Pacific Ocean,1.867,1:52,0.96,,hand_read,OSP_2016-03_1752174_1770989_OSP_3-16_SMR.pdf,1752174,11,2016-03,
2016-03-10,Oceanside (CA0037681),CSD-003,Lincoln,Oceanside,Pacific Ocean,2.0,2:00,0.89,,hand_read,OSP_2016-03_1752174_1770989_OSP_3-16_SMR.pdf,1752174,11,2016-03,
2016-03-12,Oceanside (CA0037681),CSD-001,Lake Merced,Oceanside,Pacific Ocean,2.767,2:46,6.50,,hand_read,OSP_2016-03_1752174_1770989_OSP_3-16_SMR.pdf,1752174,11,2016-03,
2016-03-12,Oceanside (CA0037681),CSD-002,Vicente,Oceanside,Pacific Ocean,2.633,2:38,5.61,,hand_read,OSP_2016-03_1752174_1770989_OSP_3-16_SMR.pdf,1752174,11,2016-03,
2016-03-12,Oceanside (CA0037681),CSD-003,Lincoln,Oceanside,Pacific Ocean,0.767,0:46,0.57,,hand_read,OSP_2016-03_1752174_1770989_OSP_3-16_SMR.pdf,1752174,11,2016-03,
2016-10-15,Oceanside (CA0037681),CSD-007,Sea Cliff #2,Oceanside,Pacific Ocean,0.1,0:06,0.001,,hand_read,OSP_2016-10_1835660_1859002_OSP_10-16_SMR.pdf,1835660,9,2016-10,
2016-10-24,Oceanside (CA0037681),CSD-007,Sea Cliff #2,Oceanside,Pacific Ocean,0.333,0:20,0.01,,hand_read,OSP_2016-10_1835660_1859002_OSP_10-16_SMR.pdf,1835660,9,2016-10,
2016-10-27,Oceanside (CA0037681),CSD-005,Sea Cliff #1,Oceanside,Pacific Ocean,0.517,0:31,0.07,,hand_read,OSP_2016-10_1835660_1859002_OSP_10-16_SMR.pdf,1835660,9,2016-10,
2016-11-20,Oceanside (CA0037681),CSD-007,Sea Cliff #2,Oceanside,Pacific Ocean,0.067,0:04,0.00086,,hand_read,OSP_2016-11_1847716_1868737_OSP_11-16_SMR.pdf,1847716,9,2016-11,
2016-11-22,Oceanside (CA0037681),CSD-007,Sea Cliff #2,Oceanside,Pacific Ocean,0.317,0:19,0.01386,,hand_read,OSP_2016-11_1847716_1868737_OSP_11-16_SMR.pdf,1847716,9,2016-11,
2016-12-10,Oceanside (CA0037681),CSD-001,Lake Merced,Oceanside,Pacific Ocean,0.717,0:43,1.01,,hand_read,OSP_2016-12_1860022_1883215_OSP_12-16_SMR.pdf,1860022,11,2016-12,
2016-12-10,Oceanside (CA0037681),CSD-002,Vicente,Oceanside,Pacific Ocean,0.783,0:47,0.20,,hand_read,OSP_2016-12_1860022_1883215_OSP_12-16_SMR.pdf,1860022,11,2016-12,
2016-12-10,Oceanside (CA0037681),CSD-003,Lincoln,Oceanside,Pacific Ocean,0.9,0:54,0.55,,hand_read,OSP_2016-12_1860022_1883215_OSP_12-16_SMR.pdf,1860022,11,2016-12,
2016-12-15,Oceanside (CA0037681),CSD-001,Lake Merced,Oceanside,Pacific Ocean,2.967,2:58,3.11,,hand_read,OSP_2016-12_1860022_1883215_OSP_12-16_SMR.pdf,1860022,11,2016-12,
2016-12-15,Oceanside (CA0037681),CSD-002,Vicente,Oceanside,Pacific Ocean,3.633,3:38,0.92,,hand_read,OSP_2016-12_1860022_1883215_OSP_12-16_SMR.pdf,1860022,11,2016-12,
2016-12-15,Oceanside (CA0037681),CSD-003,Lincoln,Oceanside,Pacific Ocean,5.117,5:07,3.13,,hand_read,OSP_2016-12_1860022_1883215_OSP_12-16_SMR.pdf,1860022,11,2016-12,
2016-12-23,Oceanside (CA0037681),CSD-001,Lake Merced,Oceanside,Pacific Ocean,0.733,0:44,1.31,,hand_read,OSP_2016-12_1860022_1883215_OSP_12-16_SMR.pdf,1860022,11,2016-12,
2016-12-23,Oceanside (CA0037681),CSD-002,Vicente,Oceanside,Pacific Ocean,0.25,0:15,0.76,,hand_read,OSP_2016-12_1860022_1883215_OSP_12-16_SMR.pdf,1860022,11,2016-12,
2016-12-23,Oceanside (CA0037681),CSD-003,Lincoln,Oceanside,Pacific Ocean,1.25,1:15,0.76,,hand_read,OSP_2016-12_1860022_1883215_OSP_12-16_SMR.pdf,1860022,11,2016-12,
2017-01-08,Oceanside (CA0037681),CSD-001,Lake Merced,Oceanside,Pacific Ocean,2.567,2:34,2.78,,hand_read,OSP_2017-01_1871743_1896969_OSP_1-17_SMR.pdf,1871743,9,2017-01,
2017-01-08,Oceanside (CA0037681),CSD-002,Vicente,Oceanside,Pacific Ocean,3.583,3:35,0.91,,hand_read,OSP_2017-01_1871743_1896969_OSP_1-17_SMR.pdf,1871743,9,2017-01,
2017-01-08,Oceanside (CA0037681),CSD-003,Lincoln,Oceanside,Pacific Ocean,4.583,4:35,2.80,,hand_read,OSP_2017-01_1871743_1896969_OSP_1-17_SMR.pdf,1871743,9,2017-01,
2017-01-08,Oceanside (CA0037681),CSD-007,Sea Cliff #2,Oceanside,Pacific Ocean,0.083,0:05,0.00132,,hand_read,OSP_2017-01_1871743_1896969_OSP_1-17_SMR.pdf,1871743,9,2017-01,
2017-01-10,Oceanside (CA0037681),CSD-001,Lake Merced,Oceanside,Pacific Ocean,2.033,2:02,3.36,,hand_read,OSP_2017-01_1871743_1896969_OSP_1-17_SMR.pdf,1871743,9,2017-01,
2017-01-10,Oceanside (CA0037681),CSD-002,Vicente,Oceanside,Pacific Ocean,1.9,1:54,0.48,,hand_read,OSP_2017-01_1871743_1896969_OSP_1-17_SMR.pdf,1871743,9,2017-01,
2017-01-10,Oceanside (CA0037681),CSD-003,Lincoln,Oceanside,Pacific Ocean,2.067,2:04,0.71,,hand_read,OSP_2017-01_1871743_1896969_OSP_1-17_SMR.pdf,1871743,9,2017-01,
2017-01-10,Oceanside (CA0037681),CSD-007,Sea Cliff #2,Oceanside,Pacific Ocean,0.283,0:17,0.01,,hand_read,OSP_2017-01_1871743_1896969_OSP_1-17_SMR.pdf,1871743,9,2017-01,
2017-01-11,Oceanside (CA0037681),CSD-001,Lake Merced,Oceanside,Pacific Ocean,0.517,0:31,1.35,,hand_read,OSP_2017-01_1871743_1896969_OSP_1-17_SMR.pdf,1871743,9,2017-01,
2017-01-11,Oceanside (CA0037681),CSD-002,Vicente,Oceanside,Pacific Ocean,0.6,0:36,0.15,,hand_read,OSP_2017-01_1871743_1896969_OSP_1-17_SMR.pdf,1871743,9,2017-01,
2017-01-11,Oceanside (CA0037681),CSD-003,Lincoln,Oceanside,Pacific Ocean,0.85,0:51,0.52,,hand_read,OSP_2017-01_1871743_1896969_OSP_1-17_SMR.pdf,1871743,9,2017-01,
2017-01-18,Oceanside (CA0037681),CSD-007,Sea Cliff #2,Oceanside,Pacific Ocean,0.133,0:08,0.003,,hand_read,OSP_2017-01_1871743_1896969_OSP_1-17_SMR.pdf,1871743,9,2017-01,
2017-01-20,Oceanside (CA0037681),CSD-001,Lake Merced,Oceanside,Pacific Ocean,5.417,5:25,17.37,,hand_read,OSP_2017-01_1871743_1896969_OSP_1-17_SMR.pdf,1871743,9,2017-01,
2017-01-20,Oceanside (CA0037681),CSD-002,Vicente,Oceanside,Pacific Ocean,0.2,0:12,0.05,,hand_read,OSP_2017-01_1871743_1896969_OSP_1-17_SMR.pdf,1871743,9,2017-01,
2017-01-20,Oceanside (CA0037681),CSD-007,Sea Cliff #2,Oceanside,Pacific Ocean,0.2,0:12,0.006,,hand_read,OSP_2017-01_1871743_1896969_OSP_1-17_SMR.pdf,1871743,9,2017-01,
2017-02-07,Oceanside (CA0037681),CSD-001,Lake Merced,Oceanside,Pacific Ocean,1.067,1:04,1.18,,hand_read,OSP_2017-02_1884832_1907122_OSP_2-17_SMR.pdf,1884832,9,2017-02,
2017-02-07,Oceanside (CA0037681),CSD-002,Vicente,Oceanside,Pacific Ocean,0.967,0:58,0.24,,hand_read,OSP_2017-02_1884832_1907122_OSP_2-17_SMR.pdf,1884832,9,2017-02,
2017-02-07,Oceanside (CA0037681),CSD-003,Lincoln,Oceanside,Pacific Ocean,1.267,1:16,0.77,,hand_read,OSP_2017-02_1884832_1907122_OSP_2-17_SMR.pdf,1884832,9,2017-02,
2017-02-07,Oceanside (CA0037681),CSD-007,Sea Cliff #2,Oceanside,Pacific Ocean,0.117,0:07,0.0026,,hand_read,OSP_2017-02_1884832_1907122_OSP_2-17_SMR.pdf,1884832,9,2017-02,
2017-02-18,Oceanside (CA0037681),CSD-007,Sea Cliff #2,Oceanside,Pacific Ocean,0.05,0:03,0.0009,,hand_read,OSP_2017-02_1884832_1907122_OSP_2-17_SMR.pdf,1884832,9,2017-02,
2017-02-20,Oceanside (CA0037681),CSD-001,Lake Merced,Oceanside,Pacific Ocean,3.4,3:24,4.81,,hand_read,OSP_2017-02_1884832_1907122_OSP_2-17_SMR.pdf,1884832,9,2017-02,
2017-02-20,Oceanside (CA0037681),CSD-002,Vicente,Oceanside,Pacific Ocean,3.017,3:01,0.76,,hand_read,OSP_2017-02_1884832_1907122_OSP_2-17_SMR.pdf,1884832,9,2017-02,
2017-02-20,Oceanside (CA0037681),CSD-003,Lincoln,Oceanside,Pacific Ocean,6.65,6:39,4.07,,hand_read,OSP_2017-02_1884832_1907122_OSP_2-17_SMR.pdf,1884832,9,2017-02,
2017-02-20,Oceanside (CA0037681),CSD-007,Sea Cliff #2,Oceanside,Pacific Ocean,0.2,0:12,0.010,,hand_read,OSP_2017-02_1884832_1907122_OSP_2-17_SMR.pdf,1884832,9,2017-02,
2017-03-04,Oceanside (CA0037681),CSD-001,Lake Merced,Oceanside,Pacific Ocean,1.567,1:34,1.90,,hand_read,OSP_2017-03_1897493_1919575_OSP_3-17_SMR.pdf,1897493,11,2017-03,
2017-03-04,Oceanside (CA0037681),CSD-002,Vicente,Oceanside,Pacific Ocean,1.233,1:14,0.31,,hand_read,OSP_2017-03_1897493_1919575_OSP_3-17_SMR.pdf,1897493,11,2017-03,
2017-03-04,Oceanside (CA0037681),CSD-003,Lincoln,Oceanside,Pacific Ocean,1.25,1:15,0.76,,hand_read,OSP_2017-03_1897493_1919575_OSP_3-17_SMR.pdf,1897493,11,2017-03,
2017-03-04,Oceanside (CA0037681),CSD-007,Sea Cliff #2,Oceanside,Pacific Ocean,0.267,0:16,0.01,,hand_read,OSP_2017-03_1897493_1919575_OSP_3-17_SMR.pdf,1897493,11,2017-03,
2017-03-20,Oceanside (CA0037681),CSD-001,Lake Merced,Oceanside,Pacific Ocean,1.083,1:05,1.41,,hand_read,OSP_2017-03_1897493_1919575_OSP_3-17_SMR.pdf,1897493,11,2017-03,
2017-03-20,Oceanside (CA0037681),CSD-002,Vicente,Oceanside,Pacific Ocean,0.283,0:17,0.07,,hand_read,OSP_2017-03_1897493_1919575_OSP_3-17_SMR.pdf,1897493,11,2017-03,
2017-03-20,Oceanside (CA0037681),CSD-003,Lincoln,Oceanside,Pacific Ocean,0.567,0:34,0.35,,hand_read,OSP_2017-03_1897493_1919575_OSP_3-17_SMR.pdf,1897493,11,2017-03,
2017-03-20,Oceanside (CA0037681),CSD-007,Sea Cliff #2,Oceanside,Pacific Ocean,0.167,0:10,0.004,,hand_read,OSP_2017-03_1897493_1919575_OSP_3-17_SMR.pdf,1897493,11,2017-03,
2017-03-21,Oceanside (CA0037681),CSD-001,Lake Merced,Oceanside,Pacific Ocean,0.533,0:32,0.02,,hand_read,OSP_2017-03_1897493_1919575_OSP_3-17_SMR.pdf,1897493,11,2017-03,
2017-03-21,Oceanside (CA0037681),CSD-002,Vicente,Oceanside,Pacific Ocean,0.15,0:09,0.04,,hand_read,OSP_2017-03_1897493_1919575_OSP_3-17_SMR.pdf,1897493,11,2017-03,
2017-03-21,Oceanside (CA0037681),CSD-003,Lincoln,Oceanside,Pacific Ocean,0.917,0:55,0.56,,hand_read,OSP_2017-03_1897493_1919575_OSP_3-17_SMR.pdf,1897493,11,2017-03,
2017-03-22,Oceanside (CA0037681),CSD-007,Sea Cliff #2,Oceanside,Pacific Ocean,0.217,0:13,0.010,,hand_read,OSP_2017-03_1897493_1919575_OSP_3-17_SMR.pdf,1897493,11,2017-03,
2017-04-07,Oceanside (CA0037681),CSD-001,Lake Merced,Oceanside,Pacific Ocean,1.017,1:01,0.92,,hand_read,OSP_2017-04_1909267_1932373_OSP_4-17_SMR.pdf,1909267,9,2017-04,
2017-04-07,Oceanside (CA0037681),CSD-002,Vicente,Oceanside,Pacific Ocean,0.267,0:16,0.07,,hand_read,OSP_2017-04_1909267_1932373_OSP_4-17_SMR.pdf,1909267,9,2017-04,
2017-04-07,Oceanside (CA0037681),CSD-003,Lincoln,Oceanside,Pacific Ocean,0.3,0:18,0.06,,hand_read,OSP_2017-04_1909267_1932373_OSP_4-17_SMR.pdf,1909267,9,2017-04,
2017-11-15,Oceanside (CA0037681),CSD-007,Sea Cliff #2,Oceanside,Pacific Ocean,0.083,0:05,0.0047,,hand_read,OSP_2017-11_1992087_2047607_OSP_11-17_SMR-1.pdf,1992087,9,2017-11,
2017-11-16,Oceanside (CA0037681),CSD-001,Lake Merced,Oceanside,Pacific Ocean,0.75,0:45,0.0408,,hand_read,OSP_2017-11_1992087_2047607_OSP_11-17_SMR-1.pdf,1992087,9,2017-11,
2017-11-16,Oceanside (CA0037681),CSD-002,Vicente,Oceanside,Pacific Ocean,4.967,4:58,5.309,,hand_read,OSP_2017-11_1992087_2047607_OSP_11-17_SMR-1.pdf,1992087,9,2017-11,
2017-11-16,Oceanside (CA0037681),CSD-003,Lincoln,Oceanside,Pacific Ocean,4.967,4:58,9.4390,,hand_read,OSP_2017-11_1992087_2047607_OSP_11-17_SMR-1.pdf,1992087,9,2017-11,
