outfall_id,lat,lon,permit_receiving_water,source,note
CSD-001,37.71528,-122.50444,"Pacific Ocean (Fort Funston, Ocean Beach)",R2-2019 Oceanside permit Table 2,
CSD-002,37.73778,-122.50806,"Pacific Ocean (Vicente St., Ocean Beach)",R2-2019 Oceanside permit Table 2,
CSD-003,37.76389,-122.51167,"Pacific Ocean (Lincoln Way, Ocean Beach)",R2-2019 Oceanside permit Table 2,
CSD-004,37.78472,-122.51028,Pacific Ocean (Mile Rock),R2-2019 Oceanside permit Table 2,
CSD-005,37.78778,-122.49167,Pacific Ocean (China Beach),R2-2019 Oceanside permit Table 2,
CSD-006,37.78944,-122.48778,Pacific Ocean (Baker Beach),R2-2019 Oceanside permit Table 2,
CSD-007,37.78944,-122.48694,Pacific Ocean (Baker Beach),R2-2019 Oceanside permit Table 2,
CSD-009,37.808056,-122.446667,Marina Beach (North Shore basin),R2-2013-0029 Bayside permit Table 2,
CSD-010,37.806944,-122.440000,Marina Beach (North Shore basin),R2-2013-0029 Bayside permit Table 2,
CSD-011,37.811667,-122.43189,Yacht Harbor #2 (North Shore basin),R2-2013-0029 Bayside permit Table 2,
CSD-013,37.808333,-122.406667,Pier 39 (North Shore basin),R2-2013-0029 Bayside permit Table 2,
CSD-015,37.806667,-122.403056,Pier 31 (North Shore basin),R2-2013-0029 Bayside permit Table 2,
CSD-017,37.798333,-122.39472,Pier 3 (North Shore basin),R2-2013-0029 Bayside permit Table 2,
CSD-018,37.793056,-122.390000,Pier 14 (Central basin),R2-2013-0029 Bayside permit Table 2,
CSD-022,37.777222,-122.389444,Mission Creek,R2-2013-0029 Bayside permit Table 2,
CSD-023,37.775556,-122.391389,Mission Creek,R2-2013-0029 Bayside permit Table 2,
CSD-024,37.773889,-122.393889,Mission Creek,R2-2013-0029 Bayside permit Table 2,
CSD-025,37.771944,-122.396111,Mission Creek,R2-2013-0029 Bayside permit Table 2,
CSD-026,37.770278,-122.397500,Mission Creek,R2-2013-0029 Bayside permit Table 2,
CSD-027,37.771389,-122.395000,Mission Creek,R2-2013-0029 Bayside permit Table 2,
CSD-029,37.764722,-122.385278,Central Basin,R2-2013-0029 Bayside permit Table 2,permit prints latitude without decimal (37764722); decimal restored
CSD-030,37.761111,-122.380000,Central Basin,R2-2013-0029 Bayside permit Table 2,
CSD-030A,37.757778,-122.380278,Central Basin,R2-2013-0029 Bayside permit Table 2,
CSD-031,37.747778,-122.386111,Islais Creek,R2-2013-0029 Bayside permit Table 2,
CSD-031A,37.747778,-122.387500,Islais Creek,R2-2013-0029 Bayside permit Table 2,
CSD-032,37.748611,-122.390833,Islais Creek,R2-2013-0029 Bayside permit Table 2,
CSD-033,37.747778,-122.390833,Islais Creek,R2-2013-0029 Bayside permit Table 2,
CSD-035,37.747222,-122.386111,Islais Creek,R2-2013-0029 Bayside permit Table 2,
CSD-037,37.735833,-122.373889,India Basin,R2-2013-0029 Bayside permit Table 2,
CSD-040,37.723056,-122.382222,Yosemite Creek,R2-2013-0029 Bayside permit Table 2,
CSD-041,37.723889,-122.385556,Yosemite Creek,R2-2013-0029 Bayside permit Table 2,
CSD-042,37.722222,-122.381944,South Basin,R2-2013-0029 Bayside permit Table 2,
CSD-043,37.7096,-122.3899,Candlestick Cove,Approximate — permit Table 2 row duplicates CSD-002's coordinates (typo); anchored at the Sunnydale Cove monitoring station by the Sunnydale Transport/Storage structure,approximate location
CSD-119,37.808056,-122.446667,Marina Beach (North Shore basin),Same location as CSD-009 (Baker Street) — id appears in some SMR tables,co-located with CSD-009
