facility,year,month,doc_id,received,due,received_dt
Oceanside (CA0037681),2011,3,726630,04/28/2011,04/30/2011,2011-04-28
Southeast/Bayside (CA0037664),2011,3,724770,04/29/2011,04/30/2011,2011-04-29
Oceanside (CA0037681),2011,4,726631,05/26/2011,05/30/2011,2011-05-26
Southeast/Bayside (CA0037664),2011,4,724771,05/27/2011,05/30/2011,2011-05-27
Oceanside (CA0037681),2011,5,726632,06/27/2011,06/30/2011,2011-06-27
Southeast/Bayside (CA0037664),2011,5,724772,06/30/2011,06/30/2011,2011-06-30
Oceanside (CA0037681),2011,6,726633,07/25/2011,07/30/2011,2011-07-25
Southeast/Bayside (CA0037664),2011,6,724773,07/29/2011,07/30/2011,2011-07-29
Oceanside (CA0037681),2011,7,726634,08/26/2011,08/30/2011,2011-08-26
Southeast/Bayside (CA0037664),2011,7,724774,08/30/2011,08/30/2011,2011-08-30
Oceanside (CA0037681),2011,8,781895,09/23/2011,09/30/2011,2011-09-23
Southeast/Bayside (CA0037664),2011,8,724775,09/30/2011,09/30/2011,2011-09-30
Oceanside (CA0037681),2011,9,781896,10/28/2011,10/30/2011,2011-10-28
Southeast/Bayside (CA0037664),2011,9,724776,10/28/2011,10/30/2011,2011-10-28
Oceanside (CA0037681),2011,10,781897,11/30/2011,11/30/2011,2011-11-30
Southeast/Bayside (CA0037664),2011,10,724777,11/30/2011,11/30/2011,2011-11-30
Oceanside (CA0037681),2011,11,781898,12/23/2011,12/30/2011,2011-12-23
Southeast/Bayside (CA0037664),2011,11,724778,12/30/2011,12/30/2011,2011-12-30
Oceanside (CA0037681),2011,12,781899,01/31/2012,01/30/2012,2012-01-31
Southeast/Bayside (CA0037664),2011,12,724779,01/30/2012,01/30/2012,2012-01-30
Oceanside (CA0037681),2012,1,781900,02/29/2012,03/01/2012,2012-02-29
Southeast/Bayside (CA0037664),2012,1,724780,02/29/2012,03/01/2012,2012-02-29
Oceanside (CA0037681),2012,2,781901,03/21/2012,03/30/2012,2012-03-21
Southeast/Bayside (CA0037664),2012,2,724781,03/29/2012,03/30/2012,2012-03-29
Oceanside (CA0037681),2012,3,781902,04/25/2012,04/30/2012,2012-04-25
Southeast/Bayside (CA0037664),2012,3,724782,04/30/2012,04/30/2012,2012-04-30
Oceanside (CA0037681),2012,4,781903,05/24/2012,05/30/2012,2012-05-24
Southeast/Bayside (CA0037664),2012,4,724783,05/30/2012,05/30/2012,2012-05-30
Oceanside (CA0037681),2012,5,781904,06/28/2012,06/30/2012,2012-06-28
Southeast/Bayside (CA0037664),2012,5,724784,06/28/2012,06/30/2012,2012-06-28
Oceanside (CA0037681),2012,6,781905,07/24/2012,07/30/2012,2012-07-24
Southeast/Bayside (CA0037664),2012,6,724785,07/30/2012,07/30/2012,2012-07-30
Oceanside (CA0037681),2012,7,781906,08/31/2012,08/30/2012,2012-08-31
Southeast/Bayside (CA0037664),2012,7,724786,08/30/2012,08/30/2012,2012-08-30
Oceanside (CA0037681),2012,8,781907,09/25/2012,09/30/2012,2012-09-25
Southeast/Bayside (CA0037664),2012,8,724787,09/27/2012,09/30/2012,2012-09-27
Oceanside (CA0037681),2012,9,781908,10/23/2012,10/30/2012,2012-10-23
Southeast/Bayside (CA0037664),2012,9,724788,10/30/2012,10/30/2012,2012-10-30
Oceanside (CA0037681),2012,10,781909,11/28/2012,11/30/2012,2012-11-28
Southeast/Bayside (CA0037664),2012,10,724789,11/30/2012,11/30/2012,2012-11-30
Oceanside (CA0037681),2012,11,781910,12/28/2012,12/30/2012,2012-12-28
Southeast/Bayside (CA0037664),2012,11,724790,12/21/2012,12/30/2012,2012-12-21
Oceanside (CA0037681),2012,12,781911,01/29/2013,01/30/2013,2013-01-29
Southeast/Bayside (CA0037664),2012,12,724791,01/30/2013,01/30/2013,2013-01-30
Oceanside (CA0037681),2013,1,781912,02/28/2013,03/02/2013,2013-02-28
Southeast/Bayside (CA0037664),2013,1,724792,02/28/2013,03/02/2013,2013-02-28
Oceanside (CA0037681),2013,2,781913,03/28/2013,03/30/2013,2013-03-28
Southeast/Bayside (CA0037664),2013,2,724793,03/29/2013,03/30/2013,2013-03-29
Oceanside (CA0037681),2013,3,781914,04/30/2013,04/30/2013,2013-04-30
Southeast/Bayside (CA0037664),2013,3,1207873,04/30/2013,04/30/2013,2013-04-30
Oceanside (CA0037681),2013,4,781915,05/23/2013,05/30/2013,2013-05-23
Southeast/Bayside (CA0037664),2013,4,1232066,05/23/2013,05/30/2013,2013-05-23
Oceanside (CA0037681),2013,5,781916,06/25/2013,06/30/2013,2013-06-25
Southeast/Bayside (CA0037664),2013,5,1255667,06/26/2013,06/30/2013,2013-06-26
Oceanside (CA0037681),2013,6,781917,07/29/2013,07/30/2013,2013-07-29
Southeast/Bayside (CA0037664),2013,6,1279441,07/30/2013,07/30/2013,2013-07-30
Oceanside (CA0037681),2013,7,781918,08/27/2013,08/30/2013,2013-08-27
Southeast/Bayside (CA0037664),2013,7,1308638,08/30/2013,08/30/2013,2013-08-30
Oceanside (CA0037681),2013,8,781919,09/24/2013,09/30/2013,2013-09-24
Southeast/Bayside (CA0037664),2013,8,1323045,09/30/2013,09/30/2013,2013-09-30
Oceanside (CA0037681),2013,9,781920,10/28/2013,10/30/2013,2013-10-28
Southeast/Bayside (CA0037664),2013,9,1335124,10/30/2013,10/30/2013,2013-10-30
Oceanside (CA0037681),2013,10,781921,11/27/2013,11/30/2013,2013-11-27
Southeast/Bayside (CA0037664),2013,10,1348834,11/27/2013,12/02/2013,2013-11-27
Oceanside (CA0037681),2013,11,781922,12/27/2013,12/30/2013,2013-12-27
Southeast/Bayside (CA0037664),2013,11,1348835,12/24/2013,12/30/2013,2013-12-24
Oceanside (CA0037681),2013,12,781923,01/28/2014,01/30/2014,2014-01-28
Southeast/Bayside (CA0037664),2013,12,1348836,01/29/2014,01/30/2014,2014-01-29
Oceanside (CA0037681),2014,1,781924,02/27/2014,03/02/2014,2014-02-27
Southeast/Bayside (CA0037664),2014,1,1348837,02/28/2014,03/03/2014,2014-02-28
Oceanside (CA0037681),2014,2,781925,03/25/2014,03/30/2014,2014-03-25
Southeast/Bayside (CA0037664),2014,2,1348838,03/28/2014,03/31/2014,2014-03-28
Oceanside (CA0037681),2014,3,781926,04/24/2014,04/30/2014,2014-04-24
Southeast/Bayside (CA0037664),2014,3,1348839,04/30/2014,04/30/2014,2014-04-30
Oceanside (CA0037681),2014,4,781927,05/29/2014,05/30/2014,2014-05-29
Southeast/Bayside (CA0037664),2014,4,1348840,05/30/2014,05/30/2014,2014-05-30
Oceanside (CA0037681),2014,5,781928,06/30/2014,06/30/2014,2014-06-30
Southeast/Bayside (CA0037664),2014,5,1348841,06/30/2014,06/30/2014,2014-06-30
Oceanside (CA0037681),2014,6,781929,07/25/2014,07/30/2014,2014-07-25
Southeast/Bayside (CA0037664),2014,6,1348842,07/30/2014,07/30/2014,2014-07-30
Oceanside (CA0037681),2014,7,781930,08/29/2014,08/30/2014,2014-08-29
Southeast/Bayside (CA0037664),2014,7,1348843,08/29/2014,09/01/2014,2014-08-29
Oceanside (CA0037681),2014,8,781931,09/29/2014,09/30/2014,2014-09-29
Southeast/Bayside (CA0037664),2014,8,1348844,09/30/2014,09/30/2014,2014-09-30
Oceanside (CA0037681),2014,9,1495963,10/28/2014,10/30/2014,2014-10-28
Southeast/Bayside (CA0037664),2014,9,1348845,10/30/2014,10/30/2014,2014-10-30
Oceanside (CA0037681),2014,10,1509918,11/25/2014,11/30/2014,2014-11-25
Southeast/Bayside (CA0037664),2014,10,1348846,11/25/2014,12/01/2014,2014-11-25
Oceanside (CA0037681),2014,11,1523001,12/24/2014,12/30/2014,2014-12-24
Southeast/Bayside (CA0037664),2014,11,1348847,12/24/2014,12/30/2014,2014-12-24
Oceanside (CA0037681),2014,12,1531358,01/28/2015,01/30/2015,2015-01-28
Southeast/Bayside (CA0037664),2014,12,1348848,01/30/2015,01/30/2015,2015-01-30
Oceanside (CA0037681),2015,1,1547109,02/26/2015,03/02/2015,2015-02-26
Southeast/Bayside (CA0037664),2015,1,1348849,03/02/2015,03/02/2015,2015-03-02
Oceanside (CA0037681),2015,2,1568767,03/26/2015,03/30/2015,2015-03-26
Southeast/Bayside (CA0037664),2015,2,1348850,03/30/2015,03/30/2015,2015-03-30
Oceanside (CA0037681),2015,3,1583387,04/28/2015,04/30/2015,2015-04-28
Southeast/Bayside (CA0037664),2015,3,1348851,04/30/2015,04/30/2015,2015-04-30
Oceanside (CA0037681),2015,4,1598402,05/20/2015,05/30/2015,2015-05-20
Southeast/Bayside (CA0037664),2015,4,1348852,05/29/2015,06/01/2015,2015-05-29
Oceanside (CA0037681),2015,5,1616321,06/25/2015,06/30/2015,2015-06-25
Southeast/Bayside (CA0037664),2015,5,1348853,06/30/2015,06/30/2015,2015-06-30
Oceanside (CA0037681),2015,6,1636866,07/29/2015,07/30/2015,2015-07-29
Southeast/Bayside (CA0037664),2015,6,1348854,07/30/2015,07/30/2015,2015-07-30
Oceanside (CA0037681),2015,7,1648059,08/24/2015,08/30/2015,2015-08-24
Southeast/Bayside (CA0037664),2015,7,1348855,08/28/2015,08/31/2015,2015-08-28
Oceanside (CA0037681),2015,8,1662469,09/29/2015,09/30/2015,2015-09-29
Southeast/Bayside (CA0037664),2015,8,1348856,09/25/2015,09/30/2015,2015-09-25
Oceanside (CA0037681),2015,9,1673268,10/26/2015,10/30/2015,2015-10-26
Southeast/Bayside (CA0037664),2015,9,1348857,10/30/2015,10/30/2015,2015-10-30
Oceanside (CA0037681),2015,10,1684425,11/23/2015,11/30/2015,2015-11-23
Southeast/Bayside (CA0037664),2015,10,1348858,11/30/2015,11/30/2015,2015-11-30
Oceanside (CA0037681),2015,11,1696794,12/17/2015,12/30/2015,2015-12-17
Southeast/Bayside (CA0037664),2015,11,1348859,12/30/2015,12/30/2015,2015-12-30
Oceanside (CA0037681),2015,12,1709980,01/27/2016,01/30/2016,2016-01-27
Southeast/Bayside (CA0037664),2015,12,1348860,01/29/2016,02/01/2016,2016-01-29
Oceanside (CA0037681),2016,1,1721777,02/29/2016,03/02/2016,2016-02-29
Southeast/Bayside (CA0037664),2016,1,1348861,03/01/2016,03/02/2016,2016-03-01
Oceanside (CA0037681),2016,2,1734601,03/28/2016,03/30/2016,2016-03-28
Southeast/Bayside (CA0037664),2016,2,1348862,03/30/2016,03/30/2016,2016-03-30
Oceanside (CA0037681),2016,3,1752174,04/28/2016,04/30/2016,2016-04-28
Southeast/Bayside (CA0037664),2016,3,1348863,04/29/2016,05/02/2016,2016-04-29
Oceanside (CA0037681),2016,4,1762316,05/30/2016,05/30/2016,2016-05-30
Southeast/Bayside (CA0037664),2016,4,1348864,05/30/2016,05/30/2016,2016-05-30
Oceanside (CA0037681),2016,5,1775124,06/23/2016,06/30/2016,2016-06-23
Southeast/Bayside (CA0037664),2016,5,1348865,06/30/2016,06/30/2016,2016-06-30
Oceanside (CA0037681),2016,6,1786157,07/28/2016,07/30/2016,2016-07-28
Southeast/Bayside (CA0037664),2016,6,1348866,07/29/2016,08/01/2016,2016-07-29
Oceanside (CA0037681),2016,7,1797830,08/24/2016,08/30/2016,2016-08-24
Southeast/Bayside (CA0037664),2016,7,1348867,08/30/2016,08/30/2016,2016-08-30
Oceanside (CA0037681),2016,8,1811129,09/27/2016,09/30/2016,2016-09-27
Southeast/Bayside (CA0037664),2016,8,1348868,09/30/2016,09/30/2016,2016-09-30
Oceanside (CA0037681),2016,9,1826320,10/27/2016,10/30/2016,2016-10-27
Southeast/Bayside (CA0037664),2016,9,1348869,10/31/2016,10/31/2016,2016-10-31
Oceanside (CA0037681),2016,10,1835660,11/30/2016,11/30/2016,2016-11-30
Southeast/Bayside (CA0037664),2016,10,1348870,11/30/2016,11/30/2016,2016-11-30
Oceanside (CA0037681),2016,11,1847716,12/29/2016,12/30/2016,2016-12-29
Southeast/Bayside (CA0037664),2016,11,1348871,12/30/2016,12/30/2016,2016-12-30
Oceanside (CA0037681),2016,12,1860022,01/30/2017,01/30/2017,2017-01-30
Southeast/Bayside (CA0037664),2016,12,1348872,01/25/2017,01/30/2017,2017-01-25
Oceanside (CA0037681),2017,1,1871743,02/28/2017,03/02/2017,2017-02-28
Southeast/Bayside (CA0037664),2017,1,2019055,09/13/2023,03/02/2017,2023-09-13
Oceanside (CA0037681),2017,2,1884832,03/29/2017,03/30/2017,2017-03-29
Southeast/Bayside (CA0037664),2017,2,1348874,03/30/2017,03/30/2017,2017-03-30
Oceanside (CA0037681),2017,3,1897493,04/27/2017,04/30/2017,2017-04-27
Southeast/Bayside (CA0037664),2017,3,1348875,04/28/2017,05/01/2017,2017-04-28
Oceanside (CA0037681),2017,4,1909267,05/26/2017,05/30/2017,2017-05-26
Southeast/Bayside (CA0037664),2017,4,1348876,05/26/2017,05/30/2017,2017-05-26
Oceanside (CA0037681),2017,5,1921433,06/26/2017,06/30/2017,2017-06-26
Southeast/Bayside (CA0037664),2017,5,1348877,06/30/2017,06/30/2017,2017-06-30
Oceanside (CA0037681),2017,6,1934509,07/27/2017,07/30/2017,2017-07-27
Southeast/Bayside (CA0037664),2017,6,1348878,07/26/2017,07/31/2017,2017-07-26
Oceanside (CA0037681),2017,7,1949531,08/29/2017,08/30/2017,2017-08-29
Southeast/Bayside (CA0037664),2017,7,1348879,08/30/2017,08/30/2017,2017-08-30
Oceanside (CA0037681),2017,8,1960344,09/28/2017,09/30/2017,2017-09-28
Southeast/Bayside (CA0037664),2017,8,1348880,09/29/2017,10/02/2017,2017-09-29
Oceanside (CA0037681),2017,9,1971144,10/27/2017,10/30/2017,2017-10-27
Southeast/Bayside (CA0037664),2017,9,1348881,10/30/2017,10/30/2017,2017-10-30
Oceanside (CA0037681),2017,10,1980576,11/29/2017,11/30/2017,2017-11-29
Southeast/Bayside (CA0037664),2017,10,1348882,11/30/2017,11/30/2017,2017-11-30
Oceanside (CA0037681),2017,11,1992087,12/28/2017,12/30/2017,2017-12-28
Southeast/Bayside (CA0037664),2017,11,1348883,12/29/2017,01/01/2018,2017-12-29
Oceanside (CA0037681),2017,12,2019032,01/30/2018,01/30/2018,2018-01-30
Southeast/Bayside (CA0037664),2017,12,2019056,01/30/2018,01/30/2018,2018-01-30
Oceanside (CA0037681),2018,1,2019036,03/02/2018,03/02/2018,2018-03-02
Southeast/Bayside (CA0037664),2018,1,2019060,03/01/2018,03/02/2018,2018-03-01
Oceanside (CA0037681),2018,2,2019037,03/30/2018,03/30/2018,2018-03-30
Southeast/Bayside (CA0037664),2018,2,2019061,03/29/2018,03/30/2018,2018-03-29
Oceanside (CA0037681),2018,3,2019038,04/30/2018,04/30/2018,2018-04-30
Southeast/Bayside (CA0037664),2018,3,2019062,04/30/2018,04/30/2018,2018-04-30
Oceanside (CA0037681),2018,4,2019039,05/29/2018,05/30/2018,2018-05-29
Southeast/Bayside (CA0037664),2018,4,2019063,05/29/2018,05/30/2018,2018-05-29
Oceanside (CA0037681),2018,5,2019040,06/27/2018,06/30/2018,2018-06-27
Southeast/Bayside (CA0037664),2018,5,2019064,06/27/2018,07/02/2018,2018-06-27
Oceanside (CA0037681),2018,6,2019041,07/25/2018,07/30/2018,2018-07-25
Southeast/Bayside (CA0037664),2018,6,2019065,07/26/2018,07/30/2018,2018-07-26
Oceanside (CA0037681),2018,7,2019042,08/24/2018,08/30/2018,2018-08-24
Southeast/Bayside (CA0037664),2018,7,2019066,08/27/2018,08/30/2018,2018-08-27
Oceanside (CA0037681),2018,8,2019043,09/25/2018,09/30/2018,2018-09-25
Southeast/Bayside (CA0037664),2018,8,2019067,09/25/2018,10/01/2018,2018-09-25
Oceanside (CA0037681),2018,9,2019044,10/26/2018,10/30/2018,2018-10-26
Southeast/Bayside (CA0037664),2018,9,2019068,10/25/2018,10/30/2018,2018-10-25
Oceanside (CA0037681),2018,10,2019045,11/29/2018,11/30/2018,2018-11-29
Southeast/Bayside (CA0037664),2018,10,2019069,11/29/2018,11/30/2018,2018-11-29
Oceanside (CA0037681),2018,11,2019046,12/28/2018,12/30/2018,2018-12-28
Southeast/Bayside (CA0037664),2018,11,2019070,12/28/2018,12/31/2018,2018-12-28
Oceanside (CA0037681),2018,12,2019047,01/30/2019,01/30/2019,2019-01-30
Southeast/Bayside (CA0037664),2018,12,2019071,01/30/2019,01/30/2019,2019-01-30
Oceanside (CA0037681),2019,1,2019051,03/04/2019,03/02/2019,2019-03-04
Southeast/Bayside (CA0037664),2019,1,2019076,03/01/2019,03/04/2019,2019-03-01
Oceanside (CA0037681),2019,2,2170290,03/29/2019,03/30/2019,2019-03-29
Southeast/Bayside (CA0037664),2019,2,2019077,03/29/2019,04/01/2019,2019-03-29
Oceanside (CA0037681),2019,3,2172637,04/27/2019,04/30/2019,2019-04-27
Southeast/Bayside (CA0037664),2019,3,2172898,04/30/2019,04/30/2019,2019-04-30
Oceanside (CA0037681),2019,4,2172638,05/29/2019,05/30/2019,2019-05-29
Southeast/Bayside (CA0037664),2019,4,2172899,05/29/2019,05/30/2019,2019-05-29
Oceanside (CA0037681),2019,5,2184869,06/28/2019,06/30/2019,2019-06-28
Southeast/Bayside (CA0037664),2019,5,2184937,07/01/2019,07/01/2019,2019-07-01
Oceanside (CA0037681),2019,6,2194476,07/30/2019,07/30/2019,2019-07-30
Southeast/Bayside (CA0037664),2019,6,2194675,07/30/2019,07/30/2019,2019-07-30
Oceanside (CA0037681),2019,7,2204947,08/30/2019,08/30/2019,2019-08-30
Southeast/Bayside (CA0037664),2019,7,2205012,09/30/2019,08/30/2019,2019-09-30
Oceanside (CA0037681),2019,8,2215156,09/30/2019,09/30/2019,2019-09-30
Southeast/Bayside (CA0037664),2019,8,2215228,09/30/2019,09/30/2019,2019-09-30
Oceanside (CA0037681),2019,9,2224969,10/29/2019,10/30/2019,2019-10-29
Southeast/Bayside (CA0037664),2019,9,2225198,10/30/2019,10/30/2019,2019-10-30
Oceanside (CA0037681),2019,10,2238918,11/25/2019,11/30/2019,2019-11-25
Southeast/Bayside (CA0037664),2019,10,2238987,11/25/2019,12/02/2019,2019-11-25
Oceanside (CA0037681),2019,11,2249916,12/26/2019,12/30/2019,2019-12-26
Southeast/Bayside (CA0037664),2019,11,2249984,12/26/2019,12/30/2019,2019-12-26
Oceanside (CA0037681),2019,12,2257796,01/30/2020,01/30/2020,2020-01-30
Southeast/Bayside (CA0037664),2019,12,2257863,01/29/2020,01/30/2020,2020-01-29
Oceanside (CA0037681),2020,1,2287794,02/27/2020,03/02/2020,2020-02-27
Southeast/Bayside (CA0037664),2020,1,2288698,02/27/2020,03/02/2020,2020-02-27
Oceanside (CA0037681),2020,2,2287795,03/30/2020,03/30/2020,2020-03-30
Southeast/Bayside (CA0037664),2020,2,2288699,03/30/2020,03/30/2020,2020-03-30
Oceanside (CA0037681),2020,3,2326461,04/30/2020,04/30/2020,2020-04-30
Southeast/Bayside (CA0037664),2020,3,2288700,04/29/2020,04/30/2020,2020-04-29
Oceanside (CA0037681),2020,4,2326462,05/31/2020,05/31/2020,2020-05-31
Southeast/Bayside (CA0037664),2020,4,2303030,05/31/2020,06/01/2020,2020-05-31
Oceanside (CA0037681),2020,5,2326463,06/29/2020,06/30/2020,2020-06-29
Southeast/Bayside (CA0037664),2020,5,2312519,06/22/2020,06/30/2020,2020-06-22
Oceanside (CA0037681),2020,6,2326464,07/30/2020,07/31/2020,2020-07-30
Southeast/Bayside (CA0037664),2020,6,2321859,07/29/2020,07/30/2020,2020-07-29
Oceanside (CA0037681),2020,7,2326465,08/31/2020,08/31/2020,2020-08-31
Southeast/Bayside (CA0037664),2020,7,2333329,08/31/2020,08/31/2020,2020-08-31
Oceanside (CA0037681),2020,8,2326466,09/29/2020,09/30/2020,2020-09-29
Southeast/Bayside (CA0037664),2020,8,2343107,09/28/2020,09/30/2020,2020-09-28
Oceanside (CA0037681),2020,9,2326467,10/30/2020,10/31/2020,2020-10-30
Southeast/Bayside (CA0037664),2020,9,2354068,10/29/2020,10/30/2020,2020-10-29
Oceanside (CA0037681),2020,10,2326468,11/30/2020,11/30/2020,2020-11-30
Southeast/Bayside (CA0037664),2020,10,2365715,11/30/2020,11/30/2020,2020-11-30
Oceanside (CA0037681),2020,11,2326469,12/30/2020,12/31/2020,2020-12-30
Southeast/Bayside (CA0037664),2020,11,2376756,12/29/2020,12/30/2020,2020-12-29
Oceanside (CA0037681),2020,12,2326470,01/29/2021,01/31/2021,2021-01-29
Southeast/Bayside (CA0037664),2020,12,2384527,01/29/2021,02/01/2021,2021-01-29
Oceanside (CA0037681),2021,1,2326474,03/01/2021,02/28/2021,2021-03-01
Southeast/Bayside (CA0037664),2021,1,2416007,03/01/2021,03/02/2021,2021-03-01
Oceanside (CA0037681),2021,2,2326475,03/29/2021,03/31/2021,2021-03-29
Southeast/Bayside (CA0037664),2021,2,2416008,03/29/2021,03/30/2021,2021-03-29
Oceanside (CA0037681),2021,3,2326476,04/29/2021,04/30/2021,2021-04-29
Southeast/Bayside (CA0037664),2021,3,2416009,04/30/2021,04/30/2021,2021-04-30
Oceanside (CA0037681),2021,4,2326477,05/27/2021,05/31/2021,2021-05-27
Southeast/Bayside (CA0037664),2021,4,2429342,05/27/2021,05/31/2021,2021-05-27
Oceanside (CA0037681),2021,5,2326478,06/28/2021,06/30/2021,2021-06-28
Southeast/Bayside (CA0037664),2021,5,2440992,06/28/2021,06/30/2021,2021-06-28
Oceanside (CA0037681),2021,6,2326479,07/28/2021,07/31/2021,2021-07-28
Southeast/Bayside (CA0037664),2021,6,2465072,07/28/2021,07/30/2021,2021-07-28
Oceanside (CA0037681),2021,7,2326480,08/26/2021,08/31/2021,2021-08-26
Southeast/Bayside (CA0037664),2021,7,2477427,08/27/2021,08/30/2021,2021-08-27
Oceanside (CA0037681),2021,8,2326481,09/27/2021,09/30/2021,2021-09-27
Southeast/Bayside (CA0037664),2021,8,2485451,09/27/2021,09/30/2021,2021-09-27
Oceanside (CA0037681),2021,9,2326482,10/29/2021,10/31/2021,2021-10-29
Southeast/Bayside (CA0037664),2021,9,2494974,10/29/2021,11/01/2021,2021-10-29
Oceanside (CA0037681),2021,10,2326483,11/29/2021,11/30/2021,2021-11-29
Southeast/Bayside (CA0037664),2021,10,2505923,11/30/2021,11/30/2021,2021-11-30
Oceanside (CA0037681),2021,11,2326484,12/29/2021,12/31/2021,2021-12-29
Southeast/Bayside (CA0037664),2021,11,2516206,12/23/2021,12/30/2021,2021-12-23
Oceanside (CA0037681),2021,12,2326485,01/24/2022,01/31/2022,2022-01-24
Southeast/Bayside (CA0037664),2021,12,2524068,01/27/2022,01/31/2022,2022-01-27
Oceanside (CA0037681),2022,1,2326489,03/01/2022,02/28/2022,2022-03-01
Southeast/Bayside (CA0037664),2022,1,2553857,02/28/2022,03/02/2022,2022-02-28
Oceanside (CA0037681),2022,2,2326490,03/25/2022,03/31/2022,2022-03-25
Southeast/Bayside (CA0037664),2022,2,2553858,03/24/2022,03/30/2022,2022-03-24
Oceanside (CA0037681),2022,3,2326491,04/28/2022,04/30/2022,2022-04-28
Southeast/Bayside (CA0037664),2022,3,2553859,04/28/2022,05/02/2022,2022-04-28
Oceanside (CA0037681),2022,4,2326492,05/27/2022,05/31/2022,2022-05-27
Southeast/Bayside (CA0037664),2022,4,2566381,05/27/2022,05/30/2022,2022-05-27
Oceanside (CA0037681),2022,5,2326493,06/27/2022,06/30/2022,2022-06-27
Southeast/Bayside (CA0037664),2022,5,2574344,06/27/2022,06/30/2022,2022-06-27
Oceanside (CA0037681),2022,6,2326494,07/28/2022,07/31/2022,2022-07-28
Southeast/Bayside (CA0037664),2022,6,2582734,07/28/2022,08/01/2022,2022-07-28
Oceanside (CA0037681),2022,7,2326495,08/26/2022,08/31/2022,2022-08-26
Southeast/Bayside (CA0037664),2022,7,2593394,08/30/2022,08/30/2022,2022-08-30
Oceanside (CA0037681),2022,8,2326496,09/29/2022,09/30/2022,2022-09-29
Southeast/Bayside (CA0037664),2022,8,2606783,09/29/2022,09/30/2022,2022-09-29
Oceanside (CA0037681),2022,9,2326497,10/25/2022,10/31/2022,2022-10-25
Southeast/Bayside (CA0037664),2022,9,2616945,10/27/2022,10/31/2022,2022-10-27
Oceanside (CA0037681),2022,10,2326498,11/28/2022,11/30/2022,2022-11-28
Southeast/Bayside (CA0037664),2022,10,2628408,11/28/2022,11/30/2022,2022-11-28
Oceanside (CA0037681),2022,11,2326499,12/28/2022,12/31/2022,2022-12-28
Southeast/Bayside (CA0037664),2022,11,2636704,12/28/2022,12/30/2022,2022-12-28
Oceanside (CA0037681),2022,12,2326500,01/27/2023,01/31/2023,2023-01-27
Southeast/Bayside (CA0037664),2022,12,2644145,01/27/2023,01/30/2023,2023-01-27
Oceanside (CA0037681),2023,1,2326504,02/28/2023,02/28/2023,2023-02-28
Southeast/Bayside (CA0037664),2023,1,2673079,03/02/2023,03/02/2023,2023-03-02
Oceanside (CA0037681),2023,2,2326505,03/29/2023,03/31/2023,2023-03-29
Southeast/Bayside (CA0037664),2023,2,2673080,03/29/2023,03/30/2023,2023-03-29
Oceanside (CA0037681),2023,3,2326506,04/27/2023,04/30/2023,2023-04-27
Southeast/Bayside (CA0037664),2023,3,2673081,05/01/2023,05/01/2023,2023-05-01
Oceanside (CA0037681),2023,4,2326507,05/25/2023,05/31/2023,2023-05-25
Southeast/Bayside (CA0037664),2023,4,2686816,05/24/2023,05/30/2023,2023-05-24
Oceanside (CA0037681),2023,5,2326508,06/27/2023,06/30/2023,2023-06-27
Southeast/Bayside (CA0037664),2023,5,2696426,06/27/2023,06/30/2023,2023-06-27
Oceanside (CA0037681),2023,6,2326509,07/28/2023,07/31/2023,2023-07-28
Southeast/Bayside (CA0037664),2023,6,2705506,07/28/2023,07/31/2023,2023-07-28
Oceanside (CA0037681),2023,7,2326510,08/29/2023,08/31/2023,2023-08-29
Southeast/Bayside (CA0037664),2023,7,2717584,08/28/2023,08/30/2023,2023-08-28
Oceanside (CA0037681),2023,8,2326511,10/18/2023,09/30/2023,2023-10-18
Southeast/Bayside (CA0037664),2023,8,2727446,10/18/2023,10/02/2023,2023-10-18
Oceanside (CA0037681),2023,9,2326512,10/24/2023,10/31/2023,2023-10-24
Southeast/Bayside (CA0037664),2023,9,2736510,10/26/2023,10/30/2023,2023-10-26
Oceanside (CA0037681),2023,10,2326513,11/29/2023,11/30/2023,2023-11-29
Southeast/Bayside (CA0037664),2023,10,2747244,11/29/2023,11/30/2023,2023-11-29
Oceanside (CA0037681),2023,11,2326514,12/26/2023,12/31/2023,2023-12-26
Southeast/Bayside (CA0037664),2023,11,2756347,12/26/2023,01/01/2024,2023-12-26
Oceanside (CA0037681),2023,12,2326515,01/30/2024,01/31/2024,2024-01-30
Southeast/Bayside (CA0037664),2023,12,2762730,01/27/2024,01/30/2024,2024-01-27
Oceanside (CA0037681),2024,1,2326519,02/29/2024,02/29/2024,2024-02-29
Southeast/Bayside (CA0037664),2024,1,2788057,02/29/2024,03/04/2024,2024-02-29
Oceanside (CA0037681),2024,2,2326520,03/29/2024,03/31/2024,2024-03-29
Southeast/Bayside (CA0037664),2024,2,2788058,03/29/2024,04/01/2024,2024-03-29
Oceanside (CA0037681),2024,3,2326521,04/30/2024,04/30/2024,2024-04-30
Southeast/Bayside (CA0037664),2024,3,2788059,04/30/2024,04/30/2024,2024-04-30
Oceanside (CA0037681),2024,4,2326522,05/30/2024,05/31/2024,2024-05-30
Southeast/Bayside (CA0037664),2024,4,2803894,05/29/2024,05/30/2024,2024-05-29
Oceanside (CA0037681),2024,5,2326523,07/01/2024,06/30/2024,2024-07-01
Southeast/Bayside (CA0037664),2024,5,2819060,07/01/2024,07/01/2024,2024-07-01
Oceanside (CA0037681),2024,6,2326524,07/29/2024,07/31/2024,2024-07-29
Southeast/Bayside (CA0037664),2024,6,2829619,07/29/2024,07/30/2024,2024-07-29
Oceanside (CA0037681),2024,7,2326525,08/29/2024,08/31/2024,2024-08-29
Southeast/Bayside (CA0037664),2024,7,2839445,08/29/2024,08/30/2024,2024-08-29
Oceanside (CA0037681),2024,8,2326526,09/30/2024,09/30/2024,2024-09-30
Southeast/Bayside (CA0037664),2024,8,2850296,09/30/2024,09/30/2024,2024-09-30
Oceanside (CA0037681),2024,9,2326527,10/30/2024,10/31/2024,2024-10-30
Southeast/Bayside (CA0037664),2024,9,2858531,10/30/2024,10/30/2024,2024-10-30
Oceanside (CA0037681),2024,10,2326528,11/26/2024,11/30/2024,2024-11-26
Southeast/Bayside (CA0037664),2024,10,2869097,11/27/2024,12/02/2024,2024-11-27
Oceanside (CA0037681),2024,11,2896193,12/27/2024,12/31/2024,2024-12-27
Southeast/Bayside (CA0037664),2024,11,2896083,12/24/2024,12/30/2024,2024-12-24
Oceanside (CA0037681),2024,12,2903885,01/30/2025,01/31/2025,2025-01-30
Southeast/Bayside (CA0037664),2024,12,2903771,01/27/2025,01/30/2025,2025-01-27
Oceanside (CA0037681),2025,1,2938234,02/27/2025,02/28/2025,2025-02-27
Southeast/Bayside (CA0037664),2025,1,2936134,02/28/2025,03/03/2025,2025-02-28
Oceanside (CA0037681),2025,2,2938235,03/31/2025,03/31/2025,2025-03-31
Southeast/Bayside (CA0037664),2025,2,2936135,03/31/2025,03/31/2025,2025-03-31
Oceanside (CA0037681),2025,3,2938236,04/28/2025,04/30/2025,2025-04-28
Southeast/Bayside (CA0037664),2025,3,2936136,04/28/2025,04/30/2025,2025-04-28
Oceanside (CA0037681),2025,4,2953419,05/28/2025,05/31/2025,2025-05-28
Southeast/Bayside (CA0037664),2025,4,2953303,05/28/2025,05/30/2025,2025-05-28
Oceanside (CA0037681),2025,5,2964656,06/25/2025,06/30/2025,2025-06-25
Southeast/Bayside (CA0037664),2025,5,2964541,06/30/2025,06/30/2025,2025-06-30
Oceanside (CA0037681),2025,6,2976103,07/25/2025,07/31/2025,2025-07-25
Southeast/Bayside (CA0037664),2025,6,2975720,07/25/2025,07/30/2025,2025-07-25
Oceanside (CA0037681),2025,7,2987686,08/25/2025,08/31/2025,2025-08-25
Southeast/Bayside (CA0037664),2025,7,2987561,08/25/2025,09/01/2025,2025-08-25
Oceanside (CA0037681),2025,8,2995711,09/25/2025,09/30/2025,2025-09-25
Southeast/Bayside (CA0037664),2025,8,2995475,09/26/2025,09/30/2025,2025-09-26
Oceanside (CA0037681),2025,9,3003489,10/22/2025,10/31/2025,2025-10-22
Southeast/Bayside (CA0037664),2025,9,3003027,10/27/2025,10/30/2025,2025-10-27
Oceanside (CA0037681),2025,10,3018740,12/01/2025,11/30/2025,2025-12-01
Southeast/Bayside (CA0037664),2025,10,3018618,11/26/2025,12/01/2025,2025-11-26
Oceanside (CA0037681),2025,11,3049126,12/24/2025,12/30/2025,2025-12-24
Southeast/Bayside (CA0037664),2025,11,3025768,12/29/2025,12/30/2025,2025-12-29
Oceanside (CA0037681),2025,12,3049127,01/28/2026,01/30/2026,2026-01-28
Southeast/Bayside (CA0037664),2025,12,3032362,01/27/2026,01/30/2026,2026-01-27
Oceanside (CA0037681),2026,1,3065632,02/26/2026,03/02/2026,2026-02-26
Southeast/Bayside (CA0037664),2026,1,3063421,02/26/2026,03/02/2026,2026-02-26
Oceanside (CA0037681),2026,2,3065633,03/27/2026,03/30/2026,2026-03-27
Southeast/Bayside (CA0037664),2026,2,3063422,03/30/2026,03/30/2026,2026-03-30
Oceanside (CA0037681),2026,3,3065634,04/27/2026,04/30/2026,2026-04-27
Southeast/Bayside (CA0037664),2026,3,3063423,04/27/2026,04/30/2026,2026-04-27
Oceanside (CA0037681),2026,4,3079319,05/27/2026,05/30/2026,2026-05-27
Southeast/Bayside (CA0037664),2026,4,3079191,05/27/2026,06/01/2026,2026-05-27
Oceanside (CA0037681),2026,5,3095906,06/29/2026,06/30/2026,2026-06-29
Southeast/Bayside (CA0037664),2026,5,3095775,06/29/2026,06/30/2026,2026-06-29
Oceanside (CA0037681),2026,6,3106901,07/22/2026,07/30/2026,2026-07-22
Southeast/Bayside (CA0037664),2026,6,3106492,07/24/2026,07/30/2026,2026-07-24
Oceanside (CA0037681),2026,7,3116575,08/27/2026,08/30/2026,2026-08-27
Southeast/Bayside (CA0037664),2026,7,3116441,08/28/2026,08/31/2026,2026-08-28
Oceanside (CA0037681),2026,8,3124551,09/24/2026,09/30/2026,2026-09-24
Southeast/Bayside (CA0037664),2026,8,3124302,09/23/2026,09/30/2026,2026-09-23
