date,snapshot,structure,outfall_ids,basin,mapped
2016-10-16,2016-10-16 07:17:42,SEA CLIFF II,CSD-007,Westside,True
2016-10-17,2016-10-17 07:36:43,ISLAIS CREEK,CSD-031|CSD-031A|CSD-032|CSD-033|CSD-035,Southeast,True
2016-10-28,2016-10-28 08:33:45,ISLAIS CREEK,CSD-031|CSD-031A|CSD-032|CSD-033|CSD-035,Southeast,True
2016-11-20,2016-11-20 15:00:06,MISSION CREEK,CSD-022|CSD-023|CSD-024|CSD-025|CSD-026|CSD-027,Central,True
2016-11-21,2016-11-21 15:00:07,SEA CLIFF II,CSD-007,Westside,True
2016-11-23,2016-11-23 08:46:08,ISLAIS CREEK,CSD-031|CSD-031A|CSD-032|CSD-033|CSD-035,Southeast,True
2016-11-23,2016-11-23 08:46:08,SEA CLIFF II,CSD-007,Westside,True
2016-12-08,2016-12-08 15:00:07,ISLAIS CREEK,CSD-031|CSD-031A|CSD-032|CSD-033|CSD-035,Southeast,True
2016-12-10,2016-12-10 15:00:07,MISSION CREEK,CSD-022|CSD-023|CSD-024|CSD-025|CSD-026|CSD-027,Central,True
2016-12-11,2016-12-11 07:21:27,LAKE MERCED,CSD-001,Westside,True
2016-12-11,2016-12-11 07:21:27,LINCOLN,CSD-003,Westside,True
2016-12-12,2016-12-12 08:19:24,VICENTE,CSD-002,Westside,True
2016-12-16,2016-12-16 08:23:55,BAKER STREET CSD09,CSD-009,North Shore,True
2016-12-16,2016-12-16 08:23:55,BEACH STREET CSD13,CSD-013,North Shore,True
2016-12-16,2016-12-16 08:23:55,ISLAIS CREEK,CSD-031|CSD-031A|CSD-032|CSD-033|CSD-035,Southeast,True
2016-12-16,2016-12-16 08:23:55,LAGUNA STREET CSD11,CSD-011,North Shore,True
2016-12-16,2016-12-16 08:23:55,LAKE MERCED,CSD-001,Westside,True
2016-12-16,2016-12-16 08:23:55,LINCOLN,CSD-003,Westside,True
2016-12-16,2016-12-16 08:23:55,MISSION CREEK,CSD-022|CSD-023|CSD-024|CSD-025|CSD-026|CSD-027,Central,True
2016-12-16,2016-12-16 08:23:55,PIERCE STREET CSD10,CSD-010,North Shore,True
2016-12-16,2016-12-16 08:23:55,SANSOME STREET CSD15,CSD-015,North Shore,True
2016-12-16,2016-12-16 08:23:55,SUNNYDALE,CSD-043,Southeast,True
2016-12-16,2016-12-16 08:23:55,VICENTE,CSD-002,Westside,True
2016-12-16,2016-12-16 08:23:55,YOSEMITE,CSD-040|CSD-041,Southeast,True
2016-12-23,2016-12-23 15:00:07,BAKER STREET CSD09,CSD-009,North Shore,True
2016-12-23,2016-12-23 15:00:07,BEACH STREET CSD13,CSD-013,North Shore,True
2016-12-23,2016-12-23 15:00:07,ISLAIS CREEK,CSD-031|CSD-031A|CSD-032|CSD-033|CSD-035,Southeast,True
2016-12-23,2016-12-23 15:00:07,LAGUNA STREET CSD11,CSD-011,North Shore,True
2016-12-23,2016-12-23 15:00:07,LAKE MERCED,CSD-001,Westside,True
2016-12-23,2016-12-23 15:00:07,MISSION CREEK,CSD-022|CSD-023|CSD-024|CSD-025|CSD-026|CSD-027,Central,True
2016-12-23,2016-12-23 15:00:07,PIERCE STREET CSD10,CSD-010,North Shore,True
2016-12-23,2016-12-23 15:00:07,SANSOME STREET CSD15,CSD-015,North Shore,True
2017-01-08,2017-01-08 07:16:22,ISLAIS CREEK,CSD-031|CSD-031A|CSD-032|CSD-033|CSD-035,Southeast,True
2017-01-08,2017-01-08 07:16:22,LAKE MERCED,CSD-001,Westside,True
2017-01-08,2017-01-08 07:16:22,LINCOLN,CSD-003,Westside,True
2017-01-08,2017-01-08 07:16:22,MISSION CREEK,CSD-022|CSD-023|CSD-024|CSD-025|CSD-026|CSD-027,Central,True
2017-01-08,2017-01-08 07:16:22,VICENTE,CSD-002,Westside,True
2017-01-09,2017-01-09 15:00:01,SEA CLIFF II,CSD-007,Westside,True
