snapshot,cso_structures,posted_stations
2016-03-19 14:05:37,,
2016-03-19 14:08:14,,
2016-03-19 14:10:51,,
2016-03-19 15:00:02,,
2016-03-20 07:16:42,,
2016-03-20 15:00:03,,
2016-03-21 07:18:36,,
2016-03-21 15:00:03,,
2016-03-22 07:59:34,,
2016-03-22 15:00:03,,BAY#300.1_SL|BAY#301.1_SL|OCEAN#15EAST_SL|OCEAN#17_SL
2016-03-23 07:11:05,,BAY#300.1_SL|BAY#301.1_SL|OCEAN#15EAST_SL|OCEAN#17_SL
2016-03-23 15:03:19,,
2016-03-24 07:19:00,,
2016-03-24 15:00:07,,
2016-03-25 07:04:37,,
2016-03-25 15:00:03,,
2016-03-26 07:03:38,,
2016-03-26 15:00:03,,
2016-03-27 07:04:05,,
2016-03-27 15:00:07,,
2016-03-28 08:04:21,,
2016-03-28 15:00:07,,
2016-03-29 07:48:58,,
2016-03-29 15:00:08,,
2016-03-30 08:38:44,,
2016-03-30 15:00:06,,
2016-03-31 07:33:43,,
2016-03-31 15:00:02,,
2016-04-01 07:05:01,,
2016-04-01 15:00:02,,
2016-04-02 07:08:01,,
2016-04-02 15:00:06,,
2016-04-03 07:00:29,,
2016-04-03 15:19:06,,
2016-04-04 07:33:48,,
2016-04-04 15:00:03,,
2016-04-05 07:53:54,,
2016-04-05 15:00:07,,BAY#301.1_SL
2016-04-06 07:51:23,,BAY#301.1_SL
2016-04-06 15:00:04,,
2016-04-07 07:05:59,,
2016-04-07 15:00:02,,
2016-04-08 07:10:59,,
2016-04-08 15:02:27,,
2016-04-09 07:32:48,,
2016-04-09 15:00:07,,
2016-04-10 07:06:48,,
2016-04-10 15:00:07,,
2016-04-11 07:22:29,,
2016-04-11 15:00:02,,
2016-04-12 08:14:18,,
2016-04-12 15:00:02,,BAY#300.1_SL|BAY#301.1_SL
2016-04-13 07:52:29,,BAY#300.1_SL|BAY#301.1_SL
2016-04-13 15:00:01,,
2016-04-14 07:22:33,,
2016-04-14 15:00:08,,
2016-04-15 07:06:17,,
2016-04-15 15:00:07,,
2016-04-16 07:02:36,,
2016-04-16 15:53:35,,
2016-04-17 07:56:31,,
2016-04-17 15:00:07,,
2016-04-18 07:00:45,,
2016-04-18 15:00:07,,
2016-04-19 07:32:52,,
2016-04-19 15:00:03,,
2016-04-20 07:09:26,,
2016-04-20 15:00:03,,
2016-04-21 07:07:38,,
2016-04-21 15:00:02,,
2016-04-22 07:00:01,,
2016-04-22 15:00:02,,
2016-04-23 07:29:56,,
2016-04-23 15:01:39,,
2016-04-24 14:26:45,,
2016-04-24 15:00:01,,
2016-04-25 07:24:19,,
2016-04-25 15:00:02,,
2016-04-26 07:01:51,,
2016-04-26 15:00:06,,
2016-04-27 07:00:24,,
2016-04-27 15:11:25,,
2016-04-28 08:01:14,,
2016-04-28 15:00:07,,
2016-04-29 07:37:00,,
2016-04-29 15:00:02,,
2016-04-30 07:00:07,,
2016-04-30 15:06:38,,
2016-05-01 15:00:07,,
2016-05-02 08:19:13,,
2016-05-02 15:00:05,,
2016-05-03 07:03:59,,
2016-05-03 15:28:28,,OCEAN#15_SL
2016-05-04 07:58:22,,
2016-05-04 15:44:50,,
2016-05-05 07:58:55,,
2016-05-05 15:16:22,,
2016-05-06 08:22:38,,
2016-05-06 15:00:01,,
2016-05-07 07:01:44,,
2016-05-07 15:36:39,,
2016-05-08 07:16:14,,
2016-05-08 15:00:02,,
2016-05-09 07:13:01,,
2016-05-09 15:00:03,,
2016-05-10 07:30:34,,
2016-05-10 15:05:10,,BAY#202.4_SL
2016-05-11 07:04:19,,BAY#202.4_SL
2016-05-11 15:00:02,,
2016-05-12 08:46:50,,
2016-05-12 15:00:07,,
2016-05-13 07:19:11,,
2016-05-13 15:00:02,,
2016-05-14 08:14:44,,
2016-05-14 15:00:07,,
2016-05-15 07:45:40,,
2016-05-15 15:00:07,,
2016-05-16 07:21:25,,
2016-05-16 15:00:03,,
2016-05-17 07:38:28,,
2016-05-17 15:00:07,,
2016-05-18 07:24:51,,
2016-05-18 15:36:22,,
2016-05-19 07:17:13,,
2016-05-19 15:00:08,,
2016-05-20 15:26:01,,
2016-05-21 15:00:05,,
2016-05-22 15:11:55,,
2016-05-23 07:28:48,,
2016-05-23 15:00:06,,
2016-05-24 07:00:15,,
2016-05-24 13:37:07,,
2016-05-24 13:52:35,,
2016-05-24 15:00:03,,
2016-05-25 15:00:07,,
2016-05-26 07:14:53,,
2016-05-27 15:01:20,,
2016-05-28 07:56:56,,
2016-05-28 15:00:03,,
2016-05-29 08:46:23,,
2016-05-29 15:22:27,,
2016-05-30 07:27:55,,
2016-05-30 15:00:02,,
2016-05-31 08:20:52,,
2016-05-31 15:00:07,,
2016-06-01 15:00:01,,
2016-06-02 15:00:01,,
2016-06-03 07:21:50,,
2016-06-03 15:00:04,,
2016-06-04 07:00:10,,
2016-06-04 15:00:05,,
2016-06-05 07:11:11,,
2016-06-05 15:00:08,,
2016-06-06 08:47:02,,
2016-06-06 15:00:07,,
2016-06-07 07:40:00,,
2016-06-07 15:00:01,,
2016-06-08 08:14:16,,
2016-06-08 15:00:05,,
2016-06-09 07:56:03,,
2016-06-09 15:00:06,,
2016-06-10 07:54:37,,
2016-06-10 15:00:03,,
2016-06-12 15:21:24,,
2016-06-13 07:21:22,,
2016-06-13 15:00:07,,
2016-06-14 07:12:19,,
2016-06-14 15:00:03,,
2016-06-15 08:30:54,,
2016-06-15 15:00:07,,
2016-06-16 07:50:04,,
2016-06-16 15:00:07,,
2016-06-17 08:26:38,,
2016-06-17 15:00:01,,
2016-06-18 08:18:44,,
2016-06-18 15:25:42,,
2016-06-19 08:40:05,,
2016-06-19 15:00:08,,
2016-06-20 07:03:53,,
2016-06-20 15:00:03,,
2016-06-21 07:40:40,,BAY#320_SL
2016-06-21 15:06:40,,BAY#320_SL
2016-06-22 07:00:03,,BAY#320_SL
2016-06-22 15:00:07,,BAY#320_SL
2016-06-23 07:29:30,,BAY#320_SL
2016-06-23 15:11:24,,BAY#320_SL
2016-06-24 07:26:28,,BAY#320_SL
2016-06-24 15:00:05,,BAY#320_SL
2016-06-25 07:00:01,,BAY#320_SL
2016-06-25 16:21:19,,BAY#320_SL
2016-06-26 07:12:54,,BAY#320_SL
2016-06-26 15:00:03,,BAY#320_SL
2016-06-27 08:28:40,,BAY#320_SL
2016-06-27 15:00:01,,BAY#320_SL
2016-06-28 07:09:01,,BAY#320_SL
2016-06-28 15:00:07,,BAY#320_SL
2016-06-29 07:02:42,,BAY#320_SL
2016-06-29 15:00:03,,BAY#320_SL
2016-06-30 07:11:08,,BAY#320_SL
2016-06-30 15:00:02,,BAY#320_SL
2016-07-01 07:25:35,,BAY#320_SL
2016-07-01 15:00:03,,BAY#320_SL
2016-07-02 07:23:19,,BAY#320_SL
2016-07-02 15:00:07,,BAY#320_SL
2016-07-03 15:00:01,,BAY#320_SL
2016-07-04 07:07:08,,BAY#320_SL
2016-07-04 15:03:16,,BAY#320_SL
2016-07-05 15:00:02,,BAY#320_SL
2016-07-06 07:02:01,,BAY#320_SL
2016-07-06 15:55:22,,BAY#320_SL
2016-07-07 08:08:03,,BAY#320_SL
2016-07-07 15:00:01,,BAY#320_SL
2016-07-08 07:09:04,,BAY#320_SL
2016-07-08 15:00:02,,BAY#320_SL
2016-07-10 04:00:37,,BAY#320_SL
2016-07-11 10:12:17,,BAY#320_SL
2016-07-11 20:53:43,,BAY#320_SL
2016-07-12 07:02:53,,BAY#320_SL
2016-07-12 15:03:18,,BAY#320_SL
2016-07-13 15:00:04,,BAY#320_SL
2016-07-14 07:03:51,,BAY#320_SL
2016-07-14 15:00:55,,BAY#320_SL
2016-07-15 14:49:06,,BAY#320_SL
2016-07-15 15:00:01,,BAY#320_SL
2016-07-17 15:05:08,,BAY#320_SL
2016-07-19 15:03:18,,BAY#320_SL
2016-07-20 15:00:10,,
2016-07-21 15:04:19,,
2016-07-24 10:22:05,,
2016-07-24 18:36:12,,
2016-07-25 10:11:03,,
2016-07-25 18:48:25,,
2016-07-26 10:00:06,,
2016-07-26 18:00:08,,
2016-07-27 10:29:36,,
2016-07-27 18:40:55,,
2016-07-28 10:46:14,,
2016-07-28 18:01:57,,
2016-07-29 10:44:34,,
2016-07-29 18:00:07,,
2016-07-30 10:12:34,,
2016-08-03 10:00:07,,BAY#300.1_SL
2016-08-03 15:00:07,,
2016-08-04 08:10:06,,
2016-08-04 15:00:07,,
2016-08-05 07:04:26,,
2016-08-05 15:00:07,,
2016-08-06 07:56:04,,
2016-08-06 15:47:03,,
2016-08-07 07:59:26,,
2016-08-07 15:00:04,,
2016-08-08 07:47:49,,
2016-08-08 15:00:07,,
2016-08-09 07:55:39,,
2016-08-09 15:00:07,,
2016-08-10 07:48:57,,
2016-08-10 15:00:07,,
2016-08-11 07:32:45,,
2016-08-11 15:00:04,,
2016-08-12 07:28:07,,
2016-08-16 07:34:46,,
2016-08-16 15:00:07,,BAY#211_SL
2016-08-17 07:09:30,,BAY#211_SL
2016-08-17 15:00:08,,
2016-08-18 07:04:18,,
2016-08-18 15:00:08,,
2016-08-19 07:22:18,,
2016-08-19 15:00:36,,
2016-08-20 07:19:49,,
2016-08-20 15:00:07,,
2016-08-21 07:58:49,,
2016-08-21 15:00:09,,
2016-08-22 07:54:17,,
2016-08-22 15:00:06,,
2016-08-23 07:00:09,,
2016-08-23 15:00:07,,
2016-08-24 07:20:42,,
2016-08-26 08:16:18,,
2016-08-26 15:00:07,,
2016-08-27 07:06:50,,
2016-08-27 15:00:02,,
2016-08-28 07:12:32,,
2016-08-28 15:09:07,,
2016-08-29 07:26:45,,
2016-08-29 15:00:04,,
2016-08-30 08:15:33,,
2016-08-30 15:00:06,,
2016-08-31 07:05:11,,
2016-08-31 15:00:02,,
2016-09-01 07:18:39,,
2016-09-01 15:00:07,,
2016-09-02 07:28:27,,
2016-09-02 13:11:39,,
2016-09-02 15:00:07,,
2016-09-03 08:04:24,,
2016-09-03 15:00:05,,
2016-09-04 07:26:41,,
2016-09-04 15:00:09,,
2016-09-05 08:02:12,,
2016-09-05 15:02:15,,
2016-09-06 08:24:45,,
2016-09-06 15:00:07,,
2016-09-07 08:26:23,,
2016-09-07 15:00:02,,OCEAN#15_SL
2016-09-08 07:37:13,,OCEAN#15_SL
2016-09-08 15:00:07,,OCEAN#15_SL
2016-09-09 07:36:56,,OCEAN#15_SL
2016-09-09 15:00:01,,OCEAN#15_SL
2016-09-10 07:04:41,,OCEAN#15_SL
2016-09-10 15:00:07,,
2016-09-11 07:50:35,,
2016-09-11 15:00:13,,
2016-09-12 07:45:17,,
2016-09-12 09:07:19,,
2016-09-12 15:00:12,,
2016-09-13 07:59:52,,
2016-09-13 15:00:07,,
2016-09-14 07:50:36,,
2016-09-14 15:00:07,,
2016-09-15 07:00:11,,
2016-09-15 15:00:07,,
2016-09-16 07:08:54,,
2016-09-16 15:00:07,,
2016-09-17 08:13:34,,
2016-09-17 15:17:24,,
2016-09-18 08:38:34,,
2016-09-18 15:00:03,,
2016-09-19 07:01:48,,
2016-09-19 15:00:02,,
2016-09-20 07:00:02,,
2016-09-20 15:00:03,,BAY#301.1_SL|OCEAN#15_SL
2016-09-21 08:00:58,,BAY#301.1_SL|OCEAN#15_SL
2016-09-21 15:00:05,,BAY#301.1_SL
2016-09-22 08:44:24,,BAY#301.1_SL
2016-09-22 15:00:02,,BAY#301.1_SL
2016-09-23 07:06:57,,BAY#301.1_SL
2016-09-23 15:00:07,,
2016-09-24 07:35:59,,
2016-09-24 15:00:07,,
2016-09-25 07:53:54,,
2016-09-25 15:00:01,,
2016-09-26 07:28:32,,
2016-09-26 15:00:05,,
2016-09-27 08:24:56,,
2016-09-27 15:00:07,,BAY#301.1_SL
2016-09-28 07:18:50,,BAY#301.1_SL
2016-09-28 15:00:03,,
2016-09-29 07:03:25,,
2016-09-29 15:00:01,,
2016-09-30 07:27:02,,
2016-09-30 15:00:07,,
2016-10-01 07:29:09,,
2016-10-01 15:00:04,,
2016-10-02 07:10:58,,
2016-10-02 15:00:07,,
2016-10-03 07:00:07,,
2016-10-03 15:00:07,,
2016-10-04 07:47:50,,
2016-10-04 15:00:05,,
2016-10-05 07:00:03,,
2016-10-05 15:00:01,,
2016-10-06 07:00:03,,
2016-10-06 15:09:15,,
2016-10-07 07:00:07,,
2016-10-07 15:00:07,,
2016-10-08 07:00:07,,
2016-10-08 15:00:03,,
2016-10-09 07:08:35,,
2016-10-09 15:00:07,,
2016-10-10 08:25:22,,
2016-10-10 15:00:07,,
2016-10-11 07:26:04,,
2016-10-11 15:00:07,,
2016-10-12 07:33:41,,
2016-10-12 15:00:09,,
2016-10-13 08:09:17,,
2016-10-13 15:00:07,,
2016-10-14 07:07:52,,
2016-10-14 15:00:07,,
2016-10-15 07:53:01,,
2016-10-15 15:00:03,,
2016-10-16 07:17:42,SEA CLIFF II,OCEAN#15EAST_SL|OCEAN#15_SL|OCEAN#16_SL
2016-10-16 15:00:07,SEA CLIFF II,OCEAN#15EAST_SL|OCEAN#15_SL|OCEAN#16_SL
2016-10-17 07:36:43,ISLAIS CREEK|SEA CLIFF II,BAY#320_SL|OCEAN#15EAST_SL|OCEAN#15_SL|OCEAN#16_SL
2016-10-17 15:00:07,ISLAIS CREEK|SEA CLIFF II,BAY#320_SL|OCEAN#15EAST_SL|OCEAN#15_SL|OCEAN#16_SL
2016-10-18 07:03:17,ISLAIS CREEK|SEA CLIFF II,BAY#320_SL|OCEAN#15EAST_SL|OCEAN#15_SL|OCEAN#16_SL
2016-10-18 15:00:02,ISLAIS CREEK,BAY#202.4_SL|BAY#300.1_SL|BAY#301.1_SL|BAY#320_SL
2016-10-19 07:55:14,ISLAIS CREEK,BAY#202.4_SL|BAY#300.1_SL|BAY#301.1_SL|BAY#320_SL
2016-10-19 15:00:04,,BAY#320_SL
2016-10-20 07:35:13,,BAY#320_SL
2016-10-20 15:00:04,,BAY#320_SL
2016-10-21 08:00:07,,BAY#320_SL
2016-10-21 15:53:18,,
2016-10-22 07:00:01,,
2016-10-22 15:18:49,,
2016-10-23 07:00:05,,
2016-10-24 14:44:54,,
2016-10-24 15:00:02,,
2016-10-25 08:17:34,,
2016-10-25 15:00:03,,BAY#301.1_SL
2016-10-25 19:48:18,,BAY#301.1_SL
2016-10-26 07:23:48,,BAY#301.1_SL
2016-10-26 15:00:07,,BAY#301.1_SL
2016-10-27 07:57:32,,BAY#301.1_SL
2016-10-27 15:00:07,,
2016-10-28 08:33:45,ISLAIS CREEK,BAY#320_SL
2016-10-28 15:00:02,ISLAIS CREEK,BAY#320_SL
2016-10-29 11:39:45,ISLAIS CREEK,BAY#320_SL
2016-10-29 15:00:01,ISLAIS CREEK,BAY#320_SL
2016-10-29 15:00:07,ISLAIS CREEK,BAY#320_SL
2016-10-30 07:56:38,ISLAIS CREEK,BAY#320_SL
2016-10-30 15:00:11,ISLAIS CREEK,BAY#320_SL
2016-10-31 07:51:46,ISLAIS CREEK,BAY#320_SL
2016-10-31 15:39:36,,BAY#320_SL
2016-11-01 07:59:20,,BAY#320_SL
2016-11-01 15:57:20,,BAY#320_SL
2016-11-03 07:00:07,,
2016-11-03 15:00:07,,
2016-11-04 08:09:07,,
2016-11-04 15:00:07,,
2016-11-05 07:55:26,,
2016-11-05 15:00:06,,
2016-11-06 07:12:17,,
2016-11-06 16:44:42,,
2016-11-07 07:12:46,,
2016-11-07 15:00:07,,
2016-11-08 07:27:58,,
2016-11-08 15:17:36,,
2016-11-09 07:00:08,,
2016-11-09 15:00:08,,
2016-11-10 07:56:00,,
2016-11-10 15:39:19,,
2016-11-11 07:17:10,,
2016-11-11 15:00:07,,
2016-11-12 08:16:33,,
2016-11-12 15:00:40,,
2016-11-13 07:07:22,,
2016-11-13 15:00:07,,
2016-11-14 08:30:37,,
2016-11-14 15:00:07,,
2016-11-15 08:14:32,,
2016-11-15 15:00:01,,BAY#202.4_SL|BAY#301.1_SL|BAY#301.2_SL|OCEAN#15_SL
2016-11-16 07:58:30,,BAY#202.4_SL|BAY#300.1_SL|BAY#301.1_SL|BAY#301.2_SL|OCEAN#15_SL
2016-11-16 15:00:04,,BAY#301.1_SL|OCEAN#15_SL
2016-11-17 08:30:00,,BAY#301.1_SL|OCEAN#15_SL
2016-11-17 15:00:04,,
2016-11-18 07:24:23,,
2016-11-18 15:02:31,,
2016-11-19 07:53:58,,
2016-11-19 15:16:28,,
2016-11-20 07:07:09,,
2016-11-20 15:00:06,MISSION CREEK,BAY#220_SL
2016-11-21 08:13:51,MISSION CREEK,
2016-11-21 15:00:07,MISSION CREEK|SEA CLIFF II,BAY#220_SL|OCEAN#15EAST_SL|OCEAN#15_SL|OCEAN#16_SL
2016-11-22 07:31:25,MISSION CREEK|SEA CLIFF II,BAY#220_SL|OCEAN#15EAST_SL|OCEAN#15_SL|OCEAN#16_SL
2016-11-22 15:00:03,MISSION CREEK,BAY#220_SL|BAY#320_SL
2016-11-23 08:46:08,ISLAIS CREEK|MISSION CREEK|SEA CLIFF II,BAY#220_SL|BAY#320_SL|OCEAN#15EAST_SL|OCEAN#15_SL|OCEAN#16_SL
2016-11-23 15:00:04,ISLAIS CREEK|MISSION CREEK|SEA CLIFF II,BAY#220_SL|BAY#320_SL|OCEAN#15EAST_SL|OCEAN#15_SL|OCEAN#16_SL
2016-11-24 07:04:13,ISLAIS CREEK|MISSION CREEK|SEA CLIFF II,BAY#220_SL|BAY#320_SL|OCEAN#15EAST_SL|OCEAN#15_SL|OCEAN#16_SL
2016-11-24 15:00:07,MISSION CREEK|SEA CLIFF II,BAY#220_SL|OCEAN#15_SL
2016-11-25 08:32:35,MISSION CREEK|SEA CLIFF II,BAY#220_SL|OCEAN#15_SL
2016-11-25 15:00:01,MISSION CREEK,BAY#220_SL
2016-11-26 15:57:32,MISSION CREEK,BAY#220_SL
2016-11-27 08:47:53,,
2016-11-27 09:03:21,,
2016-11-27 15:00:07,,
2016-11-28 07:52:11,,
2016-11-28 15:00:02,,
2016-11-29 07:09:49,,
2016-11-29 15:00:12,,
2016-11-30 07:04:45,,
2016-11-30 15:00:02,,
2016-12-01 07:00:07,,
2016-12-01 15:00:07,,
2016-12-02 07:17:22,,
2016-12-02 15:00:07,,
2016-12-03 07:57:36,,
2016-12-03 15:00:06,,
2016-12-04 08:37:32,,
2016-12-04 15:12:15,,
2016-12-05 07:18:23,,
2016-12-05 15:00:05,,
2016-12-06 07:05:26,,
2016-12-06 15:01:04,,
2016-12-07 07:33:32,,
2016-12-07 15:00:02,,
2016-12-08 07:23:42,,
2016-12-08 15:00:07,ISLAIS CREEK,BAY#320_SL
2016-12-09 08:03:04,ISLAIS CREEK,BAY#320_SL
2016-12-09 15:00:12,ISLAIS CREEK,BAY#320_SL
2016-12-10 07:10:39,ISLAIS CREEK,BAY#320_SL
2016-12-10 15:00:07,ISLAIS CREEK|MISSION CREEK,BAY#320_SL
2016-12-11 07:21:27,ISLAIS CREEK|LAKE MERCED|LINCOLN|MISSION CREEK,BAY#320_SL|OCEAN#18_SL|OCEAN#19_SL|OCEAN#20_SL|OCEAN#22_SL
2016-12-11 15:00:03,ISLAIS CREEK|LAKE MERCED|MISSION CREEK,BAY#320_SL|OCEAN#20_SL|OCEAN#21.1_SL|OCEAN#21_SL|OCEAN#22_SL
2016-12-12 08:19:24,ISLAIS CREEK|LAKE MERCED|MISSION CREEK|VICENTE,BAY#320_SL|OCEAN#20_SL|OCEAN#21.1_SL|OCEAN#21_SL|OCEAN#22_SL
2016-12-12 15:00:04,ISLAIS CREEK|MISSION CREEK,BAY#320_SL|OCEAN#22_SL
2016-12-13 07:11:55,ISLAIS CREEK|MISSION CREEK,BAY#320_SL|OCEAN#22_SL
2016-12-13 15:07:08,,BAY#220_SL|BAY#300.1_SL|BAY#301.1_SL|BAY#301.2_SL|BAY#320_SL|OCEAN#22_SL
2016-12-14 08:05:28,,BAY#220_SL|BAY#300.1_SL|BAY#301.1_SL|BAY#301.2_SL|BAY#320_SL|OCEAN#22_SL
2016-12-14 15:00:07,,BAY#220_SL|BAY#301.2_SL|BAY#320_SL
2016-12-16 08:23:55,BAKER STREET CSD09|BEACH STREET CSD13|ISLAIS CREEK|LAGUNA STREET CSD11|LAKE MERCED|LINCOLN|MISSION CREEK|PIERCE STREET CSD10|SANSOME STREET CSD15|SUNNYDALE|VICENTE|YOSEMITE,BAY#202.4_SL|BAY#202.5_SL|BAY#210.1_SL|BAY#211_SL|BAY#220_SL|BAY#300.1_SL|BAY#301.1_SL|BAY#301.2_SL|BAY#320_SL|OCEAN#18_SL|OCEAN#19_SL|OCEAN#20_SL|OCEAN#21_SL|OCEAN#22_SL
2016-12-16 15:00:07,BAKER STREET CSD09|BEACH STREET CSD13|ISLAIS CREEK|LAGUNA STREET CSD11|LAKE MERCED|LINCOLN|MISSION CREEK|PIERCE STREET CSD10|SANSOME STREET CSD15|SUNNYDALE|VICENTE|YOSEMITE,BAY#202.4_SL|BAY#202.5_SL|BAY#210.1_SL|BAY#211_SL|BAY#220_SL|BAY#300.1_SL|BAY#301.1_SL|BAY#301.2_SL|BAY#320_SL|OCEAN#18_SL|OCEAN#19_SL|OCEAN#20_SL|OCEAN#21_SL|OCEAN#22_SL
2016-12-17 07:01:58,BAKER STREET CSD09|BEACH STREET CSD13|ISLAIS CREEK|LAGUNA STREET CSD11|LAKE MERCED|LINCOLN|MISSION CREEK|PIERCE STREET CSD10|SANSOME STREET CSD15|SUNNYDALE|VICENTE|YOSEMITE,BAY#202.4_SL|BAY#202.5_SL|BAY#210.1_SL|BAY#211_SL|BAY#220_SL|BAY#300.1_SL|BAY#301.1_SL|BAY#301.2_SL|BAY#320_SL|OCEAN#18_SL|OCEAN#19_SL|OCEAN#20_SL|OCEAN#21_SL|OCEAN#22_SL
2016-12-17 15:00:07,BAKER STREET CSD09|BEACH STREET CSD13|ISLAIS CREEK|LAGUNA STREET CSD11|LAKE MERCED|LINCOLN|MISSION CREEK|PIERCE STREET CSD10|SANSOME STREET CSD15|SUNNYDALE|VICENTE|YOSEMITE,BAY#220_SL|BAY#300.1_SL|BAY#301.1_SL|BAY#301.2_SL|BAY#320_SL
2016-12-18 07:30:20,BAKER STREET CSD09|BEACH STREET CSD13|ISLAIS CREEK|LAGUNA STREET CSD11|LAKE MERCED|LINCOLN|MISSION CREEK|PIERCE STREET CSD10|SANSOME STREET CSD15|SUNNYDALE|VICENTE|YOSEMITE,BAY#220_SL|BAY#300.1_SL|BAY#301.1_SL|BAY#301.2_SL|BAY#320_SL
2016-12-18 15:02:32,BAKER STREET CSD09|BEACH STREET CSD13|ISLAIS CREEK|LAGUNA STREET CSD11|LAKE MERCED|LINCOLN|MISSION CREEK|PIERCE STREET CSD10|SANSOME STREET CSD15|SUNNYDALE|VICENTE|YOSEMITE,BAY#220_SL|BAY#300.1_SL|BAY#301.1_SL|BAY#301.2_SL|BAY#320_SL
2016-12-19 07:25:32,,BAY#300.1_SL|BAY#301.1_SL|BAY#301.2_SL|BAY#320_SL
2016-12-19 15:00:06,,BAY#300.1_SL|BAY#301.2_SL
2016-12-20 08:12:36,,BAY#300.1_SL|BAY#301.2_SL
2016-12-20 15:00:07,,BAY#300.1_SL|BAY#301.1_SL|BAY#301.2_SL
2016-12-21 08:12:35,,BAY#300.1_SL|BAY#301.1_SL|BAY#301.2_SL
2016-12-21 15:01:24,,BAY#300.1_SL
2016-12-22 07:43:03,,BAY#300.1_SL
2016-12-22 15:00:07,,
2016-12-23 07:30:00,,
2016-12-23 15:00:07,BAKER STREET CSD09|BEACH STREET CSD13|ISLAIS CREEK|LAGUNA STREET CSD11|LAKE MERCED|MISSION CREEK|PIERCE STREET CSD10|SANSOME STREET CSD15,BAY#202.4_SL|BAY#202.5_SL|BAY#210.1_SL|BAY#211_SL|BAY#320_SL|OCEAN#22_SL
2016-12-24 07:25:12,BAKER STREET CSD09|BEACH STREET CSD13|ISLAIS CREEK|LAGUNA STREET CSD11|LAKE MERCED|MISSION CREEK|PIERCE STREET CSD10|SANSOME STREET CSD15,BAY#202.4_SL|BAY#202.5_SL|BAY#210.1_SL|BAY#211_SL|BAY#320_SL|OCEAN#22_SL
2016-12-24 15:00:07,ISLAIS CREEK|LAKE MERCED|MISSION CREEK,BAY#320_SL|OCEAN#22_SL
2016-12-25 07:33:21,ISLAIS CREEK|LAKE MERCED|MISSION CREEK,BAY#320_SL|OCEAN#22_SL
2016-12-25 15:32:24,ISLAIS CREEK|MISSION CREEK,BAY#320_SL
2016-12-26 07:31:00,ISLAIS CREEK|MISSION CREEK,BAY#320_SL
2016-12-26 15:00:07,,
2016-12-27 07:12:06,,
2016-12-27 15:00:07,,
2016-12-28 07:24:42,,
2016-12-28 15:00:04,,
2016-12-29 07:08:56,,
2016-12-29 15:00:06,,
2016-12-30 07:15:22,,
2016-12-30 15:00:13,,
2016-12-31 07:27:36,,
2016-12-31 15:00:08,,
2017-01-01 07:41:52,,
2017-01-01 15:00:09,,
2017-01-02 07:55:08,,
2017-01-02 15:00:09,,
2017-01-03 07:00:48,,
2017-01-03 15:00:07,,
2017-01-04 07:00:09,,
2017-01-04 15:00:07,,BAY#300.1_SL|BAY#301.1_SL
2017-01-05 07:00:07,,BAY#300.1_SL|BAY#301.1_SL
2017-01-05 15:00:02,,BAY#301.1_SL
2017-01-06 07:07:12,,BAY#301.1_SL
2017-01-06 15:00:01,,
2017-01-07 07:11:48,,
2017-01-07 15:00:05,,
2017-01-08 07:16:22,ISLAIS CREEK|LAKE MERCED|LINCOLN|MISSION CREEK|VICENTE,
2017-01-08 15:53:23,ISLAIS CREEK|LAKE MERCED|LINCOLN|MISSION CREEK|VICENTE,
2017-01-09 07:15:42,ISLAIS CREEK|LAKE MERCED|LINCOLN|MISSION CREEK|VICENTE,
2017-01-09 15:00:01,ISLAIS CREEK|LAKE MERCED|LINCOLN|MISSION CREEK|SEA CLIFF II|VICENTE,BAY#320_SL|OCEAN#15EAST_SL|OCEAN#15_SL|OCEAN#16_SL|OCEAN#18_SL|OCEAN#19_SL|OCEAN#20_SL|OCEAN#21.1_SL|OCEAN#21_SL|OCEAN#22_SL
2017-01-10 07:01:11,ISLAIS CREEK|LAKE MERCED|LINCOLN|MISSION CREEK|SEA CLIFF II|VICENTE,BAY#320_SL|OCEAN#15EAST_SL|OCEAN#15_SL|OCEAN#16_SL|OCEAN#18_SL|OCEAN#19_SL|OCEAN#20_SL|OCEAN#21.1_SL|OCEAN#21_SL|OCEAN#22_SL
2017-01-10 19:47:02,ISLAIS CREEK|LAKE MERCED|MISSION CREEK,BAY#202.4_SL|BAY#300.1_SL|BAY#301.1_SL|BAY#320_SL|OCEAN#22_SL
