date,total_samples,elevated_samples,max_entero,stations_sampled,exceedance_rate,elevated_station_count,elevated_basins,likely_cso,any_elevated,SF Downtown,SF Oceanside,precip_avg,precip_max,rain_2d_cum,rain_3d_cum,rain_5d_cum,rain_7d_cum,rain_14d_cum,rain_30d_cum,rain_lag1d,rain_lag2d,rain_lag3d
2020-07-27,45,0,98.0,15,0.0,0.0,0.0,0,0,0.0,0.0,0.0,0.0,0.0,0.0,0.0,0.02,0.02,0.02,0.0,0.0,0.0
2020-08-03,90,6,31.0,15,0.06666666666666667,2.0,2.0,0,1,0.0,0.0,0.0,0.0,0.0,0.0,0.0,0.0,0.02,0.02,0.0,0.0,0.0
2020-08-04,12,4,10.0,2,0.3333333333333333,1.0,1.0,0,1,0.0,0.0,0.0,0.0,0.0,0.0,0.0,0.0,0.02,0.02,0.0,0.0,0.0
2020-08-05,6,0,52.0,1,0.0,0.0,0.0,0,0,0.0,0.0,0.0,0.0,0.0,0.0,0.0,0.0,0.0,0.02,0.0,0.0,0.0
2020-08-10,90,0,10.0,15,0.0,0.0,0.0,0,0,0.0,0.0,0.0,0.0,0.0,0.0,0.0,0.0,0.0,0.02,0.0,0.0,0.0
2020-08-17,90,10,521.0,15,0.1111111111111111,3.0,2.0,1,1,0.0,0.0,0.0,0.0,0.02,0.02,0.02,0.02,0.02,0.04,0.02,0.0,0.0
2020-08-18,18,4,187.0,3,0.2222222222222222,1.0,1.0,0,1,0.0,0.0,0.0,0.0,0.0,0.02,0.02,0.02,0.02,0.04,0.0,0.02,0.0
2020-08-19,6,0,20.0,1,0.0,0.0,0.0,0,0,0.0,0.0,0.0,0.0,0.0,0.0,0.02,0.02,0.02,0.04,0.0,0.0,0.02
2020-08-24,90,0,74.0,15,0.0,0.0,0.0,0,0,0.0,0.0,0.0,0.0,0.0,0.0,0.0,0.0,0.02,0.02,0.0,0.0,0.0
2020-08-31,90,2,120.0,15,0.022222222222222223,1.0,1.0,0,1,0.0,0.0,0.0,0.0,0.0,0.0,0.0,0.0,0.0,0.02,0.0,0.0,0.0
2020-09-01,12,4,146.0,2,0.3333333333333333,1.0,1.0,0,1,0.0,0.0,0.0,0.0,0.0,0.0,0.0,0.0,0.0,0.02,0.0,0.0,0.0
2020-09-02,12,0,96.0,2,0.0,0.0,0.0,0,0,0.0,0.0,0.0,0.0,0.0,0.0,0.0,0.0,0.0,0.02,0.0,0.0,0.0
2020-09-08,90,2,420.0,15,0.022222222222222223,1.0,1.0,0,1,0.0,0.0,0.0,0.0,0.0,0.0,0.0,0.0,0.0,0.02,0.0,0.0,0.0
2020-09-09,12,0,41.0,2,0.0,0.0,0.0,0,0,0.0,0.0,0.0,0.0,0.0,0.0,0.0,0.0,0.0,0.02,0.0,0.0,0.0
2020-09-14,90,6,228.0,15,0.06666666666666667,3.0,1.0,0,1,0.0,0.0,0.0,0.0,0.0,0.0,0.0,0.0,0.0,0.02,0.0,0.0,0.0
2020-09-15,18,0,10.0,3,0.0,0.0,0.0,0,0,0.0,0.0,0.0,0.0,0.0,0.0,0.0,0.0,0.0,0.0,0.0,0.0,0.0
2020-09-21,90,2,10.0,15,0.022222222222222223,1.0,1.0,0,1,0.0,0.0,0.0,0.0,0.0,0.0,0.0,0.0,0.0,0.0,0.0,0.0,0.0
2020-09-22,6,0,97.0,1,0.0,0.0,0.0,0,0,0.0,0.0,0.0,0.0,0.0,0.0,0.0,0.0,0.0,0.0,0.0,0.0,0.0
2020-09-28,90,8,30.0,15,0.08888888888888889,3.0,1.0,0,1,0.0,0.0,0.0,0.0,0.0,0.0,0.0,0.0,0.0,0.0,0.0,0.0,0.0
2020-09-29,12,2,10.0,2,0.16666666666666666,1.0,1.0,0,1,0.0,0.0,0.0,0.0,0.0,0.0,0.0,0.0,0.0,0.0,0.0,0.0,0.0
2020-10-05,90,0,41.0,15,0.0,0.0,0.0,0,0,0.0,0.0,0.0,0.0,0.0,0.0,0.0,0.0,0.0,0.0,0.0,0.0,0.0
2020-10-13,90,10,52.0,15,0.1111111111111111,3.0,1.0,0,1,0.0,0.0,0.0,0.0,0.0,0.0,0.0,0.0,0.005,0.005,0.0,0.0,0.0
2020-10-14,18,2,10.0,3,0.1111111111111111,1.0,1.0,0,1,0.0,0.0,0.0,0.0,0.0,0.0,0.0,0.0,0.005,0.005,0.0,0.0,0.0
2020-10-15,6,0,5.0,1,0.0,0.0,0.0,0,0,0.0,0.0,0.0,0.0,0.0,0.0,0.0,0.0,0.005,0.005,0.0,0.0,0.0
2020-10-19,90,0,52.0,15,0.0,0.0,0.0,0,0,0.0,0.0,0.0,0.0,0.0,0.0,0.0,0.0,0.005,0.005,0.0,0.0,0.0
2020-10-26,45,2,41.0,15,0.044444444444444446,1.0,1.0,0,1,0.0,0.0,0.0,0.0,0.0,0.0,0.0,0.0,0.0,0.005,0.0,0.0,0.0
2020-10-27,3,0,10.0,1,0.0,0.0,0.0,0,0,0.0,0.0,0.0,0.0,0.0,0.0,0.0,0.0,0.0,0.005,0.0,0.0,0.0
2020-11-02,45,2,110.0,15,0.044444444444444446,2.0,1.0,0,1,0.0,0.0,0.0,0.0,0.0,0.0,0.0,0.0,0.0,0.005,0.0,0.0,0.0
2020-11-03,6,0,10.0,2,0.0,0.0,0.0,0,0,0.0,0.0,0.0,0.0,0.0,0.0,0.0,0.0,0.0,0.005,0.0,0.0,0.0
2020-11-09,45,4,3076.0,15,0.08888888888888889,3.0,1.0,0,1,0.0,0.0,0.0,0.0,0.0,0.0,0.0,0.0,0.0,0.0,0.0,0.0,0.0
2020-11-10,12,2,62.0,4,0.16666666666666666,1.0,1.0,0,1,0.0,0.0,0.0,0.0,0.0,0.0,0.0,0.0,0.0,0.0,0.0,0.0,0.0
2020-11-11,3,0,5.0,1,0.0,0.0,0.0,0,0,0.0,0.0,0.0,0.0,0.0,0.0,0.0,0.0,0.0,0.0,0.0,0.0,0.0
2020-11-16,45,4,1019.0,15,0.08888888888888889,4.0,2.0,1,1,0.0,0.0,0.0,0.0,0.0,0.0,0.115,0.115,0.115,0.115,0.0,0.0,0.115
2020-11-17,15,4,480.0,5,0.26666666666666666,2.0,2.0,0,1,0.31,0.45,0.38,0.45,0.38,0.38,0.495,0.495,0.495,0.495,0.0,0.0,0.0
2020-11-18,6,2,535.0,2,0.3333333333333333,1.0,1.0,0,1,0.11,0.06,0.08499999999999999,0.11,0.46499999999999997,0.46499999999999997,0.46499999999999997,0.58,0.58,0.58,0.38,0.0,0.0
2020-11-19,3,1,122.0,1,0.3333333333333333,1.0,1.0,0,1,0.0,0.01,0.005,0.01,0.09,0.47,0.47,0.585,0.585,0.585,0.08499999999999999,0.38,0.0
2020-11-20,3,0,52.0,1,0.0,0.0,0.0,0,0,0.0,0.0,0.0,0.0,0.005,0.09,0.47,0.47,0.585,0.585,0.005,0.08499999999999999,0.38
2020-11-23,45,2,213.0,15,0.044444444444444446,2.0,1.0,0,1,0.0,0.0,0.0,0.0,0.0,0.0,0.005,0.47,0.585,0.585,0.0,0.0,0.0
2020-11-24,6,0,20.0,2,0.0,0.0,0.0,0,0,0.0,0.0,0.0,0.0,0.0,0.0,0.0,0.09,0.585,0.585,0.0,0.0,0.0
2020-11-30,45,1,75.0,15,0.022222222222222223,1.0,1.0,0,1,0.0,0.0,0.0,0.0,0.0,0.0,0.0,0.0,0.47,0.585,0.0,0.0,0.0
2020-12-01,3,0,5.0,1,0.0,0.0,0.0,0,0,0.0,0.0,0.0,0.0,0.0,0.0,0.0,0.0,0.09,0.585,0.0,0.0,0.0
2020-12-07,45,0,20.0,15,0.0,0.0,0.0,0,0,0.0,0.0,0.0,0.0,0.0,0.0,0.0,0.0,0.0,0.585,0.0,0.0,0.0
2020-12-13,9,0,20.0,3,0.0,0.0,0.0,0,0,0.75,0.54,0.645,0.75,0.795,1.165,1.165,1.165,1.165,1.635,0.15,0.37,0.0
2020-12-14,45,4,189.0,15,0.08888888888888889,3.0,3.0,1,1,0.0,0.0,0.0,0.0,0.645,0.795,1.165,1.165,1.165,1.635,0.645,0.15,0.37
2020-12-15,9,0,31.0,3,0.0,0.0,0.0,0,0,0.0,0.0,0.0,0.0,0.0,0.645,1.165,1.165,1.165,1.635,0.0,0.645,0.15
2020-12-21,45,1,464.0,15,0.022222222222222223,1.0,1.0,0,1,0.0,0.0,0.0,0.0,0.0,0.0,0.39,0.41000000000000003,1.5750000000000002,1.5750000000000002,0.0,0.0,0.0
2020-12-22,3,1,31.0,1,0.3333333333333333,1.0,1.0,0,1,0.0,0.0,0.0,0.0,0.0,0.0,0.0,0.41000000000000003,1.5750000000000002,1.5750000000000002,0.0,0.0,0.0
2020-12-23,3,0,74.0,1,0.0,0.0,0.0,0,0,0.0,0.0,0.0,0.0,0.0,0.0,0.0,0.39,1.5750000000000002,1.5750000000000002,0.0,0.0,0.0
2020-12-28,45,1,1274.0,15,0.022222222222222223,1.0,1.0,0,1,0.11,0.1,0.10500000000000001,0.11,0.10500000000000001,0.10500000000000001,0.36,0.36,0.77,1.935,0.0,0.0,0.255
2020-12-29,3,0,5.0,1,0.0,0.0,0.0,0,0,0.0,0.0,0.0,0.0,0.10500000000000001,0.10500000000000001,0.36,0.36,0.77,1.935,0.10500000000000001,0.0,0.0
2021-01-04,45,3,1017.0,15,0.06666666666666667,2.0,1.0,0,1,0.24,0.37,0.305,0.37,0.305,0.54,0.5549999999999999,0.5900000000000001,0.9500000000000001,2.5250000000000004,0.0,0.23500000000000001,0.005
2021-01-05,6,0,20.0,2,0.0,0.0,0.0,0,0,0.0,0.0,0.0,0.0,0.305,0.305,0.5449999999999999,0.5900000000000001,0.9500000000000001,2.5250000000000004,0.305,0.0,0.23500000000000001
2021-01-11,45,2,3654.0,15,0.044444444444444446,1.0,1.0,0,1,0.0,0.0,0.0,0.0,0.0,0.005,0.04,0.07500000000000007,0.665,2.08,0.0,0.005,0.035
2021-01-12,3,1,388.0,1,0.3333333333333333,1.0,1.0,0,1,0.0,0.0,0.0,0.0,0.0,0.0,0.04,0.07500000000000007,0.665,1.435,0.0,0.0,0.005
2021-01-13,3,0,20.0,1,0.0,0.0,0.0,0,0,0.0,0.0,0.0,0.0,0.0,0.0,0.005,0.040000000000000056,0.63,1.435,0.0,0.0,0.0
2021-01-19,48,1,110.0,16,0.020833333333333332,1.0,1.0,0,1,0.0,0.0,0.0,0.0,0.0,0.0,0.0,0.0,0.07500000000000007,1.025,0.0,0.0,0.0
2021-01-20,6,0,5.0,2,0.0,0.0,0.0,0,0,0.0,0.0,0.0,0.0,0.0,0.0,0.0,0.0,0.040000000000000056,1.025,0.0,0.0,0.0
2021-01-21,3,0,5.0,1,0.0,0.0,0.0,0,0,0.0,0.0,0.0,0.0,0.0,0.0,0.0,0.0,0.040000000000000056,1.025,0.0,0.0,0.0
2021-01-23,3,0,5.0,1,0.0,0.0,0.0,0,0,0.0,0.0,0.0,0.0,0.135,0.135,0.135,0.13500000000000006,0.13500000000000006,1.1600000000000001,0.135,0.0,0.0
2021-01-25,48,1,256.0,16,0.020833333333333332,1.0,1.0,0,1,0.01,0.0,0.005,0.01,0.10500000000000001,0.10500000000000001,0.24000000000000002,0.24000000000000007,0.24000000000000007,1.01,0.1,0.0,0.135
2021-01-26,3,1,246.0,1,0.3333333333333333,1.0,1.0,0,1,0.35,0.61,0.48,0.61,0.485,0.585,0.72,0.7200000000000001,0.7200000000000001,1.49,0.005,0.1,0.0
2021-01-27,24,7,14136.0,8,0.2916666666666667,4.0,3.0,1,1,0.63,0.43,0.53,0.63,1.01,1.0150000000000001,1.115,1.25,1.25,1.915,0.48,0.005,0.1
2021-01-28,12,5,350.0,4,0.4166666666666667,3.0,2.0,1,1,0.61,0.65,0.63,0.65,1.1600000000000001,1.64,1.745,1.8800000000000001,1.8800000000000001,2.545,0.53,0.48,0.005
2021-01-29,12,6,1565.0,4,0.5,3.0,2.0,1,1,0.47,0.37,0.42,0.47,1.05,1.58,2.065,2.165,2.3000000000000003,2.9299999999999997,0.63,0.53,0.48
2021-01-30,9,2,132.0,3,0.2222222222222222,2.0,2.0,0,1,0.0,0.0,0.0,0.0,0.42,1.0499999999999998,2.06,2.165,2.3000000000000003,2.92,0.42,0.63,0.53
2021-01-31,6,0,31.0,2,0.0,0.0,0.0,0,0,0.0,0.0,0.0,0.0,0.0,0.42,1.58,2.065,2.3000000000000003,2.915,0.0,0.42,0.63
2021-02-01,48,1,414.0,16,0.020833333333333332,1.0,1.0,0,1,0.3,0.18,0.24,0.3,0.24,0.24,1.29,2.3000000000000003,2.54,2.92,0.0,0.0,0.42
2021-02-02,3,1,288.0,1,0.3333333333333333,1.0,1.0,0,1,0.22,0.14,0.18,0.22,0.42,0.42,0.84,2.0,2.72,3.0999999999999996,0.24,0.0,0.0
2021-02-03,3,0,5.0,1,0.0,0.0,0.0,0,0,0.0,0.0,0.0,0.0,0.18,0.42,0.42,1.4700000000000002,2.72,2.795,0.18,0.24,0.0
2021-02-08,48,2,168.0,16,0.041666666666666664,1.0,1.0,0,1,0.0,0.0,0.0,0.0,0.0,0.0,0.0,0.1800000000000001,2.48,2.7199999999999998,0.0,0.0,0.0
2021-02-09,3,0,10.0,1,0.0,0.0,0.0,0,0,0.0,0.0,0.0,0.0,0.0,0.0,0.0,0.0,2.0,2.7199999999999998,0.0,0.0,0.0
2021-02-16,48,0,73.0,16,0.0,0.0,0.0,0,0,0.0,0.0,0.0,0.0,0.26,0.32,0.38,0.925,0.925,3.645,0.26,0.06,0.06
2021-02-22,48,0,63.0,16,0.0,0.0,0.0,0,0,0.0,0.0,0.0,0.0,0.0,0.03,0.225,0.22500000000000012,1.1500000000000001,3.735,0.0,0.03,0.195
2021-03-01,48,2,3448.0,16,0.041666666666666664,1.0,1.0,0,1,0.0,0.0,0.0,0.0,0.0,0.0,0.0,0.0,0.22500000000000012,1.5699999999999998,0.0,0.0,0.0
2021-03-02,3,0,20.0,1,0.0,0.0,0.0,0,0,0.0,0.0,0.0,0.0,0.0,0.0,0.0,0.0,0.22500000000000012,1.5699999999999998,0.0,0.0,0.0
2021-03-08,48,3,481.0,16,0.0625,3.0,2.0,1,1,0.0,0.0,0.0,0.0,0.0,0.030000000000000002,0.28,0.28000000000000014,0.28000000000000014,1.43,0.0,0.030000000000000002,0.25
2021-03-09,9,1,187.0,3,0.1111111111111111,1.0,1.0,0,1,0.31,0.38,0.345,0.38,0.345,0.345,0.625,0.6250000000000001,0.6250000000000001,1.775,0.0,0.0,0.030000000000000002
2021-03-10,3,1,1054.0,1,0.3333333333333333,1.0,1.0,0,1,0.3,0.38,0.33999999999999997,0.38,0.6849999999999999,0.6849999999999999,0.715,0.9650000000000001,0.9650000000000001,2.1149999999999998,0.345,0.0,0.0
2021-03-11,3,0,30.0,1,0.0,0.0,0.0,0,0,0.14,0.0,0.07,0.14,0.41,0.7549999999999999,0.7549999999999999,1.0350000000000001,1.0350000000000001,2.185,0.33999999999999997,0.345,0.0
2021-03-15,48,1,146.0,16,0.020833333333333332,1.0,1.0,0,1,0.0,0.0,0.0,0.0,0.125,0.125,0.195,0.8800000000000001,1.1600000000000001,1.7049999999999998,0.125,0.0,0.0
2021-03-16,3,0,5.0,1,0.0,0.0,0.0,0,0,0.0,0.0,0.0,0.0,0.0,0.125,0.125,0.5350000000000001,1.1600000000000001,1.645,0.0,0.125,0.0
2021-03-22,51,0,52.0,17,0.0,0.0,0.0,0,0,0.0,0.0,0.0,0.0,0.0,0.0,0.45,0.4500000000000001,1.33,1.6099999999999999,0.0,0.0,0.005
2021-03-30,6,0,5.0,2,0.0,0.0,0.0,0,0,0.0,0.0,0.0,0.0,0.0,0.0,0.0,0.0,0.4500000000000002,1.6099999999999999,0.0,0.0,0.0
2021-03-31,45,0,52.0,15,0.0,0.0,0.0,0,0,0.0,0.0,0.0,0.0,0.0,0.0,0.0,0.0,0.4500000000000002,1.6099999999999999,0.0,0.0,0.0
2021-04-05,51,3,228.0,17,0.058823529411764705,2.0,2.0,0,1,0.0,0.0,0.0,0.0,0.0,0.0,0.0,0.0,0.0,1.3299999999999998,0.0,0.0,0.0
2021-04-06,6,1,109.0,2,0.16666666666666666,1.0,1.0,0,1,0.0,0.0,0.0,0.0,0.0,0.0,0.0,0.0,0.0,1.3299999999999998,0.0,0.0,0.0
2021-04-07,3,0,86.0,1,0.0,0.0,0.0,0,0,0.0,0.0,0.0,0.0,0.0,0.0,0.0,0.0,0.0,1.3299999999999998,0.0,0.0,0.0
2021-04-12,51,0,97.0,17,0.0,0.0,0.0,0,0,0.0,0.0,0.0,0.0,0.0,0.0,0.0,0.0,0.0,0.575,0.0,0.0,0.0
2021-04-19,51,0,75.0,17,0.0,0.0,0.0,0,0,0.0,0.0,0.0,0.0,0.0,0.0,0.0,0.0,0.0,0.0,0.0,0.0,0.0
2021-04-26,51,0,97.0,17,0.0,0.0,0.0,0,0,0.0,0.0,0.0,0.0,0.115,0.135,0.135,0.13500000000000012,0.13500000000000018,0.135,0.115,0.02,0.0
2021-05-03,51,1,31.0,17,0.0196078431372549,1.0,1.0,0,1,0.0,0.0,0.0,0.0,0.0,0.005,0.005,0.005000000000000111,0.14000000000000018,0.14,0.0,0.005,0.0
2021-05-04,3,0,10.0,1,0.0,0.0,0.0,0,0,0.0,0.0,0.0,0.0,0.0,0.0,0.005,0.005000000000000111,0.14000000000000018,0.14,0.0,0.0,0.005
2021-05-10,51,0,20.0,17,0.0,0.0,0.0,0,0,0.0,0.0,0.0,0.0,0.0,0.0,0.0,0.0,0.005000000000000167,0.14,0.0,0.0,0.0
2021-05-17,51,3,557.0,17,0.058823529411764705,1.0,1.0,0,1,0.01,0.0,0.005,0.01,0.005,0.005,0.005,0.005000000000000111,0.005000000000000167,0.14500000000000002,0.0,0.0,0.0
2021-05-18,3,0,5.0,1,0.0,0.0,0.0,0,0,0.0,0.0,0.0,0.0,0.005,0.005,0.005,0.005000000000000111,0.005000000000000167,0.14500000000000002,0.005,0.0,0.0
2021-05-24,51,0,5.0,17,0.0,0.0,0.0,0,0,0.0,0.0,0.0,0.0,0.0,0.0,0.0,0.0,0.005000000000000167,0.12500000000000003,0.0,0.0,0.0
2021-06-01,51,1,135.0,17,0.0196078431372549,1.0,1.0,0,1,0.0,0.0,0.0,0.0,0.0,0.0,0.0,0.0,0.0,0.005,0.0,0.0,0.0
2021-06-02,3,0,52.0,1,0.0,0.0,0.0,0,0,0.0,0.0,0.0,0.0,0.0,0.0,0.0,0.0,0.0,0.005,0.0,0.0,0.0
2021-06-07,42,0,20.0,14,0.0,0.0,0.0,0,0,0.0,0.0,0.0,0.0,0.0,0.0,0.0,0.0,0.0,0.005,0.0,0.0,0.0
2021-06-08,10,0,10.0,3,0.0,0.0,0.0,0,0,0.0,0.0,0.0,0.0,0.0,0.0,0.0,0.0,0.0,0.005,0.0,0.0,0.0
2021-06-14,52,0,31.0,17,0.0,0.0,0.0,0,0,0.01,0.0,0.005,0.01,0.005,0.005,0.005,0.005000000000000111,0.005000000000000167,0.01,0.0,0.0,0.0
2021-06-21,51,1,73.0,17,0.0196078431372549,1.0,1.0,0,1,0.0,0.0,0.0,0.0,0.0,0.0,0.0,0.0,0.005000000000000167,0.005,0.0,0.0,0.0
2021-06-22,3,0,5.0,1,0.0,0.0,0.0,0,0,0.0,0.0,0.0,0.0,0.0,0.0,0.0,0.0,0.005000000000000167,0.005,0.0,0.0,0.0
2021-06-28,51,2,691.0,17,0.0392156862745098,2.0,2.0,0,1,0.0,0.0,0.0,0.0,0.0,0.0,0.0,0.0,0.0,0.005,0.0,0.0,0.0
2021-06-29,6,0,10.0,2,0.0,0.0,0.0,0,0,0.0,0.0,0.0,0.0,0.0,0.0,0.0,0.0,0.0,0.005,0.0,0.0,0.0
2021-07-01,3,0,5.0,1,0.0,0.0,0.0,0,0,0.0,0.02,0.01,0.02,0.01,0.01,0.01,0.010000000000000111,0.010000000000000167,0.015,0.0,0.0,0.0
2021-07-06,51,2,754.0,17,0.0392156862745098,2.0,2.0,0,1,0.0,0.0,0.0,0.0,0.0,0.0,0.0,0.010000000000000111,0.010000000000000167,0.015000000000000001,0.0,0.0,0.0
2021-07-07,6,0,10.0,2,0.0,0.0,0.0,0,0,0.0,0.0,0.0,0.0,0.0,0.0,0.0,0.010000000000000111,0.010000000000000167,0.015000000000000001,0.0,0.0,0.0
2021-07-12,51,0,41.0,17,0.0,0.0,0.0,0,0,0.0,0.0,0.0,0.0,0.0,0.0,0.0,0.0,0.010000000000000167,0.015000000000000001,0.0,0.0,0.0
2021-07-19,51,0,10.0,17,0.0,0.0,0.0,0,0,0.0,0.0,0.0,0.0,0.0,0.0,0.0,0.0,0.0,0.010000000000000002,0.0,0.0,0.0
2021-07-20,3,0,5.0,1,0.0,0.0,0.0,0,0,0.0,0.0,0.0,0.0,0.0,0.0,0.0,0.0,0.0,0.010000000000000002,0.0,0.0,0.0
2021-07-26,51,1,52.0,17,0.0196078431372549,1.0,1.0,0,1,0.0,0.0,0.0,0.0,0.0,0.0,0.0,0.0,0.0,0.010000000000000002,0.0,0.0,0.0
2021-07-27,3,1,243.0,1,0.3333333333333333,1.0,1.0,0,1,0.0,0.0,0.0,0.0,0.0,0.0,0.0,0.0,0.0,0.010000000000000002,0.0,0.0,0.0
2021-07-29,3,0,5.0,1,0.0,0.0,0.0,0,0,0.0,0.0,0.0,0.0,0.0,0.0,0.0,0.0,0.0,0.010000000000000002,0.0,0.0,0.0
2021-08-02,51,0,31.0,17,0.0,0.0,0.0,0,0,0.0,0.0,0.0,0.0,0.0,0.0,0.0,0.0,0.0,0.0,0.0,0.0,0.0
2021-08-03,3,0,5.0,1,0.0,0.0,0.0,0,0,0.0,0.0,0.0,0.0,0.0,0.0,0.0,0.0,0.0,0.0,0.0,0.0,0.0
2021-08-05,3,0,5.0,1,0.0,0.0,0.0,0,0,0.04,0.0,0.02,0.04,0.025,0.025,0.025,0.025000000000000112,0.025000000000000168,0.025,0.005,0.0,0.0
2021-08-09,51,0,52.0,17,0.0,0.0,0.0,0,0,0.0,0.0,0.0,0.0,0.0,0.0,0.02,0.025000000000000112,0.025000000000000168,0.025,0.0,0.0,0.0
2021-08-16,51,0,73.0,17,0.0,0.0,0.0,0,0,0.0,0.0,0.0,0.0,0.0,0.0,0.0,0.0,0.025000000000000168,0.025,0.0,0.0,0.0
2021-08-17,6,0,10.0,2,0.0,0.0,0.0,0,0,0.0,0.0,0.0,0.0,0.0,0.0,0.0,0.0,0.025000000000000168,0.025,0.0,0.0,0.0
2021-08-23,30,0,96.0,10,0.0,0.0,0.0,0,0,0.0,0.0,0.0,0.0,0.0,0.0,0.0,0.0,0.0,0.025,0.0,0.0,0.0
2021-08-24,21,2,134.0,7,0.09523809523809523,1.0,1.0,0,1,0.0,0.0,0.0,0.0,0.0,0.0,0.0,0.0,0.0,0.025,0.0,0.0,0.0
2021-08-25,3,0,5.0,1,0.0,0.0,0.0,0,0,0.0,0.0,0.0,0.0,0.0,0.0,0.0,0.0,0.0,0.025,0.0,0.0,0.0
2021-08-30,51,2,369.0,17,0.0392156862745098,2.0,2.0,0,1,0.0,0.0,0.0,0.0,0.0,0.0,0.0,0.0,0.0,0.025,0.0,0.0,0.0
2021-08-31,6,0,10.0,2,0.0,0.0,0.0,0,0,0.0,0.0,0.0,0.0,0.0,0.0,0.0,0.0,0.0,0.025,0.0,0.0,0.0
2021-09-07,51,0,30.0,17,0.0,0.0,0.0,0,0,0.0,0.0,0.0,0.0,0.0,0.0,0.0,0.0,0.0,0.0,0.0,0.0,0.0
2021-09-13,51,3,288.0,17,0.058823529411764705,1.0,1.0,0,1,0.0,0.0,0.0,0.0,0.0,0.0,0.01,0.010000000000000111,0.010000000000000167,0.01,0.0,0.0,0.01
2021-09-14,6,0,10.0,2,0.0,0.0,0.0,0,0,0.0,0.0,0.0,0.0,0.0,0.0,0.01,0.010000000000000111,0.010000000000000167,0.01,0.0,0.0,0.0
2021-09-20,51,3,228.0,17,0.058823529411764705,3.0,1.0,0,1,0.0,0.0,0.0,0.0,0.0,0.01,0.01,0.010000000000000111,0.020000000000000167,0.02,0.0,0.01,0.0
2021-09-21,9,0,20.0,3,0.0,0.0,0.0,0,0,0.0,0.0,0.0,0.0,0.0,0.0,0.01,0.010000000000000111,0.020000000000000167,0.02,0.0,0.0,0.01
2021-09-27,51,0,10.0,17,0.0,0.0,0.0,0,0,0.03,0.0,0.015,0.03,0.015,0.015,0.015,0.01500000000000011,0.025000000000000168,0.035,0.0,0.0,0.0
2021-10-04,51,2,350.0,17,0.0392156862745098,2.0,1.0,0,1,0.0,0.0,0.0,0.0,0.0,0.0,0.0,0.0,0.015000000000000166,0.035,0.0,0.0,0.0
2021-10-05,6,0,20.0,2,0.0,0.0,0.0,0,0,0.0,0.0,0.0,0.0,0.0,0.0,0.0,0.0,0.015000000000000166,0.035,0.0,0.0,0.0
2021-10-12,51,3,432.0,17,0.058823529411764705,1.0,1.0,0,1,0.0,0.0,0.0,0.0,0.0,0.0,0.0,0.0,0.0,0.025,0.0,0.0,0.0
2021-10-13,3,0,10.0,1,0.0,0.0,0.0,0,0,0.0,0.81,0.405,0.81,0.405,0.405,0.405,0.40500000000000014,0.4050000000000002,0.43000000000000005,0.0,0.0,0.0
2021-10-18,51,0,31.0,17,0.0,0.0,0.0,0,0,0.0,0.0,0.0,0.0,0.045,0.045,0.045,0.4500000000000001,0.4500000000000002,0.465,0.045,0.0,0.0
2021-10-21,24,13,24196.0,8,0.5416666666666666,6.0,2.0,1,1,0.63,0.55,0.5900000000000001,0.63,0.8800000000000001,0.895,0.9400000000000001,0.9400000000000002,1.3450000000000002,1.36,0.29,0.015,0.0
2021-10-22,28,14,15531.0,9,0.5,7.0,2.0,1,1,0.66,0.63,0.645,0.66,1.235,1.525,1.54,1.5850000000000002,1.9900000000000002,2.005,0.5900000000000001,0.29,0.015
2021-10-23,21,3,278.0,7,0.14285714285714285,1.0,1.0,0,1,0.82,0.03,0.425,0.82,1.07,1.66,1.965,2.0100000000000002,2.415,2.43,0.645,0.5900000000000001,0.29
2021-10-24,45,35,24196.0,15,0.7777777777777778,14.0,3.0,1,1,4.02,2.24,3.13,4.02,3.5549999999999997,4.199999999999999,5.08,5.095000000000001,5.545,5.5600000000000005,0.425,0.645,0.5900000000000001
2021-10-25,61,31,9804.0,20,0.5081967213114754,19.0,3.0,1,1,0.31,0.34,0.325,0.34,3.455,3.88,5.115,5.42,5.87,5.885,3.13,0.425,0.645
2021-10-26,57,12,789.0,19,0.21052631578947367,6.0,2.0,1,1,0.0,0.0,0.0,0.0,0.325,3.455,4.525,5.405,5.87,5.885,0.325,3.13,0.425
2021-10-27,18,3,934.0,6,0.16666666666666666,2.0,1.0,0,1,0.0,0.0,0.0,0.0,0.0,0.325,3.88,5.115,5.465,5.87,0.0,0.325,3.13
2021-10-28,6,3,565.0,2,0.5,2.0,1.0,0,1,0.0,0.0,0.0,0.0,0.0,0.0,3.455,4.5249999999999995,5.465,5.87,0.0,0.0,0.325
2021-10-29,6,1,512.0,2,0.16666666666666666,1.0,1.0,0,1,0.0,0.0,0.0,0.0,0.0,0.0,0.325,3.8800000000000003,5.465,5.87,0.0,0.0,0.0
2021-10-30,3,3,2909.0,1,1.0,1.0,1.0,0,1,0.0,0.0,0.0,0.0,0.0,0.0,0.0,3.455,5.465,5.87,0.0,0.0,0.0
2021-10-31,3,2,242.0,1,0.6666666666666666,1.0,1.0,0,1,0.0,0.0,0.0,0.0,0.0,0.0,0.0,0.325,5.42,5.87,0.0,0.0,0.0
2021-11-01,51,10,1178.0,17,0.19607843137254902,6.0,1.0,0,1,0.23,0.25,0.24,0.25,0.24,0.24,0.24,0.24,5.66,6.11,0.0,0.0,0.0
2021-11-02,18,2,187.0,6,0.1111111111111111,2.0,1.0,0,1,0.0,0.02,0.01,0.02,0.25,0.25,0.25,0.25,5.655,6.12,0.24,0.0,0.0
2021-11-03,9,2,120.0,3,0.2222222222222222,1.0,1.0,0,1,0.0,0.0,0.0,0.0,0.01,0.25,0.25,0.25,5.365,6.12,0.01,0.24,0.0
2021-11-04,6,0,75.0,2,0.0,0.0,0.0,0,0,0.14,0.15,0.14500000000000002,0.15,0.14500000000000002,0.15500000000000003,0.395,0.395,4.92,6.265000000000001,0.0,0.01,0.24
2021-11-08,51,1,3255.0,17,0.0196078431372549,1.0,1.0,0,1,0.56,0.71,0.635,0.71,0.635,0.635,0.78,0.79,1.03,6.9,0.0,0.0,0.0
2021-11-09,12,6,15531.0,4,0.5,4.0,2.0,1,1,0.34,0.1,0.22000000000000003,0.34,0.855,0.855,0.855,1.0,1.25,7.12,0.635,0.0,0.0
2021-11-10,12,0,52.0,4,0.0,0.0,0.0,0,0,0.0,0.01,0.005,0.01,0.22500000000000003,0.86,0.86,1.0050000000000001,1.2550000000000001,7.125,0.22000000000000003,0.635,0.0
2021-11-15,51,1,171.0,17,0.0196078431372549,1.0,1.0,0,1,0.0,0.0,0.0,0.0,0.0,0.0,0.0,0.22500000000000003,1.0150000000000001,6.72,0.0,0.0,0.0
2021-11-16,3,1,6488.0,1,0.3333333333333333,1.0,1.0,0,1,0.0,0.0,0.0,0.0,0.0,0.0,0.0,0.005,1.0050000000000001,6.675,0.0,0.0,0.0
2021-11-17,3,1,4611.0,1,0.3333333333333333,1.0,1.0,0,1,0.0,0.0,0.0,0.0,0.0,0.0,0.0,0.0,1.0050000000000001,6.675,0.0,0.0,0.0
2021-11-18,3,1,160.0,1,0.3333333333333333,1.0,1.0,0,1,0.0,0.0,0.0,0.0,0.0,0.0,0.0,0.0,0.86,6.659999999999999,0.0,0.0,0.0
2021-11-19,3,1,860.0,1,0.3333333333333333,1.0,1.0,0,1,0.01,0.01,0.01,0.01,0.01,0.01,0.01,0.01,0.87,6.38,0.0,0.0,0.0
2021-11-20,3,1,631.0,1,0.3333333333333333,1.0,1.0,0,1,0.0,0.0,0.0,0.0,0.01,0.01,0.01,0.01,0.87,5.79,0.01,0.0,0.0
2021-11-21,3,0,31.0,1,0.0,0.0,0.0,0,0,0.0,0.01,0.005,0.01,0.005,0.015,0.015,0.015,0.875,5.15,0.0,0.01,0.0
2021-11-22,51,0,52.0,17,0.0,0.0,0.0,0,0,0.0,0.0,0.0,0.0,0.005,0.005,0.015,0.015,0.24000000000000002,4.7250000000000005,0.005,0.0,0.01
2021-11-29,51,1,281.0,17,0.0196078431372549,1.0,1.0,0,1,0.0,0.0,0.0,0.0,0.0,0.0,0.0,0.0,0.015,1.27,0.0,0.0,0.0
2021-11-30,3,0,20.0,1,0.0,0.0,0.0,0,0,0.0,0.0,0.0,0.0,0.0,0.0,0.0,0.0,0.015,1.27,0.0,0.0,0.0
2021-12-06,51,1,73.0,17,0.0196078431372549,1.0,1.0,0,1,0.01,0.02,0.015,0.02,0.015,0.015,0.015,0.015,0.015,0.89,0.0,0.0,0.0
2021-12-07,3,0,20.0,1,0.0,0.0,0.0,0,0,0.03,0.05,0.04,0.05,0.055,0.055,0.055,0.055,0.055,0.9299999999999999,0.015,0.0,0.0
2021-12-13,66,38,24196.0,18,0.5757575757575758,17.0,3.0,1,1,2.57,3.49,3.0300000000000002,3.49,3.6300000000000003,3.6300000000000003,3.6350000000000002,3.6750000000000003,3.6900000000000004,3.705,0.6,0.0,0.0
2021-12-14,49,10,24196.0,16,0.20408163265306123,4.0,2.0,1,1,0.21,0.28,0.245,0.28,3.2750000000000004,3.8750000000000004,3.8750000000000004,3.8800000000000003,3.9350000000000005,3.95,3.0300000000000002,0.6,0.0
2021-12-15,12,6,8164.0,4,0.5,2.0,2.0,0,1,0.5,0.91,0.7050000000000001,0.91,0.9500000000000001,3.9800000000000004,4.58,4.585,4.640000000000001,4.655,0.245,3.0300000000000002,0.6
2021-12-16,21,6,24196.0,7,0.2857142857142857,2.0,2.0,0,1,0.25,0.21,0.22999999999999998,0.25,0.935,1.1800000000000002,4.8100000000000005,4.8100000000000005,4.87,4.885,0.7050000000000001,0.245,3.0300000000000002
2021-12-17,6,3,19863.0,2,0.5,1.0,1.0,0,1,0.0,0.0,0.0,0.0,0.22999999999999998,0.935,4.210000000000001,4.8100000000000005,4.87,4.885,0.22999999999999998,0.7050000000000001,0.245
2021-12-18,3,2,20.0,1,0.6666666666666666,1.0,1.0,0,1,0.0,0.0,0.0,0.0,0.0,0.22999999999999998,1.1800000000000002,4.8100000000000005,4.87,4.885,0.0,0.22999999999999998,0.7050000000000001
2021-12-19,9,2,243.0,3,0.2222222222222222,2.0,1.0,0,1,0.0,0.0,0.0,0.0,0.0,0.0,0.935,4.210000000000001,4.87,4.875,0.0,0.0,0.22999999999999998
2021-12-20,51,3,315.0,17,0.058823529411764705,3.0,1.0,0,1,0.0,0.0,0.0,0.0,0.0,0.0,0.22999999999999998,1.1800000000000002,4.855,4.875,0.0,0.0,0.0
2021-12-21,9,0,63.0,3,0.0,0.0,0.0,0,0,0.16,0.2,0.18,0.2,0.18,0.18,0.18,1.115,4.995000000000001,5.050000000000001,0.0,0.0,0.0
2021-12-23,39,15,24196.0,13,0.38461538461538464,5.0,2.0,1,1,0.83,1.18,1.005,1.18,1.675,1.855,1.855,1.855,6.665000000000001,6.7250000000000005,0.67,0.18,0.0
2021-12-24,15,6,24196.0,5,0.4,2.0,2.0,0,1,0.09,0.14,0.115,0.14,1.1199999999999999,1.79,1.97,1.97,6.780000000000001,6.840000000000001,1.005,0.67,0.18
2021-12-25,6,0,20.0,2,0.0,0.0,0.0,0,0,0.6,0.5,0.55,0.6,0.665,1.67,2.52,2.52,7.330000000000001,7.390000000000001,0.115,1.005,0.67
2021-12-27,46,6,988.0,15,0.13043478260869565,3.0,3.0,1,1,0.53,0.39,0.46,0.53,0.64,1.19,2.31,3.16,4.34,8.030000000000001,0.18,0.55,0.115
2021-12-28,9,0,41.0,3,0.0,0.0,0.0,0,0,0.0,0.0,0.0,0.0,0.46,0.64,1.3050000000000002,2.98,4.095,8.030000000000001,0.46,0.18,0.55
2022-01-03,51,4,5794.0,17,0.0784313725490196,3.0,1.0,0,1,0.34,0.35,0.345,0.35,0.345,0.345,0.345,1.015,4.175,9.045,0.0,0.0,0.0
2022-01-04,9,2,473.0,3,0.2222222222222222,2.0,1.0,0,1,0.18,0.11,0.145,0.18,0.49,0.49,0.49,1.16,4.14,9.19,0.345,0.0,0.0
2022-01-05,6,0,30.0,2,0.0,0.0,0.0,0,0,0.0,0.0,0.0,0.0,0.145,0.49,0.49,0.49,3.47,9.174999999999999,0.145,0.345,0.0
2022-01-10,51,6,12033.0,17,0.11764705882352941,5.0,3.0,1,1,0.0,0.0,0.0,0.0,0.0,0.0,0.08,0.22499999999999998,1.2399999999999998,9.209999999999999,0.0,0.0,0.065
2022-01-11,15,0,5.0,5,0.0,0.0,0.0,0,0,0.0,0.0,0.0,0.0,0.0,0.0,0.065,0.08,1.2399999999999998,8.61,0.0,0.0,0.0
2022-01-18,51,2,148.0,17,0.0392156862745098,2.0,2.0,0,1,0.0,0.0,0.0,0.0,0.0,0.0,0.0,0.0,0.08,4.4,0.0,0.0,0.0
2022-01-19,6,0,5.0,2,0.0,0.0,0.0,0,0,0.0,0.0,0.0,0.0,0.0,0.0,0.0,0.0,0.08,4.4,0.0,0.0,0.0
2022-01-24,42,0,52.0,14,0.0,0.0,0.0,0,0,0.0,0.0,0.0,0.0,0.0,0.0,0.0,0.0,0.0,1.88,0.0,0.0,0.0
2022-01-25,9,0,20.0,3,0.0,0.0,0.0,0,0,0.0,0.0,0.0,0.0,0.0,0.0,0.0,0.0,0.0,1.7,0.0,0.0,0.0
2022-01-31,51,4,2723.0,17,0.0784313725490196,3.0,2.0,1,1,0.0,0.0,0.0,0.0,0.0,0.0,0.0,0.0,0.0,0.57,0.0,0.0,0.0
2022-02-01,9,1,161.0,3,0.1111111111111111,1.0,1.0,0,1,0.0,,0.0,0.0,0.0,0.0,0.0,0.0,0.0,0.57,0.0,0.0,0.0
2022-02-02,3,0,5.0,1,0.0,0.0,0.0,0,0,0.0,,0.0,0.0,0.0,0.0,0.0,0.0,0.0,0.22499999999999998,0.0,0.0,0.0
2022-02-07,51,0,73.0,17,0.0,0.0,0.0,0,0,0.0,,0.0,0.0,0.0,0.0,0.0,0.0,0.0,0.0,0.0,0.0,0.0
2022-02-14,51,2,173.0,17,0.0392156862745098,2.0,2.0,0,1,0.0,,0.0,0.0,0.0,0.0,0.0,0.0,0.0,0.0,0.0,0.0,0.0
2022-02-15,6,0,52.0,2,0.0,0.0,0.0,0,0,0.0,,0.0,0.0,0.0,0.0,0.0,0.0,0.0,0.0,0.0,0.0,0.0
2022-02-22,51,1,373.0,17,0.0196078431372549,1.0,1.0,0,1,0.0,,0.0,0.0,0.04,0.04,0.04,0.04,0.04,0.04,0.04,0.0,0.0
2022-02-23,3,0,5.0,1,0.0,0.0,0.0,0,0,0.0,,0.0,0.0,0.0,0.04,0.04,0.04,0.04,0.04,0.0,0.04,0.0
2022-02-28,51,1,417.0,17,0.0196078431372549,1.0,1.0,0,1,0.0,,0.0,0.0,0.0,0.0,0.0,0.0,0.04,0.04,0.0,0.0,0.0
2022-03-01,3,1,520.0,1,0.3333333333333333,1.0,1.0,0,1,0.0,,0.0,0.0,0.0,0.0,0.0,0.0,0.04,0.04,0.0,0.0,0.0
2022-03-02,3,0,20.0,1,0.0,0.0,0.0,0,0,0.0,,0.0,0.0,0.0,0.0,0.0,0.0,0.04,0.04,0.0,0.0,0.0
2022-03-07,51,0,41.0,17,0.0,0.0,0.0,0,0,0.0,,0.0,0.0,0.0,0.0,0.11,0.11,0.10999999999999999,0.15,0.0,0.0,0.06
2022-03-14,51,1,216.0,17,0.0196078431372549,1.0,1.0,0,1,0.0,,0.0,0.0,0.0,0.0,0.0,0.0,0.10999999999999999,0.15,0.0,0.0,0.0
2022-03-15,3,0,20.0,1,0.0,0.0,0.0,0,0,0.19,,0.19,0.19,0.19,0.19,0.19,0.19,0.3,0.33999999999999997,0.0,0.0,0.0
2022-03-21,51,0,10.0,17,0.0,0.0,0.0,0,0,0.0,,0.0,0.0,0.0,0.0,0.0,0.19,0.19,0.33999999999999997,0.0,0.0,0.0
2022-03-28,51,5,1616.0,17,0.09803921568627451,4.0,2.0,1,1,0.0,,0.0,0.0,0.18,0.18,0.18,0.18,0.37,0.48,0.18,0.0,0.0
2022-03-29,12,0,41.0,4,0.0,0.0,0.0,0,0,0.0,,0.0,0.0,0.0,0.18,0.18,0.18,0.18,0.48,0.0,0.18,0.0
2022-04-04,51,0,51.0,17,0.0,0.0,0.0,0,0,0.0,,0.0,0.0,0.0,0.0,0.0,0.0,0.18,0.37,0.0,0.0,0.0
2022-04-11,51,0,41.0,17,0.0,0.0,0.0,0,0,0.11,,0.11,0.11,0.11,0.11,0.11,0.11,0.11,0.48,0.0,0.0,0.0
2022-04-18,51,1,441.0,17,0.0196078431372549,1.0,1.0,0,1,0.01,,0.01,0.01,0.01,0.29000000000000004,0.52,0.52,0.63,0.81,0.0,0.28,0.0
2022-04-19,3,0,5.0,1,0.0,0.0,0.0,0,0,0.09,,0.09,0.09,0.09999999999999999,0.09999999999999999,0.37999999999999995,0.61,0.72,0.9,0.01,0.0,0.28
2022-04-25,51,0,20.0,17,0.0,0.0,0.0,0,0,0.0,,0.0,0.0,0.0,0.0,0.24999999999999994,0.4499999999999999,0.97,1.26,0.0,0.0,0.0
2022-05-02,51,0,41.0,17,0.0,0.0,0.0,0,0,0.0,,0.0,0.0,0.0,0.0,0.0,0.0,0.4499999999999999,1.08,0.0,0.0,0.0
2022-05-09,51,0,97.0,17,0.0,0.0,0.0,0,0,0.0,,0.0,0.0,0.0,0.0,0.019999999999999945,0.019999999999999917,0.019999999999999917,1.1,0.0,0.0,0.02
2022-05-16,51,0,97.0,17,0.0,0.0,0.0,0,0,0.0,,0.0,0.0,0.0,0.0,0.0,0.0,0.019999999999999917,0.48,0.0,0.0,0.0
2022-05-23,51,0,97.0,17,0.0,0.0,0.0,0,0,0.0,,0.0,0.0,0.0,0.0,0.0,0.0,0.0,0.02,0.0,0.0,0.0
2022-05-31,51,0,41.0,17,0.0,0.0,0.0,0,0,0.0,,0.0,0.0,0.0,0.0,0.0,0.0,0.0,0.02,0.0,0.0,0.0
2022-06-06,51,0,20.0,17,0.0,0.0,0.0,0,0,0.0,,0.0,0.0,0.22000000000000003,0.23,0.22999999999999995,0.22999999999999993,0.22999999999999993,0.23,0.22,0.01,0.0
2022-06-07,3,0,5.0,1,0.0,0.0,0.0,0,0,0.0,,0.0,0.0,0.0,0.22,0.22999999999999995,0.22999999999999993,0.22999999999999993,0.23,0.0,0.22,0.01
2022-06-13,21,0,20.0,7,0.0,0.0,0.0,0,0,0.0,,0.0,0.0,0.0,0.0,0.0,0.0,0.22999999999999993,0.23,0.0,0.0,0.0
2022-06-14,30,0,10.0,10,0.0,0.0,0.0,0,0,0.0,,0.0,0.0,0.0,0.0,0.0,0.0,0.22999999999999993,0.23,0.0,0.0,0.0
2022-06-21,51,0,86.0,17,0.0,0.0,0.0,0,0,0.0,,0.0,0.0,0.0,0.0,0.0,0.0,0.0,0.23,0.0,0.0,0.0
2022-06-27,51,1,256.0,17,0.0196078431372549,1.0,1.0,0,1,0.0,,0.0,0.0,0.0,0.0,0.0,0.0,0.0,0.23,0.0,0.0,0.0
2022-06-28,3,0,5.0,1,0.0,0.0,0.0,0,0,0.0,,0.0,0.0,0.0,0.0,0.0,0.0,0.0,0.23,0.0,0.0,0.0
2022-07-05,51,0,41.0,17,0.0,0.0,0.0,0,0,0.0,,0.0,0.0,0.0,0.0,0.04999999999999995,0.04999999999999992,0.04999999999999992,0.05,0.0,0.0,0.04
2022-07-11,51,0,10.0,17,0.0,0.0,0.0,0,0,0.0,,0.0,0.0,0.0,0.0,0.0,0.0,0.04999999999999992,0.05,0.0,0.0,0.0
2022-07-18,51,0,31.0,17,0.0,0.0,0.0,0,0,0.0,,0.0,0.0,0.0,0.0,0.0,0.009999999999999917,0.009999999999999917,0.060000000000000005,0.0,0.0,0.0
2022-07-25,51,1,712.0,17,0.0196078431372549,1.0,1.0,0,1,0.0,,0.0,0.0,0.0,0.0,0.0,0.0,0.009999999999999917,0.060000000000000005,0.0,0.0,0.0
2022-07-26,3,0,5.0,1,0.0,0.0,0.0,0,0,0.0,,0.0,0.0,0.0,0.0,0.0,0.0,0.009999999999999917,0.060000000000000005,0.0,0.0,0.0
2022-08-01,51,2,880.0,17,0.0392156862745098,1.0,1.0,0,1,0.0,,0.0,0.0,0.0,0.0,0.01999999999999995,0.02999999999999992,0.02999999999999992,0.04,0.0,0.0,0.02
2022-08-02,6,0,5.0,2,0.0,0.0,0.0,0,0,0.0,,0.0,0.0,0.0,0.0,0.01999999999999995,0.02999999999999992,0.02999999999999992,0.04,0.0,0.0,0.0
2022-08-08,51,4,583.0,17,0.0784313725490196,3.0,2.0,1,1,0.0,,0.0,0.0,0.0,0.0,0.0,0.0,0.02999999999999992,0.04,0.0,0.0,0.0
2022-08-09,9,0,31.0,3,0.0,0.0,0.0,0,0,0.0,,0.0,0.0,0.0,0.0,0.0,0.0,0.02999999999999992,0.04,0.0,0.0,0.0
2022-08-15,51,0,30.0,17,0.0,0.0,0.0,0,0,0.0,,0.0,0.0,0.0,0.0,0.0,0.0,0.0,0.03,0.0,0.0,0.0
2022-08-22,51,0,31.0,17,0.0,0.0,0.0,0,0,0.0,,0.0,0.0,0.0,0.0,0.0,0.0,0.0,0.03,0.0,0.0,0.0
2022-08-29,51,0,52.0,17,0.0,0.0,0.0,0,0,0.0,,0.0,0.0,0.0,0.0,0.0,0.0,0.0,0.0,0.0,0.0,0.0
2022-09-06,51,0,31.0,17,0.0,0.0,0.0,0,0,0.0,,0.0,0.0,0.0,0.0,0.0,0.0,0.0,0.0,0.0,0.0,0.0
2022-09-12,51,0,20.0,17,0.0,0.0,0.0,0,0,0.0,,0.0,0.0,0.0,0.0,0.0,0.0,0.0,0.0,0.0,0.0,0.0
2022-09-19,51,3,121.0,17,0.058823529411764705,2.0,2.0,0,1,0.0,,0.0,0.0,0.33,0.33,0.32999999999999996,0.3299999999999999,0.3299999999999999,0.33,0.33,0.0,0.0
2022-09-20,9,1,5.0,3,0.1111111111111111,1.0,1.0,0,1,0.0,,0.0,0.0,0.0,0.33,0.32999999999999996,0.3299999999999999,0.3299999999999999,0.33,0.0,0.33,0.0
2022-09-21,3,1,5.0,1,0.3333333333333333,1.0,1.0,0,1,0.01,,0.01,0.01,0.01,0.01,0.33999999999999997,0.3399999999999999,0.3399999999999999,0.34,0.0,0.0,0.33
2022-09-22,3,0,10.0,1,0.0,0.0,0.0,0,0,0.0,,0.0,0.0,0.01,0.01,0.33999999999999997,0.3399999999999999,0.3399999999999999,0.34,0.01,0.0,0.0
2022-09-26,51,2,121.0,17,0.0392156862745098,1.0,1.0,0,1,0.0,,0.0,0.0,0.0,0.0,0.0,0.00999999999999989,0.3399999999999999,0.34,0.0,0.0,0.0
2022-09-27,6,0,10.0,2,0.0,0.0,0.0,0,0,0.0,,0.0,0.0,0.0,0.0,0.0,0.00999999999999989,0.3399999999999999,0.34,0.0,0.0,0.0
2022-10-03,51,0,41.0,17,0.0,0.0,0.0,0,0,0.0,,0.0,0.0,0.0,0.0,0.0,0.0,0.00999999999999989,0.34,0.0,0.0,0.0
2022-10-11,51,0,86.0,17,0.0,0.0,0.0,0,0,0.0,,0.0,0.0,0.0,0.0,0.0,0.0,0.0,0.34,0.0,0.0,0.0
2022-10-17,51,0,10.0,17,0.0,0.0,0.0,0,0,0.0,,0.0,0.0,0.0,0.0,0.0,0.0,0.0,0.34,0.0,0.0,0.0
2022-10-24,51,0,20.0,17,0.0,0.0,0.0,0,0,0.0,,0.0,0.0,0.0,0.0,0.0,0.0,0.0,0.0,0.0,0.0,0.0
2022-10-31,51,0,84.0,17,0.0,0.0,0.0,0,0,0.0,,0.0,0.0,0.0,0.0,0.0,0.0,0.0,0.0,0.0,0.0,0.0
2022-11-07,51,2,441.0,17,0.0392156862745098,2.0,2.0,0,1,0.1,,0.1,0.1,0.12000000000000001,0.12000000000000001,0.11999999999999994,0.4299999999999999,0.4299999999999999,0.43,0.02,0.0,0.0
2022-11-08,6,3,703.0,2,0.5,2.0,2.0,0,1,0.89,,0.89,0.89,0.99,1.01,1.01,1.02,1.3199999999999998,1.32,0.1,0.02,0.0
2022-11-09,6,0,31.0,2,0.0,0.0,0.0,0,0,0.01,,0.01,0.01,0.9,1.0,1.0199999999999998,1.0199999999999998,1.3299999999999998,1.3299999999999998,0.89,0.1,0.02
2022-11-14,51,0,63.0,17,0.0,0.0,0.0,0,0,0.0,,0.0,0.0,0.0,0.03,0.029999999999999888,0.9299999999999999,1.3599999999999999,1.3599999999999999,0.0,0.03,0.0
2022-11-21,51,0,63.0,17,0.0,0.0,0.0,0,0,0.0,,0.0,0.0,0.0,0.0,0.0,0.0,0.93,1.3599999999999999,0.0,0.0,0.0
2022-11-28,51,3,142.0,17,0.058823529411764705,3.0,2.0,1,1,0.0,,0.0,0.0,0.0,0.0,0.0,0.0,0.0,1.3599999999999999,0.0,0.0,0.0
2022-11-29,9,0,5.0,3,0.0,0.0,0.0,0,0,0.0,,0.0,0.0,0.0,0.0,0.0,0.0,0.0,1.3599999999999999,0.0,0.0,0.0
2022-12-01,27,7,24196.0,9,0.25925925925925924,3.0,1.0,0,1,0.84,,0.84,0.84,0.84,0.84,0.8399999999999999,0.8399999999999999,0.8399999999999999,1.9,0.0,0.0,0.0
2022-12-02,13,3,5475.0,4,0.23076923076923078,1.0,1.0,0,1,0.0,,0.0,0.0,0.84,0.84,0.8399999999999999,0.8399999999999999,0.8399999999999999,1.89,0.84,0.0,0.0
2022-12-03,3,3,880.0,1,1.0,1.0,1.0,0,1,0.32,,0.32,0.32,0.32,1.16,1.16,1.16,1.16,2.21,0.0,0.84,0.0
2022-12-04,3,3,171.0,1,1.0,1.0,1.0,0,1,0.06,,0.06,0.06,0.38,0.38,1.2199999999999998,1.2199999999999998,1.2199999999999998,2.27,0.32,0.0,0.84
2022-12-05,51,4,3448.0,17,0.0784313725490196,4.0,2.0,1,1,0.12,,0.12,0.12,0.18,0.5,1.3399999999999999,1.3399999999999999,1.3399999999999999,2.3899999999999997,0.06,0.32,0.0
2022-12-06,12,2,295.0,4,0.16666666666666666,2.0,1.0,0,1,0.02,,0.02,0.02,0.13999999999999999,0.19999999999999998,0.5199999999999999,1.3599999999999999,1.3599999999999999,2.3899999999999997,0.12,0.06,0.32
2022-12-07,6,0,20.0,2,0.0,0.0,0.0,0,0,0.0,,0.0,0.0,0.02,0.13999999999999999,0.5199999999999999,1.3599999999999999,1.3599999999999999,2.2899999999999996,0.02,0.12,0.06
2022-12-12,51,2,228.0,17,0.0392156862745098,1.0,1.0,0,1,0.06,,0.06,0.06,0.6499999999999999,1.3499999999999999,1.3899999999999997,1.4099999999999997,2.75,2.75,0.59,0.7,0.0
2022-12-13,3,0,5.0,1,0.0,0.0,0.0,0,0,0.0,,0.0,0.0,0.06,0.6499999999999999,1.3499999999999996,1.3899999999999997,2.75,2.75,0.06,0.59,0.7
2022-12-19,51,0,52.0,17,0.0,0.0,0.0,0,0,0.0,,0.0,0.0,0.0,0.0,0.0,0.0,1.4099999999999997,2.75,0.0,0.0,0.0
2022-12-27,57,15,15531.0,19,0.2631578947368421,9.0,3.0,1,1,1.6,,1.6,1.6,1.9000000000000001,1.9000000000000001,1.9,1.9,1.9000000000000001,4.65,0.3,0.0,0.0
2022-12-28,29,8,2481.0,10,0.27586206896551724,4.0,2.0,1,1,0.01,,0.01,0.01,1.61,1.9100000000000001,1.91,1.91,1.9100000000000001,4.66,1.6,0.3,0.0
2022-12-29,12,8,364.0,4,0.6666666666666666,4.0,2.0,1,1,0.67,,0.67,0.67,0.68,2.2800000000000002,2.58,2.58,2.58,5.33,0.01,1.6,0.3
2022-12-30,12,4,393.0,4,0.3333333333333333,3.0,2.0,1,1,0.81,,0.81,0.81,1.48,1.4900000000000002,3.39,3.39,3.39,6.140000000000001,0.67,0.01,1.6
2022-12-31,54,31,24196.0,18,0.5740740740740741,14.0,3.0,1,1,5.46,,5.46,5.46,6.27,6.94,8.55,8.85,8.85,10.760000000000002,0.81,0.67,0.01
2023-01-01,41,12,3255.0,14,0.2926829268292683,6.0,3.0,1,1,0.0,,0.0,0.0,5.459999999999999,6.2700000000000005,6.949999999999999,8.850000000000001,8.850000000000001,10.760000000000002,5.46,0.81,0.67
2023-01-02,12,6,3873.0,4,0.5,2.0,2.0,0,1,0.42,,0.42,0.42,0.42,5.88,7.359999999999999,8.97,9.270000000000001,10.860000000000001,0.0,5.46,0.81
2023-01-03,54,10,457.0,18,0.18518518518518517,6.0,2.0,1,1,0.0,,0.0,0.0,0.42,0.42,6.6899999999999995,7.37,9.270000000000001,10.8,0.42,0.0,5.46
2023-01-04,18,8,9208.0,6,0.4444444444444444,4.0,2.0,1,1,1.06,,1.06,1.06,1.06,1.48,6.9399999999999995,8.42,10.33,11.74,0.0,0.42,0.0
2023-01-05,15,10,15531.0,5,0.6666666666666666,4.0,2.0,1,1,0.27,,0.27,0.27,1.33,1.33,1.7499999999999991,8.02,10.600000000000001,11.990000000000002,1.06,0.0,0.42
2023-01-06,15,9,4352.0,5,0.6,4.0,2.0,1,1,0.0,,0.0,0.0,0.27,1.33,1.7499999999999991,7.21,10.600000000000001,11.990000000000002,0.27,1.06,0.0
2023-01-07,12,4,132.0,4,0.3333333333333333,2.0,2.0,0,1,0.2,,0.2,0.2,0.2,0.47000000000000003,1.5299999999999991,1.95,10.8,12.15,0.0,0.27,1.06
2023-01-08,21,3,350.0,7,0.14285714285714285,3.0,2.0,1,1,0.37,,0.37,0.37,0.5700000000000001,0.5700000000000001,1.8999999999999992,2.32,11.17,12.52,0.2,0.0,0.27
2023-01-09,57,16,24196.0,19,0.2807017543859649,10.0,3.0,1,1,1.2,,1.2,1.2,1.57,1.77,2.039999999999999,3.1,12.07,13.020000000000001,0.37,0.2,0.0
2023-01-10,72,18,24196.0,20,0.25,10.0,3.0,1,1,1.22,,1.22,1.22,2.42,2.79,2.9899999999999993,4.32,11.69,13.65,1.2,0.37,0.2
2023-01-11,33,8,4884.0,11,0.24242424242424243,4.0,3.0,1,1,0.94,,0.94,0.94,2.16,3.36,3.929999999999999,4.2,12.620000000000001,14.530000000000001,1.22,1.2,0.37
2023-01-12,33,7,15531.0,11,0.21212121212121213,3.0,2.0,1,1,0.0,,0.0,0.0,0.94,2.16,3.7299999999999986,3.9299999999999997,11.950000000000001,14.530000000000001,0.94,1.22,1.2
2023-01-13,9,6,1259.0,3,0.6666666666666666,2.0,2.0,0,1,0.42,,0.42,0.42,0.42,1.3599999999999999,3.7799999999999994,4.35,11.56,14.950000000000001,0.0,0.94,1.22
2023-01-14,21,9,24196.0,7,0.42857142857142855,4.0,3.0,1,1,1.09,,1.09,1.09,1.51,1.51,3.669999999999999,5.24,7.1899999999999995,16.04,0.42,0.0,0.94
2023-01-15,12,5,833.0,4,0.4166666666666667,3.0,3.0,1,1,0.96,,0.96,0.96,2.05,2.4699999999999998,3.4099999999999993,5.83,8.15,17.0,1.09,0.42,0.0
2023-01-16,39,18,24196.0,13,0.46153846153846156,8.0,3.0,1,1,0.64,,0.64,0.64,1.6,2.69,3.109999999999999,5.2700000000000005,8.37,17.64,0.96,1.09,0.42
2023-01-17,60,4,1664.0,20,0.06666666666666667,2.0,2.0,0,1,0.0,,0.0,0.0,0.64,1.6,3.1099999999999994,4.05,8.37,17.64,0.64,0.96,1.09
2023-01-18,6,1,86.0,2,0.16666666666666666,1.0,1.0,0,1,0.1,,0.1,0.1,0.1,0.74,2.789999999999999,3.2100000000000004,7.409999999999999,17.740000000000002,0.0,0.64,0.96
2023-01-19,3,0,30.0,1,0.0,0.0,0.0,0,0,0.0,,0.0,0.0,0.1,0.1,1.699999999999999,3.21,7.14,17.740000000000002,0.1,0.0,0.64
2023-01-20,3,0,31.0,1,0.0,0.0,0.0,0,0,0.0,,0.0,0.0,0.0,0.1,0.7399999999999991,2.79,7.14,17.740000000000002,0.0,0.1,0.0
2023-01-22,3,1,171.0,1,0.3333333333333333,1.0,1.0,0,1,0.0,,0.0,0.0,0.0,0.0,0.09999999999999912,0.74,6.569999999999999,17.740000000000002,0.0,0.0,0.0
2023-01-23,51,0,52.0,17,0.0,0.0,0.0,0,0,0.0,,0.0,0.0,0.0,0.0,0.0,0.1,5.369999999999999,17.740000000000002,0.0,0.0,0.0
2023-01-30,51,0,63.0,17,0.0,0.0,0.0,0,0,0.0,,0.0,0.0,0.0,0.0,0.0,0.0,0.1,8.89,0.0,0.0,0.0
2023-02-06,51,4,14136.0,17,0.0784313725490196,4.0,2.0,1,1,0.0,0.0,0.0,0.0,0.21000000000000002,0.52,1.054999999999999,1.055,1.055,7.994999999999999,0.21000000000000002,0.31,0.5349999999999999
2023-02-07,12,0,51.0,4,0.0,0.0,0.0,0,0,0.0,0.0,0.0,0.0,0.0,0.21000000000000002,1.054999999999999,1.055,1.055,7.625,0.0,0.21000000000000002,0.31
2023-02-13,51,0,20.0,17,0.0,0.0,0.0,0,0,0.0,0.0,0.0,0.0,0.0,0.045000000000000005,0.05499999999999912,0.05500000000000001,1.1099999999999999,2.81,0.0,0.045000000000000005,0.01
2023-02-21,51,0,41.0,17,0.0,0.0,0.0,0,0,0.0,0.0,0.0,0.0,0.0,0.0,0.0,0.0,0.05500000000000001,1.1099999999999999,0.0,0.0,0.0
2023-02-24,39,13,24196.0,13,0.3333333333333333,8.0,3.0,1,1,0.74,0.89,0.815,0.89,1.285,1.285,1.284999999999999,1.285,1.33,2.3949999999999996,0.47,0.0,0.0
2023-02-25,24,3,12033.0,8,0.125,1.0,1.0,0,1,0.0,0.0,0.0,0.0,0.815,1.285,1.284999999999999,1.285,1.2850000000000001,2.3949999999999996,0.815,0.47,0.0
2023-02-26,3,2,132.0,1,0.6666666666666666,1.0,1.0,0,1,0.33,0.65,0.49,0.65,0.49,1.305,1.774999999999999,1.775,1.775,2.885,0.0,0.815,0.47
2023-02-27,51,14,3076.0,17,0.27450980392156865,7.0,3.0,1,1,0.43,0.38,0.405,0.43,0.895,0.895,2.179999999999999,2.1799999999999997,2.18,3.29,0.49,0.0,0.815
2023-02-28,21,6,816.0,7,0.2857142857142857,5.0,2.0,1,1,0.43,0.43,0.43,0.43,0.835,1.325,2.1399999999999992,2.61,2.61,3.7199999999999998,0.405,0.49,0.0
2023-03-01,15,1,216.0,5,0.06666666666666667,1.0,1.0,0,1,0.0,0.0,0.0,0.0,0.43,0.835,1.324999999999999,2.61,2.61,3.7199999999999998,0.43,0.405,0.49
2023-03-02,3,0,5.0,1,0.0,0.0,0.0,0,0,0.0,0.0,0.0,0.0,0.0,0.43,1.324999999999999,2.1399999999999997,2.61,3.7199999999999998,0.0,0.43,0.405
2023-03-06,51,1,158.0,17,0.0196078431372549,1.0,1.0,0,1,0.23,0.37,0.3,0.37,0.6599999999999999,0.875,0.8749999999999991,1.305,3.485,3.75,0.36,0.21500000000000002,0.0
2023-03-07,3,0,5.0,1,0.0,0.0,0.0,0,0,0.02,0.0,0.01,0.02,0.31,0.6699999999999999,0.8849999999999991,0.885,3.495,3.5500000000000003,0.3,0.36,0.21500000000000002
2023-03-10,9,7,4884.0,3,0.7777777777777778,3.0,2.0,1,1,0.38,0.46,0.42000000000000004,0.46,1.2149999999999999,1.4699999999999998,1.7799999999999991,2.355,3.68,5.02,0.7949999999999999,0.255,0.01
2023-03-11,9,6,5172.0,3,0.6666666666666666,2.0,2.0,0,1,0.04,0.04,0.04,0.04,0.46,1.255,1.5199999999999991,2.1799999999999997,3.7199999999999998,5.06,0.42000000000000004,0.7949999999999999,0.255
2023-03-12,6,4,175.0,2,0.6666666666666666,2.0,2.0,0,1,0.18,0.23,0.20500000000000002,0.23,0.24500000000000002,0.6649999999999999,1.7149999999999992,2.025,3.435,5.255,0.04,0.42000000000000004,0.7949999999999999
2023-03-13,51,1,109.0,17,0.0196078431372549,1.0,1.0,0,1,0.01,0.03,0.02,0.03,0.225,0.2649999999999999,1.479999999999999,1.745,3.0500000000000003,5.23,0.20500000000000002,0.04,0.42000000000000004
2023-03-14,45,25,24196.0,15,0.5555555555555556,9.0,3.0,1,1,0.91,0.79,0.8500000000000001,0.91,0.8700000000000001,1.075,1.5349999999999993,2.585,3.47,6.08,0.02,0.20500000000000002,0.04
2023-03-15,27,3,24196.0,9,0.1111111111111111,1.0,1.0,0,1,0.0,0.0,0.0,0.0,0.8500000000000001,0.8699999999999999,1.1149999999999993,2.33,3.47,6.08,0.8500000000000001,0.02,0.20500000000000002
2023-03-16,4,0,31.0,2,0.0,0.0,0.0,0,0,0.0,0.0,0.0,0.0,0.0,0.85,1.0749999999999993,1.5350000000000001,3.47,6.08,0.0,0.8500000000000001,0.02
2023-03-19,9,7,3076.0,3,0.7777777777777778,3.0,2.0,1,1,0.93,1.03,0.98,1.03,0.99,0.9899999999999999,0.9899999999999991,1.86,3.885,7.07,0.01,0.0,0.0
2023-03-20,51,4,327.0,17,0.0784313725490196,2.0,2.0,0,1,0.06,0.02,0.04,0.06,1.02,1.0299999999999998,1.0299999999999991,1.8800000000000001,3.625,7.11,0.98,0.01,0.0
2023-03-21,6,1,52.0,2,0.16666666666666666,1.0,1.0,0,1,1.06,1.02,1.04,1.06,1.08,2.0599999999999996,2.0699999999999994,2.0700000000000003,4.655,8.15,0.04,0.98,0.01
2023-03-22,9,9,24196.0,3,1.0,3.0,2.0,1,1,0.21,0.28,0.245,0.28,1.2850000000000001,1.3249999999999997,2.314999999999999,2.315,4.6450000000000005,8.395,1.04,0.04,0.98
2023-03-23,9,6,6867.0,3,0.6666666666666666,2.0,2.0,0,1,0.0,0.0,0.0,0.0,0.245,1.2849999999999997,2.3049999999999993,2.315,3.85,8.395,0.245,1.04,0.04
2023-03-24,6,5,134.0,2,0.8333333333333334,2.0,2.0,0,1,0.0,0.0,0.0,0.0,0.0,0.24499999999999977,1.3249999999999993,2.315,3.43,8.395,0.0,0.245,1.04
2023-03-25,6,1,41.0,2,0.16666666666666666,1.0,1.0,0,1,0.0,0.0,0.0,0.0,0.0,0.0,1.2849999999999993,2.305,3.39,7.925000000000001,0.0,0.0,0.245
2023-03-26,3,1,10.0,1,0.3333333333333333,1.0,1.0,0,1,0.0,0.0,0.0,0.0,0.0,0.0,0.2449999999999991,1.3250000000000002,3.185,7.11,0.0,0.0,0.0
2023-03-27,51,0,31.0,17,0.0,0.0,0.0,0,0,0.0,0.0,0.0,0.0,0.0,0.0,0.0,1.2850000000000001,3.165,7.11,0.0,0.0,0.0
2023-03-29,12,4,24196.0,4,0.3333333333333333,2.0,2.0,0,1,0.63,0.33,0.48,0.63,1.4,1.4,1.399999999999999,1.4,3.715,7.615,0.92,0.0,0.0
2023-03-30,6,3,2143.0,2,0.5,1.0,1.0,0,1,0.0,0.0,0.0,0.0,0.48,1.4,1.399999999999999,1.4,3.715,7.185,0.48,0.92,0.0
2023-03-31,3,2,31.0,1,0.6666666666666666,1.0,1.0,0,1,0.0,0.0,0.0,0.0,0.0,0.47999999999999976,1.399999999999999,1.4,3.715,7.185,0.0,0.48,0.92
2023-04-01,3,0,5.0,1,0.0,0.0,0.0,0,0,0.0,0.0,0.0,0.0,0.0,0.0,1.399999999999999,1.4,3.705,7.185,0.0,0.0,0.48
2023-04-03,51,0,31.0,17,0.0,0.0,0.0,0,0,0.0,0.0,0.0,0.0,0.0,0.0,0.0,1.4,2.6850000000000005,6.97,0.0,0.0,0.0
2023-04-10,51,3,1050.0,17,0.058823529411764705,2.0,2.0,0,1,0.0,0.0,0.0,0.0,0.0,0.0,0.1799999999999991,0.18,1.58,4.970000000000001,0.0,0.0,0.18
2023-04-11,9,0,5.0,3,0.0,0.0,0.0,0,0,0.02,0.06,0.04,0.06,0.04,0.03999999999999978,0.2199999999999991,0.22,0.7,4.805000000000001,0.0,0.0,0.0
2023-04-17,51,0,41.0,17,0.0,0.0,0.0,0,0,0.01,0.0,0.005,0.01,0.005,0.004999999999999778,0.004999999999999112,0.045,0.225,3.93,0.0,0.0,0.0
2023-04-24,51,2,613.0,17,0.0392156862745098,2.0,2.0,0,1,0.0,0.0,0.0,0.0,0.0,0.0,0.0,0.0,0.045,1.625,0.0,0.0,0.0
2023-04-25,6,0,41.0,2,0.0,0.0,0.0,0,0,0.0,0.0,0.0,0.0,0.0,0.0,0.0,0.0,0.005,1.625,0.0,0.0,0.0
2023-05-01,51,0,41.0,17,0.0,0.0,0.0,0,0,0.0,0.0,0.0,0.0,0.0,0.0,0.0,0.0,0.0,0.225,0.0,0.0,0.0
2023-05-08,51,1,262.0,17,0.0196078431372549,1.0,1.0,0,1,0.02,0.0,0.01,0.02,0.01,0.04999999999999978,0.049999999999999115,0.5950000000000001,0.5950000000000001,0.6400000000000001,0.0,0.04,0.0
2023-05-09,6,0,10.0,2,0.0,0.0,0.0,0,0,0.0,0.0,0.0,0.0,0.01,0.009999999999999778,0.049999999999999115,0.32,0.5950000000000001,0.6400000000000001,0.01,0.0,0.04
2023-05-15,51,0,30.0,17,0.0,0.0,0.0,0,0,0.0,0.0,0.0,0.0,0.0,0.0,0.0,0.0,0.5950000000000001,0.6000000000000001,0.0,0.0,0.0
2023-05-22,51,1,243.0,17,0.0196078431372549,1.0,1.0,0,1,0.0,0.0,0.0,0.0,0.0,0.009999999999999778,0.009999999999999112,0.01,0.01,0.6050000000000001,0.0,0.01,0.0
2023-05-23,6,0,10.0,2,0.0,0.0,0.0,0,0,0.0,0.0,0.0,0.0,0.0,0.0,0.009999999999999112,0.01,0.01,0.6050000000000001,0.0,0.0,0.01
2023-05-30,51,0,31.0,17,0.0,0.0,0.0,0,0,0.0,0.0,0.0,0.0,0.0,0.0,0.0,0.0,0.01,0.6050000000000001,0.0,0.0,0.0
2023-06-05,48,0,86.0,16,0.0,0.0,0.0,0,0,0.0,0.0,0.0,0.0,0.0,0.0,0.0,0.0,0.0,0.02,0.0,0.0,0.0
2023-06-08,3,0,5.0,1,0.0,0.0,0.0,0,0,0.0,0.0,0.0,0.0,0.0,0.0,0.0,0.0,0.0,0.01,0.0,0.0,0.0
2023-06-12,51,0,52.0,17,0.0,0.0,0.0,0,0,0.0,0.0,0.0,0.0,0.0,0.0,0.0,0.0,0.0,0.01,0.0,0.0,0.0
2023-06-20,51,2,10.0,17,0.0392156862745098,1.0,1.0,0,1,0.0,0.0,0.0,0.0,0.0,0.0,0.0,0.0,0.0,0.0,0.0,0.0,0.0
2023-06-21,3,0,5.0,1,0.0,0.0,0.0,0,0,0.0,0.0,0.0,0.0,0.0,0.0,0.0,0.0,0.0,0.0,0.0,0.0,0.0
2023-06-26,51,0,31.0,17,0.0,0.0,0.0,0,0,0.0,0.0,0.0,0.0,0.0,0.0,0.0,0.0,0.0,0.0,0.0,0.0,0.0
2023-07-03,51,1,275.0,17,0.0196078431372549,1.0,1.0,0,1,0.0,0.0,0.0,0.0,0.0,0.0,0.0,0.005,0.005,0.005,0.0,0.0,0.0
2023-07-04,6,2,738.0,2,0.3333333333333333,1.0,1.0,0,1,0.0,0.0,0.0,0.0,0.0,0.0,0.0,0.0,0.005,0.005,0.0,0.0,0.0
2023-07-05,6,0,5.0,2,0.0,0.0,0.0,0,0,0.0,0.0,0.0,0.0,0.0,0.0,0.0,0.0,0.005,0.005,0.0,0.0,0.0
2023-07-10,51,1,109.0,17,0.0196078431372549,1.0,1.0,0,1,0.0,0.0,0.0,0.0,0.0,0.0,0.0,0.0,0.005,0.005,0.0,0.0,0.0
2023-07-11,6,0,31.0,2,0.0,0.0,0.0,0,0,0.0,0.0,0.0,0.0,0.0,0.0,0.0,0.0,0.0,0.005,0.0,0.0,0.0
2023-07-17,51,0,20.0,17,0.0,0.0,0.0,0,0,0.0,0.0,0.0,0.0,0.0,0.0,0.0,0.0,0.0,0.005,0.0,0.0,0.0
2023-07-24,30,0,52.0,10,0.0,0.0,0.0,0,0,0.0,0.0,0.0,0.0,0.0,0.0,0.0,0.0,0.0,0.005,0.0,0.0,0.0
2023-07-25,21,0,52.0,7,0.0,0.0,0.0,0,0,0.0,0.0,0.0,0.0,0.0,0.0,0.0,0.0,0.0,0.005,0.0,0.0,0.0
2023-07-31,51,2,1054.0,17,0.0392156862745098,2.0,1.0,0,1,0.0,0.0,0.0,0.0,0.0,0.0,0.0,0.0,0.0,0.0,0.0,0.0,0.0
2023-08-01,6,0,41.0,2,0.0,0.0,0.0,0,0,0.0,0.0,0.0,0.0,0.0,0.0,0.0,0.0,0.0,0.0,0.0,0.0,0.0
2023-08-07,51,2,183.0,17,0.0392156862745098,2.0,2.0,0,1,0.0,0.0,0.0,0.0,0.0,0.0,0.0,0.01,0.01,0.01,0.0,0.0,0.0
2023-08-08,6,0,10.0,2,0.0,0.0,0.0,0,0,0.0,0.0,0.0,0.0,0.0,0.0,0.0,0.01,0.01,0.01,0.0,0.0,0.0
2023-08-14,51,0,85.0,17,0.0,0.0,0.0,0,0,0.0,0.0,0.0,0.0,0.0,0.0,0.009999999999999112,0.01,0.02,0.02,0.0,0.0,0.0
2023-08-21,21,0,73.0,7,0.0,0.0,0.0,0,0,0.0,0.0,0.0,0.0,0.0,0.0,0.0,0.0,0.01,0.02,0.0,0.0,0.0
2023-08-22,30,0,31.0,10,0.0,0.0,0.0,0,0,0.0,0.0,0.0,0.0,0.0,0.0,0.0,0.0,0.01,0.02,0.0,0.0,0.0
2023-08-28,51,4,1553.0,17,0.0784313725490196,2.0,1.0,0,1,0.0,0.0,0.0,0.0,0.0,0.0,0.0,0.0,0.0,0.02,0.0,0.0,0.0
2023-08-29,9,0,20.0,3,0.0,0.0,0.0,0,0,0.0,0.0,0.0,0.0,0.0,0.0,0.0,0.0,0.0,0.02,0.0,0.0,0.0
2023-09-05,51,0,41.0,17,0.0,0.0,0.0,0,0,0.0,0.0,0.0,0.0,0.0,0.0,0.02999999999999911,0.03,0.03,0.04,0.0,0.0,0.0
2023-09-11,51,2,24196.0,17,0.0392156862745098,1.0,1.0,0,1,0.0,0.0,0.0,0.0,0.0,0.0,0.0,0.0,0.03,0.03,0.0,0.0,0.0
2023-09-12,3,0,5.0,1,0.0,0.0,0.0,0,0,0.0,0.0,0.0,0.0,0.0,0.0,0.0,0.0,0.03,0.03,0.0,0.0,0.0
2023-09-18,51,0,41.0,17,0.0,0.0,0.0,0,0,0.0,0.0,0.0,0.0,0.0,0.0,0.0,0.0,0.0,0.03,0.0,0.0,0.0
2023-09-25,51,4,187.0,17,0.0784313725490196,2.0,1.0,0,1,0.0,0.0,0.0,0.0,0.0,0.0,0.0,0.0,0.0,0.03,0.0,0.0,0.0
2023-09-26,9,1,355.0,3,0.1111111111111111,1.0,1.0,0,1,0.07,0.05,0.060000000000000005,0.07,0.060000000000000005,0.05999999999999978,0.05999999999999912,0.060000000000000005,0.060000000000000005,0.09,0.0,0.0,0.0
2023-09-27,6,0,5.0,2,0.0,0.0,0.0,0,0,0.0,0.0,0.0,0.0,0.060000000000000005,0.05999999999999978,0.05999999999999912,0.060000000000000005,0.060000000000000005,0.09,0.060000000000000005,0.0,0.0
2023-10-02,51,0,31.0,17,0.0,0.0,0.0,0,0,0.0,0.0,0.0,0.0,0.0,0.01999999999999978,0.019999999999999112,0.08,0.08,0.08,0.0,0.02,0.0
2023-10-10,51,0,73.0,17,0.0,0.0,0.0,0,0,0.02,0.05,0.035,0.05,0.045000000000000005,0.04499999999999978,0.04499999999999912,0.045000000000000005,0.065,0.125,0.01,0.0,0.0
2023-10-16,21,0,10.0,7,0.0,0.0,0.0,0,0,0.0,0.01,0.005,0.01,0.005,0.004999999999999778,0.004999999999999112,0.045000000000000005,0.05500000000000001,0.135,0.0,0.0,0.0
2023-10-17,30,1,189.0,10,0.03333333333333333,1.0,1.0,0,1,0.0,0.01,0.005,0.01,0.01,0.009999999999999778,0.009999999999999112,0.015,0.060000000000000005,0.14,0.005,0.0,0.0
2023-10-18,3,0,5.0,1,0.0,0.0,0.0,0,0,0.0,0.0,0.0,0.0,0.005,0.009999999999999778,0.009999999999999112,0.009999999999999998,0.06,0.14,0.005,0.005,0.0
2023-10-23,51,2,121.0,17,0.0392156862745098,2.0,2.0,0,1,0.0,0.0,0.0,0.0,0.14500000000000002,0.1449999999999998,0.14499999999999913,0.15000000000000002,0.195,0.28500000000000003,0.14500000000000002,0.0,0.0
2023-10-24,9,0,20.0,3,0.0,0.0,0.0,0,0,0.0,0.0,0.0,0.0,0.0,0.1449999999999998,0.14499999999999913,0.14500000000000002,0.16000000000000003,0.28500000000000003,0.0,0.14500000000000002,0.0
2023-10-30,51,2,160.0,17,0.0392156862745098,1.0,1.0,0,1,0.0,0.0,0.0,0.0,0.0,0.0,0.0,0.0,0.15000000000000002,0.20500000000000002,0.0,0.0,0.0
2023-10-31,3,0,10.0,1,0.0,0.0,0.0,0,0,0.0,0.0,0.0,0.0,0.0,0.0,0.0,0.0,0.14500000000000002,0.20500000000000002,0.0,0.0,0.0
2023-11-06,51,2,426.0,17,0.0392156862745098,2.0,1.0,0,1,0.01,0.0,0.005,0.01,0.025,0.02499999999999978,0.024999999999999113,0.025,0.025,0.23,0.02,0.0,0.0
2023-11-07,9,0,86.0,3,0.0,0.0,0.0,0,0,0.0,0.0,0.0,0.0,0.005,0.02499999999999978,0.024999999999999113,0.025,0.025,0.23,0.005,0.02,0.0
2023-11-13,51,0,52.0,17,0.0,0.0,0.0,0,0,0.0,0.0,0.0,0.0,0.0,0.0,0.0,0.0,0.025,0.18000000000000002,0.0,0.0,0.0
2023-11-18,48,22,14136.0,16,0.4583333333333333,13.0,3.0,1,1,0.81,0.0,0.405,0.81,0.585,0.5999999999999998,0.6349999999999991,0.635,0.66,0.805,0.18,0.015,0.035
2023-11-19,39,5,6488.0,13,0.1282051282051282,2.0,2.0,0,1,0.0,0.0,0.0,0.0,0.405,0.5849999999999997,0.6349999999999991,0.635,0.64,0.805,0.405,0.18,0.015
2023-11-20,51,2,97.0,17,0.0392156862745098,1.0,1.0,0,1,0.0,0.0,0.0,0.0,0.0,0.40499999999999975,0.5999999999999991,0.635,0.635,0.805,0.0,0.405,0.18
2023-11-21,3,1,5.0,1,0.3333333333333333,1.0,1.0,0,1,0.0,0.0,0.0,0.0,0.0,0.0,0.5849999999999991,0.635,0.635,0.66,0.0,0.0,0.405
2023-11-22,3,0,5.0,1,0.0,0.0,0.0,0,0,0.0,0.0,0.0,0.0,0.0,0.0,0.40499999999999914,0.6,0.635,0.66,0.0,0.0,0.0
2023-11-27,51,0,41.0,17,0.0,0.0,0.0,0,0,0.0,0.0,0.0,0.0,0.0,0.0,0.0,0.0,0.635,0.66,0.0,0.0,0.0
2023-11-28,9,1,243.0,3,0.1111111111111111,1.0,1.0,0,1,0.04,0.0,0.02,0.04,0.02,0.019999999999999723,0.019999999999999112,0.02,0.655,0.68,0.0,0.0,0.0
2023-11-29,3,0,20.0,1,0.0,0.0,0.0,0,0,0.44,0.0,0.22,0.44,0.24,0.2399999999999997,0.2399999999999991,0.24,0.84,0.9,0.02,0.0,0.0
2023-12-04,51,1,135.0,17,0.0196078431372549,1.0,1.0,0,1,0.0,0.0,0.0,0.0,0.0,0.05499999999999972,0.06499999999999911,0.305,0.305,0.9650000000000001,0.0,0.055,0.01
2023-12-05,6,1,160.0,2,0.16666666666666666,1.0,1.0,0,1,0.0,0.0,0.0,0.0,0.0,0.0,0.06499999999999911,0.285,0.305,0.9450000000000001,0.0,0.0,0.055
2023-12-06,6,3,627.0,2,0.5,2.0,1.0,0,1,0.19,0.26,0.225,0.26,0.225,0.22499999999999973,0.27999999999999914,0.29000000000000004,0.53,1.165,0.0,0.0,0.0
2023-12-07,6,0,63.0,2,0.0,0.0,0.0,0,0,0.1,0.08,0.09,0.1,0.315,0.3149999999999997,0.3149999999999991,0.38,0.62,1.255,0.225,0.0,0.0
2023-12-11,51,2,235.0,17,0.0392156862745098,2.0,1.0,0,1,0.0,0.0,0.0,0.0,0.0,0.0,0.08999999999999911,0.315,0.62,1.255,0.0,0.0,0.0
2023-12-12,6,0,52.0,2,0.0,0.0,0.0,0,0,0.0,0.0,0.0,0.0,0.0,0.0,0.0,0.315,0.6,1.255,0.0,0.0,0.0
2023-12-18,66,17,24196.0,17,0.25757575757575757,6.0,3.0,1,1,1.4,1.26,1.33,1.4,1.375,1.3749999999999998,1.3749999999999991,1.375,1.69,1.995,0.045000000000000005,0.0,0.0
2023-12-19,18,9,24196.0,6,0.5,5.0,3.0,1,1,0.4,0.39,0.395,0.4,1.725,1.7699999999999998,1.7699999999999991,1.77,2.085,2.39,1.33,0.045000000000000005,0.0
2023-12-20,42,26,24196.0,14,0.6190476190476191,12.0,3.0,1,1,1.21,1.34,1.275,1.34,1.67,3.0,3.044999999999999,3.045,3.135,3.665,0.395,1.33,0.045000000000000005
2023-12-21,36,11,24196.0,12,0.3055555555555556,5.0,2.0,1,1,0.0,0.01,0.005,0.01,1.2799999999999998,1.6749999999999996,3.049999999999999,3.05,3.05,3.67,1.275,0.395,1.33
2023-12-22,15,5,1153.0,5,0.3333333333333333,2.0,2.0,0,1,0.0,0.0,0.0,0.0,0.005,1.2799999999999996,3.004999999999999,3.05,3.05,3.67,0.005,1.275,0.395
2023-12-23,6,2,256.0,2,0.3333333333333333,1.0,1.0,0,1,0.0,0.0,0.0,0.0,0.0,0.004999999999999778,1.674999999999999,3.05,3.05,3.67,0.0,0.005,1.275
2023-12-24,3,1,122.0,1,0.3333333333333333,1.0,1.0,0,1,0.0,0.0,0.0,0.0,0.0,0.0,1.279999999999999,3.005,3.05,3.67,0.0,0.0,0.005
2023-12-25,3,0,5.0,1,0.0,0.0,0.0,0,0,0.0,0.0,0.0,0.0,0.0,0.0,0.004999999999999112,1.6749999999999998,3.05,3.67,0.0,0.0,0.0
2023-12-26,51,5,4106.0,17,0.09803921568627451,3.0,1.0,0,1,0.0,0.0,0.0,0.0,0.0,0.0,0.0,1.2799999999999998,3.05,3.67,0.0,0.0,0.0
2023-12-27,9,0,41.0,3,0.0,0.0,0.0,0,0,0.17,0.04,0.10500000000000001,0.17,0.10500000000000001,0.10499999999999979,0.10499999999999912,0.11000000000000001,3.155,3.775,0.0,0.0,0.0
2023-12-30,9,7,15531.0,3,0.7777777777777778,3.0,2.0,1,1,0.15,0.4,0.275,0.4,1.2000000000000002,1.21,1.314999999999999,1.315,4.365,4.745,0.925,0.01,0.10500000000000001
2023-12-31,9,5,8664.0,3,0.5555555555555556,3.0,2.0,1,1,0.0,0.0,0.0,0.0,0.275,1.1999999999999997,1.314999999999999,1.315,4.32,4.735,0.275,0.925,0.01
2024-01-01,9,3,909.0,3,0.3333333333333333,1.0,1.0,0,1,0.0,0.0,0.0,0.0,0.0,0.2749999999999998,1.209999999999999,1.315,2.99,4.680000000000001,0.0,0.275,0.925
2024-01-02,51,3,216.0,17,0.058823529411764705,2.0,1.0,0,1,0.31,0.45,0.38,0.45,0.38,0.3799999999999998,1.5799999999999992,1.695,2.9749999999999996,5.0600000000000005,0.0,0.0,0.275
2024-01-03,9,0,63.0,3,0.0,0.0,0.0,0,0,0.05,0.08,0.065,0.08,0.445,0.4449999999999998,0.7199999999999991,1.655,1.765,5.125,0.38,0.0,0.0
2024-01-08,51,1,132.0,17,0.0196078431372549,1.0,1.0,0,1,0.0,0.0,0.0,0.0,0.0,0.04999999999999978,0.049999999999999115,0.495,1.81,4.86,0.0,0.05,0.0
2024-01-09,3,0,85.0,1,0.0,0.0,0.0,0,0,0.25,0.32,0.28500000000000003,0.32,0.28500000000000003,0.2849999999999998,0.33499999999999913,0.4,2.0949999999999998,5.145,0.0,0.0,0.05
2024-01-14,39,7,19863.0,13,0.1794871794871795,3.0,2.0,1,1,0.02,0.01,0.015,0.02,1.065,1.0649999999999997,1.224999999999999,1.51,2.005,6.37,1.05,0.0,0.0
2024-01-15,9,5,5172.0,3,0.5555555555555556,2.0,2.0,0,1,0.0,0.0,0.0,0.0,0.015,1.0649999999999997,1.064999999999999,1.51,2.005,6.37,0.015,1.05,0.0
2024-01-16,51,3,435.0,17,0.058823529411764705,2.0,2.0,0,1,0.6,0.61,0.605,0.61,0.605,0.6199999999999998,1.669999999999999,1.83,2.23,6.93,0.0,0.015,1.05
2024-01-17,6,4,487.0,2,0.6666666666666666,2.0,2.0,0,1,0.02,0.01,0.015,0.02,0.62,0.6199999999999998,1.6849999999999992,1.685,2.1799999999999997,5.615,0.605,0.0,0.015
2024-01-18,6,2,85.0,2,0.3333333333333333,1.0,1.0,0,1,0.0,0.0,0.0,0.0,0.015,0.6199999999999998,0.6349999999999991,1.685,2.1799999999999997,5.220000000000001,0.015,0.605,0.0
2024-01-19,3,1,52.0,1,0.3333333333333333,1.0,1.0,0,1,0.24,0.31,0.275,0.31,0.275,0.2899999999999998,0.8949999999999991,1.96,2.455,4.22,0.0,0.015,0.605
2024-01-20,3,1,313.0,1,0.3333333333333333,1.0,1.0,0,1,0.19,0.11,0.15,0.19,0.42500000000000004,0.4249999999999998,1.044999999999999,1.06,2.5549999999999997,4.365,0.275,0.0,0.015
2024-01-21,3,1,189.0,1,0.3333333333333333,1.0,1.0,0,1,0.54,0.48,0.51,0.54,0.66,0.9349999999999998,0.9499999999999992,1.5550000000000002,3.0649999999999995,4.875,0.15,0.275,0.0
2024-01-22,51,13,24196.0,17,0.2549019607843137,9.0,3.0,1,1,0.77,0.74,0.755,0.77,1.2650000000000001,1.4149999999999998,1.689999999999999,2.31,3.82,5.63,0.51,0.15,0.275
2024-01-23,27,6,9804.0,9,0.2222222222222222,2.0,2.0,0,1,0.0,0.0,0.0,0.0,0.755,1.265,1.689999999999999,1.705,3.535,5.63,0.755,0.51,0.15
2024-01-24,9,4,2046.0,3,0.4444444444444444,2.0,2.0,0,1,0.59,0.0,0.295,0.59,0.295,1.0499999999999998,1.7099999999999993,1.985,3.67,5.925,0.0,0.755,0.51
2024-01-25,6,1,41.0,2,0.16666666666666666,1.0,1.0,0,1,0.0,0.0,0.0,0.0,0.295,0.29499999999999976,1.5599999999999992,1.985,3.67,5.925,0.295,0.0,0.755
2024-01-26,3,0,74.0,1,0.0,0.0,0.0,0,0,0.0,0.0,0.0,0.0,0.0,0.29499999999999976,1.0499999999999992,1.71,3.67,5.819999999999999,0.0,0.295,0.0
2024-01-29,51,2,598.0,17,0.0392156862745098,2.0,1.0,0,1,0.0,0.0,0.0,0.0,0.0,0.0,0.0,0.295,2.605,4.609999999999999,0.0,0.0,0.0
2024-01-30,6,0,5.0,2,0.0,0.0,0.0,0,0,0.0,0.0,0.0,0.0,0.0,0.0,0.0,0.295,2.0,4.609999999999999,0.0,0.0,0.0
2024-02-01,51,17,19863.0,17,0.3333333333333333,12.0,3.0,1,1,1.07,0.68,0.875,1.07,2.67,2.67,2.669999999999999,2.67,4.654999999999999,6.9,1.795,0.0,0.0
2024-02-02,36,9,1553.0,12,0.25,4.0,2.0,1,1,0.22,0.14,0.18,0.22,1.055,2.8499999999999996,2.849999999999999,2.85,4.56,7.015000000000001,0.875,1.795,0.0
2024-02-03,12,3,201.0,4,0.25,1.0,1.0,0,1,0.41,0.45,0.43,0.45,0.61,1.4849999999999999,3.279999999999999,3.28,4.84,7.445,0.18,0.875,1.795
2024-02-04,21,4,24196.0,7,0.19047619047619047,2.0,2.0,0,1,1.31,1.0,1.155,1.31,1.585,1.7649999999999997,4.434999999999999,4.4350000000000005,5.485,8.600000000000001,0.43,0.18,0.875
2024-02-05,57,15,9804.0,19,0.2631578947368421,9.0,3.0,1,1,0.3,0.08,0.19,0.3,1.345,1.7749999999999997,2.829999999999999,4.625,4.92,8.74,1.155,0.43,0.18
2024-02-06,27,4,5475.0,9,0.14814814814814814,2.0,2.0,0,1,0.0,0.0,0.0,0.0,0.19,1.3449999999999998,1.9549999999999992,4.625,4.92,8.74,0.19,1.155,0.43
2024-02-07,6,1,86.0,2,0.16666666666666666,1.0,1.0,0,1,0.45,0.33,0.39,0.45,0.39,0.5799999999999996,2.164999999999999,3.22,5.015,9.129999999999999,0.0,0.19,1.155
2024-02-08,6,2,108.0,2,0.3333333333333333,1.0,1.0,0,1,0.0,0.06,0.03,0.06,0.42000000000000004,0.4199999999999996,1.7649999999999992,2.375,5.045,8.875,0.39,0.0,0.19
2024-02-09,3,0,20.0,1,0.0,0.0,0.0,0,0,0.0,0.01,0.005,0.01,0.034999999999999996,0.42499999999999954,0.6149999999999993,2.2,5.05,8.719999999999999,0.03,0.39,0.0
2024-02-12,51,0,85.0,17,0.0,0.0,0.0,0,0,0.0,0.0,0.0,0.0,0.0,0.0,0.03499999999999933,0.425,5.05,7.670000000000001,0.0,0.0,0.005
2024-02-20,69,15,24196.0,17,0.21739130434782608,8.0,2.0,1,1,1.5,0.56,1.03,1.5,1.1400000000000001,1.4949999999999997,1.8199999999999994,2.1399999999999997,2.5700000000000003,8.245000000000001,0.11,0.355,0.32499999999999996
2024-02-21,24,8,17329.0,8,0.3333333333333333,3.0,2.0,1,1,0.02,0.0,0.01,0.02,1.0399999999999998,1.1499999999999995,1.8299999999999994,1.83,2.19,7.5,1.03,0.11,0.355
2024-02-22,12,3,504.0,4,0.25,1.0,1.0,0,1,0.0,0.0,0.0,0.0,0.009999999999999778,1.0399999999999994,1.5049999999999994,1.83,2.16,7.5,0.01,1.03,0.11
2024-02-23,3,0,41.0,1,0.0,0.0,0.0,0,0,0.0,0.0,0.0,0.0,0.0,0.009999999999999334,1.1499999999999995,1.83,2.155,7.205,0.0,0.01,1.03
2024-02-26,51,1,120.0,17,0.0196078431372549,1.0,1.0,0,1,0.0,0.0,0.0,0.0,0.0,0.0,0.0,1.04,2.155,7.205,0.0,0.0,0.0
2024-02-27,3,0,10.0,1,0.0,0.0,0.0,0,0,0.0,0.0,0.0,0.0,0.0,0.0,0.0,0.01,2.15,7.205,0.0,0.0,0.0
2024-03-02,6,3,2143.0,2,0.5,1.0,1.0,0,1,0.35,0.2,0.275,0.35,1.2649999999999997,1.3799999999999994,1.3799999999999994,1.38,2.885,5.915000000000001,0.99,0.115,0.0
2024-03-03,3,0,5.0,1,0.0,0.0,0.0,0,0,0.17,0.23,0.2,0.23,0.4749999999999998,1.4649999999999994,1.5799999999999994,1.58,2.73,5.935,0.275,0.99,0.115
2024-03-04,51,3,488.0,17,0.058823529411764705,2.0,2.0,0,1,0.14,0.11,0.125,0.14,0.3249999999999998,0.5999999999999994,1.7049999999999994,1.705,2.745,5.63,0.2,0.275,0.99
2024-03-05,6,0,20.0,2,0.0,0.0,0.0,0,0,0.02,0.03,0.025,0.03,0.14999999999999977,0.34999999999999937,1.6149999999999993,1.73,1.74,4.5,0.125,0.2,0.275
2024-03-11,51,0,97.0,17,0.0,0.0,0.0,0,0,0.13,0.25,0.19,0.25,0.2899999999999998,0.28999999999999937,0.28999999999999937,0.505,2.21,4.365,0.1,0.0,0.0
2024-03-18,51,0,41.0,17,0.0,0.0,0.0,0,0,0.0,0.0,0.0,0.0,0.0,0.0,0.0,0.33,0.835,4.045,0.0,0.0,0.0
2024-03-25,51,1,10.0,17,0.0196078431372549,1.0,1.0,0,1,0.0,0.0,0.0,0.0,0.07999999999999978,0.17999999999999933,0.6349999999999993,0.635,0.965,3.175,0.08,0.1,0.45499999999999996
2024-03-26,3,0,5.0,1,0.0,0.0,0.0,0,0,0.0,0.0,0.0,0.0,0.0,0.07999999999999934,0.6349999999999993,0.635,0.635,3.175,0.0,0.08,0.1
2024-04-01,51,0,52.0,17,0.0,0.0,0.0,0,0,0.0,0.0,0.0,0.0,0.0,0.019999999999999334,0.5399999999999994,0.7949999999999999,1.43,2.59,0.0,0.02,0.52
2024-04-08,51,0,51.0,17,0.0,0.0,0.0,0,0,0.0,0.0,0.0,0.0,0.0,0.0,0.5349999999999994,0.535,1.3299999999999998,2.585,0.0,0.0,0.005
2024-04-15,51,0,52.0,17,0.0,0.0,0.0,0,0,0.0,0.0,0.0,0.0,0.10499999999999979,0.6749999999999993,0.6749999999999993,0.6749999999999999,1.21,2.64,0.10500000000000001,0.57,0.0
2024-04-22,51,2,231.0,17,0.0392156862745098,1.0,1.0,0,1,0.0,0.0,0.0,0.0,0.0,0.0,0.0,0.0,0.6749999999999999,2.085,0.0,0.0,0.0
2024-04-23,3,0,5.0,1,0.0,0.0,0.0,0,0,0.0,0.0,0.0,0.0,0.0,0.0,0.0,0.0,0.6749999999999999,2.0050000000000003,0.0,0.0,0.0
2024-04-29,51,0,41.0,17,0.0,0.0,0.0,0,0,0.0,0.0,0.0,0.0,0.0,0.0,0.029999999999999333,0.03,0.03,1.24,0.0,0.0,0.03
2024-05-04,21,9,24196.0,7,0.42857142857142855,4.0,3.0,1,1,0.94,1.08,1.01,1.08,1.0099999999999998,1.0099999999999993,1.0099999999999993,1.01,1.04,1.72,0.0,0.0,0.0
2024-05-05,12,7,24196.0,4,0.5833333333333334,3.0,2.0,1,1,0.0,0.0,0.0,0.0,1.0099999999999998,1.0099999999999993,1.0099999999999993,1.01,1.04,1.715,1.01,0.0,0.0
2024-05-06,51,0,31.0,17,0.0,0.0,0.0,0,0,0.0,0.0,0.0,0.0,0.0,1.0099999999999993,1.0099999999999993,1.01,1.04,1.715,0.0,1.01,0.0
2024-05-13,51,3,199.0,17,0.058823529411764705,2.0,1.0,0,1,0.0,0.0,0.0,0.0,0.0,0.0,0.0,0.0,1.01,1.145,0.0,0.0,0.0
2024-05-14,6,0,5.0,2,0.0,0.0,0.0,0,0,0.0,0.0,0.0,0.0,0.0,0.0,0.0,0.0,1.01,1.04,0.0,0.0,0.0
2024-05-16,3,0,5.0,1,0.0,0.0,0.0,0,0,0.0,0.0,0.0,0.0,0.0,0.0,0.0,0.0,1.01,1.04,0.0,0.0,0.0
2024-05-20,51,1,146.0,17,0.0196078431372549,1.0,1.0,0,1,0.0,0.0,0.0,0.0,0.0,0.0,0.0,0.0,0.0,1.04,0.0,0.0,0.0
2024-05-21,3,0,5.0,1,0.0,0.0,0.0,0,0,0.0,0.0,0.0,0.0,0.0,0.0,0.0,0.0,0.0,1.04,0.0,0.0,0.0
2024-05-28,51,0,63.0,17,0.0,0.0,0.0,0,0,0.0,0.0,0.0,0.0,0.0,0.0,0.06999999999999934,0.07,0.07,1.08,0.0,0.0,0.060000000000000005
2024-06-03,48,0,10.0,16,0.0,0.0,0.0,0,0,0.0,0.0,0.0,0.0,0.0,0.0,0.0,0.0,0.07,0.07,0.0,0.0,0.0
2024-06-04,3,0,5.0,1,0.0,0.0,0.0,0,0,0.0,0.0,0.0,0.0,0.0,0.0,0.0,0.0,0.07,0.07,0.0,0.0,0.0
2024-06-10,51,0,63.0,17,0.0,0.0,0.0,0,0,0.0,0.0,0.0,0.0,0.0,0.0,0.0,0.0,0.0,0.07,0.0,0.0,0.0
2024-06-17,51,1,185.0,17,0.0196078431372549,1.0,1.0,0,1,0.0,0.0,0.0,0.0,0.0,0.0,0.0,0.0,0.0,0.07,0.0,0.0,0.0
2024-06-18,3,0,5.0,1,0.0,0.0,0.0,0,0,0.0,0.0,0.0,0.0,0.0,0.0,0.0,0.0,0.0,0.07,0.0,0.0,0.0
2024-06-24,51,0,31.0,17,0.0,0.0,0.0,0,0,0.0,0.0,0.0,0.0,0.0,0.0,0.0,0.0,0.0,0.0,0.0,0.0,0.0
2024-07-01,51,2,279.0,17,0.0392156862745098,2.0,1.0,0,1,0.0,0.0,0.0,0.0,0.0,0.0,0.0,0.0,0.0,0.0,0.0,0.0,0.0
2024-07-02,9,0,10.0,3,0.0,0.0,0.0,0,0,0.0,0.0,0.0,0.0,0.0,0.0,0.0,0.0,0.0,0.0,0.0,0.0,0.0
2024-07-08,51,0,41.0,17,0.0,0.0,0.0,0,0,0.0,0.0,0.0,0.0,0.0,0.0,0.0,0.0,0.0,0.0,0.0,0.0,0.0
2024-07-15,51,0,20.0,17,0.0,0.0,0.0,0,0,0.0,0.0,0.0,0.0,0.0,0.0,0.0,0.0,0.0,0.0,0.0,0.0,0.0
2024-07-22,51,0,20.0,17,0.0,0.0,0.0,0,0,0.0,0.0,0.0,0.0,0.0,0.0,0.0,0.0,0.0,0.0,0.0,0.0,0.0
2024-07-29,51,0,30.0,17,0.0,0.0,0.0,0,0,0.0,0.0,0.0,0.0,0.0,0.0,0.0,0.0,0.0,0.0,0.0,0.0,0.0
2024-08-05,51,0,41.0,17,0.0,0.0,0.0,0,0,0.0,0.0,0.0,0.0,0.0,0.0,0.0,0.005,0.005,0.005,0.0,0.0,0.0
2024-08-12,51,0,63.0,17,0.0,0.0,0.0,0,0,0.0,0.02,0.01,0.02,0.009999999999999778,0.009999999999999334,0.009999999999999334,0.01,0.015,0.015,0.0,0.0,0.0
2024-08-19,51,0,20.0,17,0.0,0.0,0.0,0,0,0.0,0.0,0.0,0.0,0.0,0.0,0.0,0.0,0.010000000000000002,0.015000000000000001,0.0,0.0,0.0
2024-08-26,51,2,171.0,17,0.0392156862745098,1.0,1.0,0,1,0.0,0.0,0.0,0.0,0.0,0.05999999999999933,0.05999999999999933,0.06,0.06,0.075,0.0,0.06,0.0
2024-08-27,3,1,110.0,1,0.3333333333333333,1.0,1.0,0,1,0.0,0.0,0.0,0.0,0.0,0.0,0.05999999999999933,0.06,0.06,0.075,0.0,0.0,0.06
2024-08-28,3,0,20.0,1,0.0,0.0,0.0,0,0,0.0,0.0,0.0,0.0,0.0,0.0,0.05999999999999933,0.06,0.06,0.075,0.0,0.0,0.0
2024-09-03,51,1,169.0,17,0.0196078431372549,1.0,1.0,0,1,0.0,0.0,0.0,0.0,0.0,0.0,0.0,0.0,0.06,0.06999999999999999,0.0,0.0,0.0
2024-09-04,3,0,5.0,1,0.0,0.0,0.0,0,0,0.0,0.0,0.0,0.0,0.0,0.0,0.0,0.0,0.06,0.06999999999999999,0.0,0.0,0.0
2024-09-09,51,0,52.0,17,0.0,0.0,0.0,0,0,0.0,0.0,0.0,0.0,0.0,0.0,0.0,0.0,0.0,0.06999999999999999,0.0,0.0,0.0
2024-09-16,48,0,86.0,16,0.0,0.0,0.0,0,0,0.0,0.0,0.0,0.0,0.0,0.0,0.0,0.0,0.0,0.06,0.0,0.0,0.0
2024-09-17,3,0,5.0,1,0.0,0.0,0.0,0,0,0.0,0.0,0.0,0.0,0.0,0.0,0.0,0.0,0.0,0.06,0.0,0.0,0.0
2024-09-23,51,0,20.0,17,0.0,0.0,0.0,0,0,0.0,0.0,0.0,0.0,0.0,0.0,0.0,0.0,0.0,0.0,0.0,0.0,0.0
2024-09-30,51,2,121.0,17,0.0392156862745098,2.0,1.0,0,1,0.0,0.0,0.0,0.0,0.0,0.0,0.0,0.0,0.0,0.0,0.0,0.0,0.0
2024-10-01,6,0,41.0,2,0.0,0.0,0.0,0,0,0.0,0.0,0.0,0.0,0.0,0.0,0.0,0.0,0.0,0.0,0.0,0.0,0.0
2024-10-07,51,2,1296.0,17,0.0392156862745098,2.0,2.0,0,1,0.0,0.0,0.0,0.0,0.0,0.0,0.0,0.0,0.0,0.0,0.0,0.0,0.0
2024-10-08,6,0,20.0,2,0.0,0.0,0.0,0,0,0.0,0.0,0.0,0.0,0.0,0.0,0.0,0.0,0.0,0.0,0.0,0.0,0.0
2024-10-15,51,6,441.0,17,0.11764705882352941,5.0,1.0,0,1,0.0,0.0,0.0,0.0,0.0,0.004999999999999334,0.009999999999999334,0.01,0.01,0.01,0.0,0.005,0.005
2024-10-16,15,1,183.0,5,0.06666666666666667,1.0,1.0,0,1,0.0,0.0,0.0,0.0,0.0,0.0,0.009999999999999334,0.01,0.01,0.01,0.0,0.0,0.005
2024-10-17,3,0,41.0,1,0.0,0.0,0.0,0,0,0.0,0.0,0.0,0.0,0.0,0.0,0.004999999999999334,0.01,0.01,0.01,0.0,0.0,0.0
2024-10-21,51,0,73.0,17,0.0,0.0,0.0,0,0,0.0,0.0,0.0,0.0,0.0,0.0,0.0,0.0,0.01,0.01,0.0,0.0,0.0
2024-10-28,51,2,233.0,17,0.0392156862745098,2.0,1.0,0,1,0.0,0.0,0.0,0.0,0.0,0.0,0.0,0.0,0.0,0.01,0.0,0.0,0.0
2024-10-29,6,1,464.0,2,0.16666666666666666,1.0,1.0,0,1,0.0,0.0,0.0,0.0,0.0,0.0,0.0,0.0,0.0,0.01,0.0,0.0,0.0
2024-10-30,3,0,5.0,1,0.0,0.0,0.0,0,0,0.0,0.0,0.0,0.0,0.0,0.0,0.0,0.0,0.0,0.01,0.0,0.0,0.0
2024-11-04,51,2,160.0,17,0.0392156862745098,1.0,1.0,0,1,0.0,0.0,0.0,0.0,0.0,0.009999999999999334,0.08499999999999934,0.085,0.085,0.095,0.0,0.01,0.02
2024-11-05,3,0,5.0,1,0.0,0.0,0.0,0,0,0.0,0.0,0.0,0.0,0.0,0.0,0.029999999999999333,0.085,0.085,0.095,0.0,0.0,0.01
2024-11-12,51,3,556.0,17,0.058823529411764705,2.0,2.0,0,1,0.0,0.0,0.0,0.0,0.41999999999999976,0.4199999999999993,0.4199999999999993,0.42,0.505,0.5049999999999999,0.42,0.0,0.0
2024-11-13,6,2,199.0,2,0.3333333333333333,1.0,1.0,0,1,0.0,0.0,0.0,0.0,0.0,0.4199999999999993,0.4199999999999993,0.42,0.505,0.5049999999999999,0.0,0.42,0.0
2024-11-14,3,0,30.0,1,0.0,0.0,0.0,0,0,0.01,0.06,0.034999999999999996,0.06,0.034999999999999774,0.03499999999999933,0.4549999999999993,0.45499999999999996,0.485,0.5399999999999999,0.0,0.0,0.42
2024-11-18,51,0,41.0,17,0.0,0.0,0.0,0,0,0.0,0.0,0.0,0.0,0.0,0.0,0.03499999999999933,0.034999999999999996,0.45499999999999996,0.5399999999999999,0.0,0.0,0.0
2024-11-22,48,34,24196.0,16,0.7083333333333334,15.0,3.0,1,1,2.97,0.03,1.5,2.97,2.925,3.369999999999999,3.6449999999999996,3.645,4.1,4.1850000000000005,1.425,0.445,0.275
2024-11-23,60,24,9208.0,20,0.4,14.0,3.0,1,1,0.03,0.0,0.015,0.03,1.5149999999999997,2.939999999999999,3.6599999999999993,3.66,4.115,4.2,1.5,1.425,0.445
2024-11-24,42,10,2254.0,14,0.23809523809523808,5.0,2.0,1,1,0.0,0.24,0.12,0.24,0.1349999999999998,1.6349999999999993,3.5049999999999994,3.78,4.235,4.32,0.015,1.5,1.425
2024-11-25,54,9,1374.0,18,0.16666666666666666,4.0,2.0,1,1,0.24,0.04,0.13999999999999999,0.24,0.25999999999999973,0.2749999999999993,3.1999999999999993,3.92,3.955,4.46,0.12,0.015,1.5
2024-11-26,12,6,749.0,4,0.5,3.0,2.0,1,1,0.1,0.0,0.05,0.1,0.18999999999999972,0.3099999999999993,1.8249999999999993,3.6950000000000003,4.005,4.51,0.13999999999999999,0.12,0.015
2024-11-27,9,3,288.0,3,0.3333333333333333,1.0,1.0,0,1,0.0,0.0,0.0,0.0,0.04999999999999975,0.18999999999999928,0.3249999999999993,3.25,4.005,4.51,0.05,0.13999999999999999,0.12
2024-11-28,3,0,30.0,1,0.0,0.0,0.0,0,0,0.0,0.0,0.0,0.0,0.0,0.04999999999999934,0.3099999999999993,1.825,3.97,4.51,0.0,0.05,0.13999999999999999
2024-12-02,51,1,121.0,17,0.0196078431372549,1.0,1.0,0,1,0.0,0.0,0.0,0.0,0.0,0.0,0.0,0.05,3.97,4.425,0.0,0.0,0.0
2024-12-03,3,0,5.0,1,0.0,0.0,0.0,0,0,0.0,0.0,0.0,0.0,0.0,0.0,0.0,0.0,3.6950000000000003,4.425,0.0,0.0,0.0
2024-12-09,51,1,145.0,17,0.0196078431372549,1.0,1.0,0,1,0.0,0.0,0.0,0.0,0.0,0.0,0.0,0.0,0.05,4.425,0.0,0.0,0.0
2024-12-10,3,0,41.0,1,0.0,0.0,0.0,0,0,0.0,0.0,0.0,0.0,0.0,0.0,0.0,0.0,0.0,4.425,0.0,0.0,0.0
2024-12-12,9,4,24196.0,3,0.4444444444444444,2.0,2.0,0,1,0.96,0.67,0.815,0.96,0.8149999999999997,0.8149999999999993,0.8149999999999993,0.815,0.815,4.82,0.0,0.0,0.0
2024-12-13,9,3,4884.0,3,0.3333333333333333,1.0,1.0,0,1,0.2,0.38,0.29000000000000004,0.38,1.1049999999999998,1.1049999999999993,1.1049999999999993,1.105,1.105,5.11,0.815,0.0,0.0
2024-12-14,51,22,24196.0,17,0.43137254901960786,14.0,3.0,1,1,1.42,1.44,1.43,1.44,1.7199999999999998,2.5349999999999993,2.5349999999999993,2.535,2.535,6.505,0.29000000000000004,0.815,0.0
2024-12-15,42,5,15531.0,14,0.11904761904761904,3.0,3.0,1,1,0.0,0.0,0.0,0.0,1.4299999999999997,1.7199999999999993,2.5349999999999993,2.535,2.535,6.505,1.43,0.29000000000000004,0.815
2024-12-16,57,14,24196.0,17,0.24561403508771928,7.0,3.0,1,1,0.73,0.59,0.6599999999999999,0.73,0.6599999999999997,2.089999999999999,3.1949999999999994,3.195,3.195,7.165,0.0,1.43,0.29000000000000004
2024-12-17,21,7,24196.0,7,0.3333333333333333,3.0,2.0,1,1,0.0,0.0,0.0,0.0,0.6599999999999997,0.6599999999999993,2.379999999999999,3.195,3.195,7.165,0.6599999999999999,0.0,1.43
2024-12-18,9,6,2613.0,3,0.6666666666666666,3.0,2.0,1,1,0.0,0.0,0.0,0.0,0.0,0.6599999999999993,2.089999999999999,3.195,3.195,7.165,0.0,0.6599999999999999,0.0
2024-12-19,9,3,4611.0,3,0.3333333333333333,2.0,1.0,0,1,0.0,0.0,0.0,0.0,0.0,0.0,0.6599999999999993,2.38,3.195,6.89,0.0,0.0,0.6599999999999999
2024-12-20,6,1,882.0,2,0.16666666666666666,1.0,1.0,0,1,0.0,0.0,0.0,0.0,0.0,0.0,0.6599999999999993,2.09,3.195,6.445,0.0,0.0,0.0
2024-12-21,3,1,2247.0,1,0.3333333333333333,1.0,1.0,0,1,0.19,0.09,0.14,0.19,0.1399999999999998,0.13999999999999935,0.13999999999999935,0.7999999999999999,3.335,5.159999999999999,0.0,0.0,0.0
2024-12-22,3,1,160.0,1,0.3333333333333333,1.0,1.0,0,1,0.28,0.47,0.375,0.47,0.5149999999999998,0.5149999999999993,0.5149999999999993,1.1749999999999998,3.71,4.035,0.14,0.0,0.0
2024-12-23,51,6,285.0,17,0.11764705882352941,6.0,2.0,1,1,0.14,0.14,0.14,0.14,0.5149999999999998,0.6549999999999994,0.6549999999999994,0.655,3.8499999999999996,4.16,0.375,0.14,0.0
2024-12-24,18,2,670.0,6,0.1111111111111111,2.0,1.0,0,1,0.4,0.57,0.485,0.57,0.6249999999999998,0.9999999999999993,1.1399999999999992,1.1400000000000001,4.335,4.525,0.14,0.375,0.14
2024-12-25,6,0,52.0,2,0.0,0.0,0.0,0,0,0.0,0.0,0.0,0.0,0.48499999999999976,0.6249999999999993,1.1399999999999992,1.1400000000000001,4.335,4.385,0.485,0.14,0.375
2024-12-27,6,1,269.0,2,0.16666666666666666,1.0,1.0,0,1,0.34,0.24,0.29000000000000004,0.34,0.7099999999999997,0.7099999999999993,1.3349999999999993,1.85,3.94,5.045,0.42,0.0,0.485
2024-12-28,3,0,63.0,1,0.0,0.0,0.0,0,0,0.11,0.01,0.06,0.11,0.3499999999999998,0.7699999999999994,1.2549999999999994,1.77,2.57,5.1049999999999995,0.29000000000000004,0.42,0.0
2024-12-30,51,2,233.0,17,0.0392156862745098,1.0,1.0,0,1,0.0,0.0,0.0,0.0,0.44999999999999984,0.5099999999999993,1.2199999999999993,1.705,2.3600000000000003,5.555,0.45000000000000007,0.06,0.29000000000000004
2024-12-31,3,0,10.0,1,0.0,0.0,0.0,0,0,0.0,0.0,0.0,0.0,0.0,0.4499999999999994,0.7999999999999995,1.2200000000000002,2.3600000000000003,5.555,0.0,0.45000000000000007,0.06
2025-01-06,51,0,20.0,17,0.0,0.0,0.0,0,0,0.01,0.0,0.005,0.01,0.004999999999999778,0.004999999999999334,0.18499999999999933,0.185,1.8900000000000001,5.739999999999999,0.0,0.0,0.18
2025-01-13,30,1,228.0,10,0.03333333333333333,1.0,1.0,0,1,0.0,0.0,0.0,0.0,0.0,0.0,0.0,0.0,0.185,3.205,0.0,0.0,0.0
2025-01-14,16,0,41.0,8,0.0,0.0,0.0,0,0,0.0,0.0,0.0,0.0,0.0,0.0,0.0,0.0,0.185,3.205,0.0,0.0,0.0
2025-01-15,24,1,241.0,8,0.041666666666666664,1.0,1.0,0,1,0.0,0.0,0.0,0.0,0.0,0.0,0.0,0.0,0.185,2.545,0.0,0.0,0.0
2025-01-16,3,0,5.0,1,0.0,0.0,0.0,0,0,0.0,0.0,0.0,0.0,0.0,0.0,0.0,0.0,0.185,2.545,0.0,0.0,0.0
2025-01-21,51,0,41.0,17,0.0,0.0,0.0,0,0,0.0,0.0,0.0,0.0,0.0,0.0,0.0,0.0,0.0,2.0300000000000002,0.0,0.0,0.0
2025-01-27,51,0,63.0,17,0.0,0.0,0.0,0,0,0.0,0.0,0.0,0.0,0.0,0.0,0.0,0.0,0.0,0.635,0.0,0.0,0.0
2025-02-03,51,4,860.0,17,0.0784313725490196,2.0,2.0,0,1,0.13,0.36,0.245,0.36,0.49,0.9849999999999993,1.1999999999999993,1.2,1.2,1.205,0.245,0.495,0.215
2025-02-04,57,39,24196.0,19,0.6842105263157895,16.0,3.0,1,1,2.89,2.67,2.7800000000000002,2.89,3.025,3.2699999999999996,3.9799999999999995,3.9800000000000004,3.9800000000000004,3.9850000000000003,0.245,0.245,0.495
2025-02-05,51,11,24196.0,17,0.21568627450980393,6.0,2.0,1,1,0.0,0.0,0.0,0.0,2.78,3.0249999999999995,3.7649999999999997,3.9800000000000004,3.9800000000000004,3.9800000000000004,2.7800000000000002,0.245,0.245
2025-02-06,18,8,620.0,6,0.4444444444444444,4.0,2.0,1,1,0.58,0.7,0.6399999999999999,0.7,0.6399999999999995,3.419999999999999,3.9099999999999993,4.62,4.62,4.62,0.0,2.7800000000000002,0.245
2025-02-07,9,6,988.0,3,0.6666666666666666,2.0,2.0,0,1,0.1,0.25,0.175,0.25,0.8149999999999995,0.8149999999999991,3.8399999999999994,4.58,4.795,4.795,0.6399999999999999,0.0,2.7800000000000002
2025-02-08,9,0,20.0,3,0.0,0.0,0.0,0,0,0.0,0.0,0.0,0.0,0.17499999999999954,0.8149999999999991,3.5949999999999998,4.085,4.795,4.795,0.175,0.6399999999999999,0.0
2025-02-10,51,3,1017.0,17,0.058823529411764705,2.0,1.0,0,1,0.0,0.0,0.0,0.0,0.0,0.0,0.8149999999999995,3.5950000000000006,4.795,4.795,0.0,0.0,0.175
2025-02-11,9,1,109.0,3,0.1111111111111111,1.0,1.0,0,1,0.02,0.01,0.015,0.02,0.014999999999999555,0.014999999999999111,0.18999999999999956,0.8300000000000003,4.8100000000000005,4.8100000000000005,0.0,0.0,0.0
2025-02-12,3,1,1607.0,1,0.3333333333333333,1.0,1.0,0,1,0.23,0.31,0.27,0.31,0.2849999999999996,0.28499999999999914,0.2849999999999996,1.1000000000000003,5.08,5.08,0.015,0.0,0.0
2025-02-13,45,16,24196.0,15,0.35555555555555557,10.0,3.0,1,1,1.91,1.66,1.785,1.91,2.0549999999999997,2.069999999999999,2.0699999999999994,2.245,6.865,6.865,0.27,0.015,0.0
2025-02-14,39,7,14136.0,13,0.1794871794871795,3.0,2.0,1,1,0.01,0.03,0.02,0.03,1.8049999999999995,2.074999999999999,2.0899999999999994,2.0900000000000003,6.67,6.885,1.785,0.27,0.015
2025-02-15,12,4,262.0,4,0.3333333333333333,3.0,2.0,1,1,0.0,0.0,0.0,0.0,0.019999999999999556,1.804999999999999,2.0899999999999994,2.0900000000000003,6.175,6.885,0.02,1.785,0.27
2025-02-16,9,2,262.0,3,0.2222222222222222,2.0,1.0,0,1,0.0,0.0,0.0,0.0,0.0,0.019999999999999334,2.0749999999999993,2.0900000000000003,5.93,6.885,0.0,0.02,1.785
2025-02-17,6,0,63.0,2,0.0,0.0,0.0,0,0,0.0,0.0,0.0,0.0,0.0,0.0,1.8049999999999995,2.0900000000000003,5.685,6.885,0.0,0.0,0.02
2025-02-18,51,0,63.0,17,0.0,0.0,0.0,0,0,0.0,0.0,0.0,0.0,0.0,0.0,0.01999999999999978,2.075,2.905,6.885,0.0,0.0,0.0
2025-02-24,51,2,266.0,17,0.0392156862745098,2.0,1.0,0,1,0.01,0.0,0.005,0.01,0.004999999999999556,0.004999999999999334,0.009999999999999778,0.030000000000000443,2.1199999999999997,6.915,0.0,0.0,0.0
2025-02-25,6,1,135.0,2,0.16666666666666666,1.0,1.0,0,1,0.0,0.0,0.0,0.0,0.004999999999999556,0.004999999999999334,0.004999999999999778,0.030000000000000443,2.1049999999999995,6.915,0.005,0.0,0.0
2025-02-26,3,0,5.0,1,0.0,0.0,0.0,0,0,0.0,0.0,0.0,0.0,0.0,0.004999999999999334,0.004999999999999778,0.010000000000000444,1.835,6.915,0.0,0.005,0.0
2025-03-03,60,2,3448.0,17,0.03333333333333333,2.0,1.0,0,1,0.0,0.0,0.0,0.0,0.08499999999999955,0.10499999999999933,0.10499999999999977,0.10500000000000043,0.135,6.3100000000000005,0.08499999999999999,0.02,0.0
2025-03-04,6,0,41.0,2,0.0,0.0,0.0,0,0,0.0,0.0,0.0,0.0,0.0,0.08499999999999933,0.10499999999999977,0.10500000000000043,0.135,6.065,0.0,0.08499999999999999,0.02
2025-03-10,51,2,1354.0,17,0.0392156862745098,2.0,2.0,0,1,0.0,0.0,0.0,0.0,0.0,0.0,0.029999999999999777,0.030000000000000443,0.135,2.255,0.0,0.0,0.0
2025-03-11,6,0,10.0,2,0.0,0.0,0.0,0,0,0.0,0.0,0.0,0.0,0.0,0.0,0.0,0.030000000000000443,0.135,2.255,0.0,0.0,0.0
2025-03-17,51,1,313.0,17,0.0196078431372549,1.0,1.0,0,1,0.1,0.14,0.12000000000000001,0.14,0.3399999999999996,0.33999999999999936,1.015,1.4600000000000004,1.49,1.625,0.22,0.0,0.55
2025-03-18,3,0,20.0,1,0.0,0.0,0.0,0,0,0.0,0.0,0.0,0.0,0.11999999999999957,0.33999999999999936,0.8899999999999998,1.4600000000000004,1.49,1.625,0.12000000000000001,0.22,0.0
2025-03-24,51,1,443.0,17,0.0196078431372549,1.0,1.0,0,1,0.0,0.0,0.0,0.0,0.0,0.0,0.0,0.0,1.46,1.6,0.0,0.0,0.0
2025-03-25,3,0,5.0,1,0.0,0.0,0.0,0,0,0.0,0.0,0.0,0.0,0.0,0.0,0.0,0.0,1.46,1.6,0.0,0.0,0.0
2025-03-31,51,7,565.0,17,0.13725490196078433,5.0,1.0,0,1,0.33,0.08,0.20500000000000002,0.33,0.24999999999999956,0.24999999999999933,0.35499999999999976,0.3550000000000004,0.35500000000000004,1.93,0.045,0.0,0.015
2025-04-01,15,0,98.0,5,0.0,0.0,0.0,0,0,0.13,0.09,0.11,0.13,0.31499999999999956,0.3599999999999993,0.37499999999999983,0.46500000000000047,0.465,1.9549999999999998,0.20500000000000002,0.045,0.0
2025-04-07,51,1,226.0,17,0.0196078431372549,1.0,1.0,0,1,0.09,0.06,0.075,0.09,0.07499999999999955,0.07499999999999933,0.07499999999999978,0.18500000000000044,0.54,2.0,0.0,0.0,0.0
2025-04-08,3,0,5.0,1,0.0,0.0,0.0,0,0,0.0,0.0,0.0,0.0,0.07499999999999955,0.07499999999999933,0.07499999999999978,0.07500000000000044,0.54,2.0,0.075,0.0,0.0
2025-04-14,51,0,52.0,17,0.0,0.0,0.0,0,0,0.0,0.0,0.0,0.0,0.0,0.0,0.0,0.0,0.185,0.88,0.0,0.0,0.0
2025-04-21,51,0,41.0,17,0.0,0.0,0.0,0,0,0.0,0.0,0.0,0.0,0.0,0.0,0.014999999999999777,0.015000000000000444,0.015,0.555,0.0,0.0,0.0
2025-04-28,51,2,332.0,17,0.0392156862745098,2.0,2.0,0,1,0.0,0.0,0.0,0.0,0.004999999999999556,0.03499999999999933,0.034999999999999774,0.03500000000000044,0.049999999999999996,0.485,0.005,0.03,0.0
2025-04-29,6,2,231.0,2,0.3333333333333333,2.0,2.0,0,1,0.0,0.0,0.0,0.0,0.0,0.004999999999999334,0.034999999999999774,0.03500000000000044,0.049999999999999996,0.44,0.0,0.005,0.03
2025-04-30,6,0,31.0,2,0.0,0.0,0.0,0,0,0.0,0.0,0.0,0.0,0.0,0.0,0.034999999999999774,0.03500000000000044,0.049999999999999996,0.235,0.0,0.0,0.005
2025-05-05,51,1,279.0,17,0.0196078431372549,1.0,1.0,0,1,0.0,0.0,0.0,0.0,0.0,0.0,0.0,0.0,0.034999999999999996,0.125,0.0,0.0,0.0
2025-05-06,3,0,10.0,1,0.0,0.0,0.0,0,0,0.0,0.0,0.0,0.0,0.0,0.0,0.0,0.0,0.034999999999999996,0.125,0.0,0.0,0.0
2025-05-12,51,1,110.0,17,0.0196078431372549,1.0,1.0,0,1,0.15,0.12,0.135,0.15,0.13499999999999956,0.13499999999999934,0.1349999999999998,0.13500000000000045,0.135,0.185,0.0,0.0,0.0
2025-05-13,3,0,5.0,1,0.0,0.0,0.0,0,0,0.0,0.0,0.0,0.0,0.13499999999999956,0.13499999999999934,0.1349999999999998,0.13500000000000045,0.135,0.185,0.135,0.0,0.0
2025-05-19,51,0,20.0,17,0.0,0.0,0.0,0,0,0.0,0.0,0.0,0.0,0.0,0.0,0.0,0.0,0.135,0.16999999999999998,0.0,0.0,0.0
2025-05-27,51,0,10.0,17,0.0,0.0,0.0,0,0,0.0,0.0,0.0,0.0,0.004999999999999556,0.004999999999999334,0.004999999999999778,0.005000000000000444,0.005,0.14,0.005,0.0,0.0
2025-06-02,51,0,52.0,17,0.0,0.0,0.0,0,0,0.0,0.0,0.0,0.0,0.0,0.0,0.0,0.0,0.005,0.14,0.0,0.0,0.0
2025-06-09,51,1,504.0,17,0.0196078431372549,1.0,1.0,0,1,0.0,0.0,0.0,0.0,0.0,0.0,0.0,0.0,0.0,0.14,0.0,0.0,0.0
2025-06-10,3,0,10.0,1,0.0,0.0,0.0,0,0,0.0,0.0,0.0,0.0,0.0,0.0,0.0,0.0,0.0,0.14,0.0,0.0,0.0
2025-06-16,51,1,146.0,17,0.0196078431372549,1.0,1.0,0,1,0.0,0.0,0.0,0.0,0.0,0.0,0.0,0.0,0.0,0.005,0.0,0.0,0.0
2025-06-17,3,0,10.0,1,0.0,0.0,0.0,0,0,0.0,0.0,0.0,0.0,0.0,0.0,0.0,0.0,0.0,0.005,0.0,0.0,0.0
2025-06-23,51,0,52.0,17,0.0,0.0,0.0,0,0,0.0,0.0,0.0,0.0,0.0,0.0,0.0,0.0,0.0,0.005,0.0,0.0,0.0
2025-06-30,51,0,86.0,17,0.0,0.0,0.0,0,0,0.0,0.0,0.0,0.0,0.0,0.0,0.0,0.015000000000000444,0.015,0.015,0.0,0.0,0.0
2025-07-07,51,0,31.0,17,0.0,0.0,0.0,0,0,0.0,0.0,0.0,0.0,0.0,0.0,0.0,0.0,0.015,0.015,0.0,0.0,0.0
2025-07-14,51,1,74.0,17,0.0196078431372549,1.0,1.0,0,1,0.0,0.01,0.005,0.01,0.004999999999999556,0.004999999999999334,0.004999999999999778,0.005000000000000444,0.005,0.02,0.0,0.0,0.0
2025-07-15,3,0,30.0,1,0.0,0.0,0.0,0,0,0.0,0.0,0.0,0.0,0.004999999999999556,0.004999999999999334,0.004999999999999778,0.005000000000000444,0.005,0.02,0.005,0.0,0.0
2025-07-21,51,3,336.0,17,0.058823529411764705,2.0,2.0,0,1,0.02,0.02,0.02,0.02,0.024999999999999557,0.024999999999999335,0.02499999999999978,0.025000000000000445,0.03,0.045,0.005,0.0,0.0
2025-07-22,6,0,75.0,2,0.0,0.0,0.0,0,0,0.01,0.0,0.005,0.01,0.024999999999999557,0.029999999999999336,0.02999999999999978,0.030000000000000446,0.035,0.05,0.02,0.005,0.0
2025-07-28,51,1,158.0,17,0.0196078431372549,1.0,1.0,0,1,0.0,0.0,0.0,0.0,0.00999999999999956,0.029999999999999333,0.03999999999999978,0.04500000000000044,0.06999999999999999,0.075,0.01,0.02,0.01
2025-07-29,3,0,31.0,1,0.0,0.0,0.0,0,0,0.0,0.0,0.0,0.0,0.0,0.009999999999999338,0.03999999999999978,0.040000000000000445,0.06999999999999999,0.075,0.0,0.01,0.02
2025-08-04,51,1,269.0,17,0.0196078431372549,1.0,1.0,0,1,0.0,0.0,0.0,0.0,0.0,0.0,0.0,0.0,0.045000000000000005,0.075,0.0,0.0,0.0
2025-08-05,3,1,109.0,1,0.3333333333333333,1.0,1.0,0,1,0.0,0.0,0.0,0.0,0.0,0.0,0.0,0.0,0.04000000000000001,0.075,0.0,0.0,0.0
2025-08-06,3,0,52.0,1,0.0,0.0,0.0,0,0,0.0,0.0,0.0,0.0,0.0,0.0,0.0,0.0,0.04000000000000001,0.075,0.0,0.0,0.0
2025-08-11,51,1,6131.0,17,0.0196078431372549,1.0,1.0,0,1,0.0,0.0,0.0,0.0,0.0,0.0,0.0,0.0,0.0,0.075,0.0,0.0,0.0
2025-08-12,3,1,249.0,1,0.3333333333333333,1.0,1.0,0,1,0.0,0.0,0.0,0.0,0.0,0.0,0.0,0.0,0.0,0.075,0.0,0.0,0.0
2025-08-13,3,1,292.0,1,0.3333333333333333,1.0,1.0,0,1,0.01,0.01,0.01,0.01,0.00999999999999956,0.009999999999999338,0.009999999999999778,0.010000000000000444,0.010000000000000004,0.08,0.0,0.0,0.0
2025-08-14,3,1,504.0,1,0.3333333333333333,1.0,1.0,0,1,0.0,0.0,0.0,0.0,0.00999999999999956,0.009999999999999338,0.009999999999999778,0.010000000000000444,0.010000000000000004,0.08,0.01,0.0,0.0
2025-08-15,3,0,85.0,1,0.0,0.0,0.0,0,0,0.0,0.0,0.0,0.0,0.0,0.009999999999999338,0.009999999999999778,0.010000000000000444,0.010000000000000004,0.08,0.0,0.01,0.0
2025-08-18,51,4,377.0,17,0.0784313725490196,3.0,2.0,1,1,0.0,0.0,0.0,0.0,0.0,0.039999999999999335,0.03999999999999978,0.05000000000000045,0.05,0.12,0.0,0.04,0.0
2025-08-19,6,1,52.0,2,0.16666666666666666,1.0,1.0,0,1,0.0,0.0,0.0,0.0,0.0,0.0,0.03999999999999978,0.05000000000000045,0.05,0.115,0.0,0.0,0.04
2025-08-20,6,2,496.0,2,0.3333333333333333,1.0,1.0,0,1,0.0,0.0,0.0,0.0,0.0,0.0,0.03999999999999978,0.040000000000000445,0.05,0.095,0.0,0.0,0.0
2025-08-21,3,2,3044.0,1,0.6666666666666666,1.0,1.0,0,1,0.0,0.0,0.0,0.0,0.0,0.0,0.0,0.040000000000000445,0.05,0.09,0.0,0.0,0.0
2025-08-22,3,3,228.0,1,1.0,1.0,1.0,0,1,0.0,0.0,0.0,0.0,0.0,0.0,0.0,0.040000000000000445,0.05,0.09,0.0,0.0,0.0
2025-08-23,3,2,364.0,1,0.6666666666666666,1.0,1.0,0,1,0.0,0.0,0.0,0.0,0.0,0.0,0.0,0.0,0.05,0.09,0.0,0.0,0.0
2025-08-24,3,2,325.0,1,0.6666666666666666,1.0,1.0,0,1,0.0,0.0,0.0,0.0,0.0,0.0,0.0,0.0,0.05,0.08,0.0,0.0,0.0
2025-08-25,51,1,31.0,17,0.0196078431372549,1.0,1.0,0,1,0.0,0.0,0.0,0.0,0.0,0.0,0.0,0.0,0.05,0.06,0.0,0.0,0.0
2025-08-26,3,1,20.0,1,0.3333333333333333,1.0,1.0,0,1,0.0,0.0,0.0,0.0,0.0,0.0,0.0,0.0,0.05,0.05,0.0,0.0,0.0
2025-08-27,3,2,484.0,1,0.6666666666666666,1.0,1.0,0,1,0.0,0.0,0.0,0.0,0.0,0.0,0.0,0.0,0.04,0.05,0.0,0.0,0.0
2025-08-28,3,0,63.0,1,0.0,0.0,0.0,0,0,0.0,0.0,0.0,0.0,0.0,0.0,0.0,0.0,0.04,0.05,0.0,0.0,0.0
2025-09-02,51,1,72.0,17,0.0196078431372549,1.0,1.0,0,1,0.0,0.0,0.0,0.0,0.0,0.0,0.0,0.0,0.0,0.05,0.0,0.0,0.0
2025-09-03,3,0,10.0,1,0.0,0.0,0.0,0,0,0.0,0.0,0.0,0.0,0.0,0.0,0.0,0.0,0.0,0.05,0.0,0.0,0.0
2025-09-08,51,2,246.0,17,0.0392156862745098,2.0,2.0,0,1,0.03,0.0,0.015,0.03,0.014999999999999555,0.014999999999999333,0.014999999999999777,0.015000000000000444,0.015,0.065,0.0,0.0,0.0
2025-09-09,6,0,41.0,2,0.0,0.0,0.0,0,0,0.03,0.0,0.015,0.03,0.03,0.029999999999999333,0.029999999999999777,0.030000000000000443,0.03,0.08,0.015,0.0,0.0
2025-09-15,51,0,20.0,17,0.0,0.0,0.0,0,0,0.0,0.0,0.0,0.0,0.0,0.0,0.0,0.025000000000000445,0.04,0.04,0.0,0.0,0.0
2025-09-22,51,1,288.0,17,0.0196078431372549,1.0,1.0,0,1,0.0,,0.0,0.0,0.0,0.0,0.0,0.0,0.025,0.04,0.0,0.0,0.0
2025-09-23,3,0,5.0,1,0.0,0.0,0.0,0,0,0.0,,0.0,0.0,0.0,0.0,0.0,0.0,0.01,0.04,0.0,0.0,0.0
2025-09-29,51,0,41.0,17,0.0,0.0,0.0,0,0,0.02,,0.02,0.02,0.019999999999999556,0.019999999999999334,0.01999999999999978,0.020000000000000445,0.02,0.06,0.0,0.0,0.0
2025-10-06,48,4,265.0,16,0.08333333333333333,3.0,1.0,0,1,0.0,0.0,0.0,0.0,0.0,0.0,0.07499999999999979,0.13500000000000045,0.15500000000000003,0.195,0.0,0.0,0.0
2025-10-07,9,1,988.0,3,0.1111111111111111,1.0,1.0,0,1,0.0,0.0,0.0,0.0,0.0,0.0,0.0,0.12500000000000044,0.15500000000000003,0.195,0.0,0.0,0.0
2025-10-08,3,1,160.0,1,0.3333333333333333,1.0,1.0,0,1,0.0,0.0,0.0,0.0,0.0,0.0,0.0,0.07500000000000046,0.15500000000000003,0.18,0.0,0.0,0.0
2025-10-09,3,0,10.0,1,0.0,0.0,0.0,0,0,0.0,0.0,0.0,0.0,0.0,0.0,0.0,0.0,0.15500000000000003,0.165,0.0,0.0,0.0
2025-10-14,51,12,2035.0,17,0.23529411764705882,7.0,3.0,1,1,0.0,0.0,0.0,0.0,0.6849999999999996,0.6849999999999994,0.6849999999999998,0.6850000000000005,0.81,0.8400000000000001,0.685,0.0,0.0
2025-10-15,21,2,52.0,7,0.09523809523809523,1.0,1.0,0,1,0.0,0.0,0.0,0.0,0.0,0.6849999999999994,0.6849999999999998,0.6850000000000005,0.76,0.8400000000000001,0.0,0.685,0.0
2025-10-16,3,1,63.0,1,0.3333333333333333,1.0,1.0,0,1,0.0,0.0,0.0,0.0,0.0,0.0,0.6849999999999998,0.6850000000000005,0.685,0.8400000000000001,0.0,0.0,0.685
2025-10-17,3,0,10.0,1,0.0,0.0,0.0,0,0,0.0,0.0,0.0,0.0,0.0,0.0,0.6849999999999998,0.6850000000000005,0.685,0.8400000000000001,0.0,0.0,0.0
2025-10-20,51,8,384.0,17,0.1568627450980392,6.0,1.0,0,1,0.0,0.0,0.0,0.0,0.0,0.0,0.0,0.0,0.685,0.8400000000000001,0.0,0.0,0.0
2025-10-21,18,0,85.0,6,0.0,0.0,0.0,0,0,0.0,0.0,0.0,0.0,0.0,0.0,0.0,0.0,0.685,0.8400000000000001,0.0,0.0,0.0
2025-10-27,51,1,195.0,17,0.0196078431372549,1.0,1.0,0,1,0.0,0.0,0.0,0.0,0.044999999999999554,0.10499999999999933,0.10499999999999977,0.10500000000000044,0.105,0.9450000000000001,0.045,0.06,0.0
2025-10-28,3,0,20.0,1,0.0,0.0,0.0,0,0,0.0,0.0,0.0,0.0,0.0,0.04499999999999933,0.10499999999999977,0.10500000000000044,0.105,0.9450000000000001,0.0,0.045,0.06
2025-11-03,48,8,1421.0,16,0.16666666666666666,6.0,3.0,1,1,0.0,0.0,0.0,0.0,0.0,0.0,0.0,0.0,0.105,0.79,0.0,0.0,0.0
2025-11-04,18,3,638.0,6,0.16666666666666666,2.0,2.0,0,1,0.0,0.0,0.0,0.0,0.0,0.0,0.0,0.0,0.105,0.79,0.0,0.0,0.0
2025-11-05,6,4,3282.0,2,0.6666666666666666,2.0,2.0,0,1,0.08,0.06,0.07,0.08,0.06999999999999956,0.06999999999999934,0.06999999999999978,0.07000000000000045,0.175,0.8600000000000001,0.0,0.0,0.0
2025-11-06,6,0,52.0,2,0.0,0.0,0.0,0,0,0.0,0.0,0.0,0.0,0.06999999999999956,0.06999999999999934,0.06999999999999978,0.07000000000000045,0.175,0.8600000000000001,0.07,0.0,0.0
2025-11-10,60,1,1198.0,17,0.016666666666666666,1.0,1.0,0,1,0.0,0.0,0.0,0.0,0.0,0.004999999999999334,0.004999999999999778,0.07500000000000046,0.07500000000000001,0.8650000000000001,0.0,0.005,0.0
2025-11-11,3,2,594.0,1,0.6666666666666666,1.0,1.0,0,1,0.0,0.0,0.0,0.0,0.0,0.0,0.004999999999999778,0.07500000000000046,0.07500000000000001,0.8650000000000001,0.0,0.0,0.005
2025-11-12,3,1,1396.0,1,0.3333333333333333,1.0,1.0,0,1,0.0,0.0,0.0,0.0,0.0,0.0,0.004999999999999778,0.005000000000000444,0.07500000000000001,0.18,0.0,0.0,0.0
2025-11-13,51,30,24196.0,17,0.5882352941176471,15.0,3.0,1,1,1.28,1.58,1.4300000000000002,1.58,1.4299999999999997,1.4299999999999995,1.43,1.4350000000000005,1.5050000000000001,1.61,0.0,0.0,0.0
2025-11-14,45,6,24196.0,15,0.13333333333333333,2.0,2.0,0,1,0.0,0.0,0.0,0.0,1.4299999999999997,1.4299999999999995,1.43,1.4350000000000005,1.5050000000000001,1.61,1.4300000000000002,0.0,0.0
2025-11-15,8,6,24196.0,2,0.75,2.0,2.0,0,1,0.03,0.05,0.04,0.05,0.03999999999999956,1.4699999999999995,1.47,1.4700000000000006,1.5450000000000002,1.6500000000000001,0.0,1.4300000000000002,0.0
2025-11-16,6,6,631.0,2,1.0,2.0,2.0,0,1,0.2,0.4,0.30000000000000004,0.4,0.3399999999999996,0.33999999999999936,1.77,1.7700000000000007,1.8450000000000002,1.9500000000000002,0.04,0.0,1.4300000000000002
2025-11-17,51,14,14136.0,17,0.27450980392156865,10.0,3.0,1,1,0.67,0.31,0.49,0.67,0.7899999999999996,0.8299999999999994,2.26,2.2600000000000007,2.335,2.44,0.30000000000000004,0.04,0.0
2025-11-18,30,3,1607.0,10,0.1,1.0,1.0,0,1,0.0,0.0,0.0,0.0,0.48999999999999955,0.7899999999999994,0.8299999999999998,2.2600000000000007,2.335,2.44,0.49,0.30000000000000004,0.04
2025-11-19,3,0,41.0,1,0.0,0.0,0.0,0,0,0.0,0.0,0.0,0.0,0.0,0.4899999999999993,0.8299999999999998,2.2600000000000007,2.265,2.44,0.0,0.49,0.30000000000000004
2025-11-21,6,0,41.0,2,0.0,0.0,0.0,0,0,0.0,0.0,0.0,0.0,0.23499999999999954,0.23499999999999932,0.7249999999999996,1.0650000000000004,2.5000000000000004,2.6750000000000003,0.235,0.0,0.0
2025-11-24,51,1,158.0,17,0.0196078431372549,1.0,1.0,0,1,0.0,0.0,0.0,0.0,0.0,0.0,0.23499999999999976,0.23500000000000043,2.495,2.615,0.0,0.0,0.0
2025-11-25,3,0,5.0,1,0.0,0.0,0.0,0,0,0.0,0.0,0.0,0.0,0.0,0.0,0.0,0.23500000000000043,2.495,2.5700000000000003,0.0,0.0,0.0
2025-12-01,51,4,309.0,17,0.0784313725490196,3.0,2.0,1,1,0.0,0.0,0.0,0.0,0.0,0.0,0.0,0.0,0.235,2.5700000000000003,0.0,0.0,0.0
2025-12-02,9,0,20.0,3,0.0,0.0,0.0,0,0,0.0,0.0,0.0,0.0,0.0,0.0,0.0,0.0,0.235,2.5700000000000003,0.0,0.0,0.0
2025-12-08,51,1,95.0,17,0.0196078431372549,1.0,1.0,0,1,0.0,0.0,0.0,0.0,0.0,0.0,0.0,0.0,0.0,2.495,0.0,0.0,0.0
2025-12-09,3,0,20.0,1,0.0,0.0,0.0,0,0,0.0,0.0,0.0,0.0,0.0,0.0,0.0,0.0,0.0,2.495,0.0,0.0,0.0
2025-12-15,51,3,613.0,17,0.058823529411764705,3.0,2.0,1,1,0.0,0.0,0.0,0.0,0.0,0.0,0.0,0.0,0.0,1.025,0.0,0.0,0.0
2025-12-16,9,0,30.0,3,0.0,0.0,0.0,0,0,0.0,0.0,0.0,0.0,0.0,0.0,0.0,0.0,0.0,0.7249999999999999,0.0,0.0,0.0
2025-12-22,60,32,24196.0,20,0.5333333333333333,15.0,3.0,1,1,1.82,0.96,1.3900000000000001,1.82,1.6249999999999996,1.7799999999999994,2.12,2.3150000000000004,2.3150000000000004,2.3150000000000004,0.235,0.15500000000000003,0.33999999999999997
2025-12-23,45,6,19863.0,15,0.13333333333333333,2.0,2.0,0,1,0.19,0.27,0.23,0.27,1.6199999999999997,1.8549999999999993,2.35,2.545000000000001,2.5450000000000004,2.5450000000000004,1.3900000000000001,0.235,0.15500000000000003
2025-12-24,9,7,24196.0,3,0.7777777777777778,3.0,2.0,1,1,0.73,1.14,0.9349999999999999,1.14,1.1649999999999996,2.5549999999999993,2.945,3.2850000000000006,3.48,3.48,0.23,1.3900000000000001,0.235
2025-12-25,36,13,24196.0,12,0.3611111111111111,5.0,2.0,1,1,0.68,1.05,0.865,1.05,1.7999999999999994,2.029999999999999,3.655,4.15,4.345,4.345,0.9349999999999999,0.23,1.3900000000000001
2025-12-26,15,6,10462.0,5,0.4,2.0,2.0,0,1,0.43,0.23,0.33,0.43,1.1949999999999996,2.129999999999999,3.75,4.140000000000001,4.675,4.675,0.865,0.9349999999999999,0.23
2025-12-27,18,6,1126.0,6,0.3333333333333333,2.0,2.0,0,1,0.0,0.0,0.0,0.0,0.32999999999999957,1.194999999999999,2.36,3.9850000000000008,4.675,4.675,0.33,0.865,0.9349999999999999
2025-12-28,6,0,41.0,2,0.0,0.0,0.0,0,0,0.0,0.0,0.0,0.0,0.0,0.3299999999999991,2.13,3.750000000000001,4.675,4.675,0.0,0.33,0.865
2025-12-29,51,3,120.0,17,0.058823529411764705,1.0,1.0,0,1,0.0,0.0,0.0,0.0,0.0,0.0,1.1949999999999996,2.3600000000000003,4.675,4.675,0.0,0.0,0.33
2025-12-30,3,0,20.0,1,0.0,0.0,0.0,0,0,0.0,0.0,0.0,0.0,0.0,0.0,0.3299999999999998,2.1300000000000003,4.675,4.675,0.0,0.0,0.0
2026-01-02,6,2,757.0,2,0.3333333333333333,2.0,1.0,0,1,0.26,0.18,0.22,0.26,0.8649999999999995,1.5699999999999992,1.5699999999999998,1.5700000000000005,5.71,6.245,0.645,0.7050000000000001,0.0
2026-01-03,24,3,473.0,6,0.125,3.0,1.0,0,1,0.1,0.16,0.13,0.16,0.34999999999999953,0.9949999999999991,1.7,1.7000000000000006,5.685,6.375,0.22,0.645,0.7050000000000001
2026-01-04,15,1,158.0,5,0.06666666666666667,1.0,1.0,0,1,0.48,0.37,0.425,0.48,0.5549999999999996,0.7749999999999991,2.125,2.1250000000000004,5.875,6.8,0.13,0.22,0.645
2026-01-05,51,3,987.0,17,0.058823529411764705,2.0,2.0,0,1,1.07,1.33,1.2000000000000002,1.33,1.6249999999999998,1.7549999999999994,2.62,3.3250000000000006,5.6850000000000005,8.0,0.425,0.13,0.22
2026-01-06,42,8,24196.0,14,0.19047619047619047,3.0,2.0,1,1,0.03,0.04,0.035,0.04,1.2349999999999997,1.6599999999999993,2.0100000000000002,3.3600000000000008,5.49,8.035,1.2000000000000002,0.425,0.13
2026-01-07,9,7,1500.0,3,0.7777777777777778,3.0,2.0,1,1,0.0,0.02,0.01,0.02,0.04499999999999956,1.2449999999999994,1.8,2.6650000000000005,4.565,8.045,0.035,1.2000000000000002,0.425
2026-01-08,9,2,86.0,3,0.2222222222222222,1.0,1.0,0,1,0.0,0.0,0.0,0.0,0.009999999999999556,0.04499999999999934,1.67,2.0200000000000005,3.7,8.045,0.01,0.035,1.2000000000000002
2026-01-09,3,0,20.0,1,0.0,0.0,0.0,0,0,0.0,0.0,0.0,0.0,0.0,0.009999999999999334,1.245,1.8000000000000005,3.37,8.045,0.0,0.01,0.035
2026-01-12,51,2,183.0,17,0.0392156862745098,2.0,1.0,0,1,0.0,0.0,0.0,0.0,0.0,0.0,0.0,0.04500000000000045,3.37,8.045,0.0,0.0,0.0
2026-01-13,7,1,108.0,2,0.14285714285714285,1.0,1.0,0,1,0.0,0.0,0.0,0.0,0.0,0.0,0.0,0.010000000000000444,3.37,8.045,0.0,0.0,0.0
2026-01-14,3,0,10.0,1,0.0,0.0,0.0,0,0,0.0,0.0,0.0,0.0,0.0,0.0,0.0,0.0,2.665,8.045,0.0,0.0,0.0
2026-01-20,51,2,504.0,17,0.0392156862745098,2.0,1.0,0,1,0.0,0.0,0.0,0.0,0.0,0.0,0.0,0.0,0.01,7.120000000000001,0.0,0.0,0.0
2026-01-21,3,0,10.0,1,0.0,0.0,0.0,0,0,0.0,0.0,0.0,0.0,0.0,0.0,0.0,0.0,0.0,5.73,0.0,0.0,0.0
2026-01-22,3,0,5.0,1,0.0,0.0,0.0,0,0,0.0,0.0,0.0,0.0,0.0,0.0,0.0,0.0,0.0,5.500000000000001,0.0,0.0,0.0
2026-01-26,51,2,336.0,17,0.0392156862745098,2.0,2.0,0,1,0.0,0.0,0.0,0.0,0.0,0.0,0.0,0.0,0.0,3.37,0.0,0.0,0.0
2026-01-27,3,0,10.0,1,0.0,0.0,0.0,0,0,0.03,0.01,0.02,0.03,0.019999999999999556,0.019999999999999334,0.02,0.020000000000000445,0.02,3.39,0.0,0.0,0.0
2026-01-28,3,0,5.0,1,0.0,0.0,0.0,0,0,0.1,0.05,0.07500000000000001,0.1,0.09499999999999957,0.09499999999999935,0.09500000000000001,0.09500000000000046,0.09500000000000001,3.4650000000000003,0.02,0.0,0.0
2026-02-02,51,2,183.0,17,0.0392156862745098,2.0,1.0,0,1,0.0,0.0,0.0,0.0,0.0,0.0,0.0,0.09500000000000046,0.09500000000000001,1.7650000000000001,0.0,0.0,0.0
2026-02-03,6,0,5.0,2,0.0,0.0,0.0,0,0,0.0,0.0,0.0,0.0,0.0,0.0,0.0,0.07500000000000046,0.09500000000000001,1.3400000000000003,0.0,0.0,0.0
2026-02-09,51,0,20.0,17,0.0,0.0,0.0,0,0,0.0,0.0,0.0,0.0,0.009999999999999556,0.009999999999999334,0.01,0.010000000000000444,0.10500000000000001,0.10500000000000023,0.01,0.0,0.0
2026-02-16,36,18,9804.0,12,0.5,10.0,2.0,1,1,1.07,0.0,0.535,1.07,0.7249999999999996,0.7349999999999994,0.7350000000000001,0.9750000000000005,0.9850000000000001,1.0800000000000003,0.19,0.01,0.0
2026-02-17,60,8,24196.0,20,0.13333333333333333,6.0,3.0,1,1,0.84,0.0,0.42,0.84,0.9549999999999996,1.1449999999999994,1.155,1.2650000000000003,1.405,1.5000000000000002,0.535,0.19,0.01
2026-02-18,30,4,5475.0,10,0.13333333333333333,2.0,2.0,0,1,0.37,0.0,0.185,0.37,0.6049999999999994,1.1399999999999992,1.3399999999999999,1.3400000000000003,1.5899999999999999,1.6850000000000003,0.42,0.535,0.19
2026-02-19,39,14,24196.0,13,0.358974358974359,6.0,2.0,1,1,0.77,0.0,0.385,0.77,0.5699999999999994,0.9899999999999992,1.7149999999999999,1.7250000000000003,1.975,2.0700000000000003,0.185,0.42,0.535
2026-02-20,18,4,1250.0,6,0.2222222222222222,2.0,2.0,0,1,0.0,0.0,0.0,0.0,0.38499999999999945,0.5699999999999992,1.525,1.7250000000000003,1.975,2.0700000000000003,0.385,0.185,0.42
2026-02-21,6,0,31.0,2,0.0,0.0,0.0,0,0,0.0,0.0,0.0,0.0,0.0,0.38499999999999923,0.9899999999999999,1.7150000000000003,1.975,2.0700000000000003,0.0,0.385,0.185
2026-02-23,51,3,663.0,17,0.058823529411764705,1.0,1.0,0,1,0.01,0.0,0.005,0.01,0.004999999999999445,0.004999999999999223,0.3899999999999999,0.9950000000000004,1.97,2.075,0.0,0.0,0.0
2026-02-24,3,0,31.0,1,0.0,0.0,0.0,0,0,0.29,0.0,0.145,0.29,0.14999999999999944,0.14999999999999922,0.14999999999999988,0.7200000000000004,1.9849999999999999,2.22,0.005,0.0,0.0
2026-02-27,3,0,10.0,1,0.0,0.0,0.0,0,0,0.0,,0.0,0.0,0.0,0.05999999999999922,0.20999999999999988,0.21000000000000044,1.935,2.185,0.0,0.06,0.145
2026-03-02,51,1,75.0,17,0.0196078431372549,1.0,1.0,0,1,0.06,,0.06,0.06,0.05999999999999944,0.05999999999999922,0.05999999999999989,0.26500000000000046,1.2599999999999998,2.245,0.0,0.0,0.0
2026-03-03,3,0,20.0,1,0.0,0.0,0.0,0,0,0.0,,0.0,0.0,0.05999999999999944,0.05999999999999922,0.05999999999999989,0.12000000000000044,0.84,2.245,0.06,0.0,0.0
2026-03-09,51,0,85.0,17,0.0,0.0,0.0,0,0,0.0,,0.0,0.0,0.0,0.0,0.0,0.0,0.2649999999999999,2.245,0.0,0.0,0.0
2026-03-16,51,1,41.0,17,0.0196078431372549,1.0,1.0,0,1,0.0,,0.0,0.0,0.0,0.0,0.0,0.0,0.0,1.9850000000000003,0.0,0.0,0.0
2026-03-17,3,0,5.0,1,0.0,0.0,0.0,0,0,0.0,,0.0,0.0,0.0,0.0,0.0,0.0,0.0,1.7950000000000004,0.0,0.0,0.0
2026-03-23,51,0,10.0,17,0.0,0.0,0.0,0,0,0.0,,0.0,0.0,0.0,0.0,0.0,0.0,0.0,0.27000000000000024,0.0,0.0,0.0
