first,last,n_days,year,stations,era
2000-01-03,2000-01-07,4,2000,"OCEAN#20_SL,OCEAN#21_SL",routine (stations sampled weekly)
2000-01-10,2000-01-13,3,2000,"OCEAN#20_SL,OCEAN#21_SL",routine (stations sampled weekly)
2000-01-18,2000-01-20,3,2000,"OCEAN#20_SL,OCEAN#21_SL",routine (stations sampled weekly)
2000-01-23,2000-01-26,4,2000,"OCEAN#20_SL,OCEAN#21_SL,OCEAN#22_SL",routine (stations sampled weekly)
2000-02-02,2000-02-04,3,2000,"OCEAN#20_SL,OCEAN#21_SL",routine (stations sampled weekly)
2000-02-07,2000-02-17,8,2000,"OCEAN#20_SL,OCEAN#21_SL,OCEAN#22_SL",routine (stations sampled weekly)
2000-02-23,2000-02-25,3,2000,"OCEAN#20_SL,OCEAN#21_SL",routine (stations sampled weekly)
2000-02-28,2000-03-02,3,2000,"OCEAN#20_SL,OCEAN#21_SL",routine (stations sampled weekly)
2000-03-06,2000-03-09,3,2000,"OCEAN#20_SL,OCEAN#21_SL",routine (stations sampled weekly)
2000-03-13,2000-03-16,4,2000,"OCEAN#20_SL,OCEAN#21_SL",routine (stations sampled weekly)
2000-03-20,2000-03-23,3,2000,"OCEAN#20_SL,OCEAN#21_SL",routine (stations sampled weekly)
2000-03-27,2000-03-30,3,2000,"OCEAN#20_SL,OCEAN#21_SL",routine (stations sampled weekly)
2000-04-03,2000-04-06,3,2000,"OCEAN#20_SL,OCEAN#21_SL",routine (stations sampled weekly)
2000-04-10,2000-04-13,3,2000,"OCEAN#20_SL,OCEAN#21_SL",routine (stations sampled weekly)
2000-04-17,2000-04-20,4,2000,"OCEAN#20_SL,OCEAN#21_SL,OCEAN#22_SL",routine (stations sampled weekly)
2000-04-24,2000-04-27,3,2000,"OCEAN#20_SL,OCEAN#21_SL",routine (stations sampled weekly)
2000-05-01,2000-05-04,3,2000,"OCEAN#20_SL,OCEAN#21_SL",routine (stations sampled weekly)
2000-05-08,2000-05-10,3,2000,"OCEAN#20_SL,OCEAN#21_SL",routine (stations sampled weekly)
2000-05-15,2000-05-17,3,2000,"OCEAN#20_SL,OCEAN#21_SL",routine (stations sampled weekly)
2000-05-22,2000-05-22,1,2000,"OCEAN#20_SL,OCEAN#21_SL",routine (stations sampled weekly)
2000-05-25,2000-05-26,2,2000,"OCEAN#20_SL,OCEAN#21_SL",routine (stations sampled weekly)
2000-05-31,2000-06-02,3,2000,"OCEAN#20_SL,OCEAN#21_SL",routine (stations sampled weekly)
2000-06-05,2000-06-07,3,2000,"OCEAN#20_SL,OCEAN#21_SL",routine (stations sampled weekly)
2000-06-12,2000-06-16,3,2000,"OCEAN#20_SL,OCEAN#21_SL",routine (stations sampled weekly)
2000-06-19,2000-06-21,3,2000,"OCEAN#20_SL,OCEAN#21_SL",routine (stations sampled weekly)
2000-06-26,2000-06-29,3,2000,"OCEAN#20_SL,OCEAN#21_SL",routine (stations sampled weekly)
2000-07-03,2000-07-03,1,2000,"OCEAN#20_SL,OCEAN#21_SL",routine (stations sampled weekly)
2000-07-06,2000-07-07,2,2000,"OCEAN#20_SL,OCEAN#21_SL",routine (stations sampled weekly)
2000-07-10,2000-07-13,3,2000,"OCEAN#20_SL,OCEAN#21_SL",routine (stations sampled weekly)
2000-07-17,2000-07-20,3,2000,"OCEAN#20_SL,OCEAN#21_SL",routine (stations sampled weekly)
2000-07-24,2000-07-27,3,2000,"OCEAN#20_SL,OCEAN#21_SL",routine (stations sampled weekly)
2000-07-31,2000-08-03,3,2000,"OCEAN#20_SL,OCEAN#21_SL",routine (stations sampled weekly)
2000-08-07,2000-08-10,3,2000,"OCEAN#20_SL,OCEAN#21_SL",routine (stations sampled weekly)
2000-08-14,2000-08-17,3,2000,"OCEAN#20_SL,OCEAN#21_SL",routine (stations sampled weekly)
2000-08-21,2000-08-24,3,2000,"OCEAN#20_SL,OCEAN#21_SL",routine (stations sampled weekly)
2000-08-28,2000-08-31,3,2000,"OCEAN#20_SL,OCEAN#21_SL",routine (stations sampled weekly)
2000-09-06,2000-09-08,3,2000,"OCEAN#20_SL,OCEAN#21_SL",routine (stations sampled weekly)
2000-09-11,2000-09-13,3,2000,"OCEAN#20_SL,OCEAN#21_SL",routine (stations sampled weekly)
2000-09-18,2000-09-21,3,2000,"OCEAN#20_SL,OCEAN#21_SL",routine (stations sampled weekly)
2000-09-25,2000-09-27,3,2000,"OCEAN#20_SL,OCEAN#21_SL",routine (stations sampled weekly)
2000-10-02,2000-10-05,3,2000,"OCEAN#20_SL,OCEAN#21_SL",routine (stations sampled weekly)
2000-10-11,2000-10-13,3,2000,"OCEAN#20_SL,OCEAN#21_SL",routine (stations sampled weekly)
2000-10-16,2000-10-19,3,2000,"OCEAN#20_SL,OCEAN#21_SL",routine (stations sampled weekly)
2000-10-23,2000-10-26,3,2000,"OCEAN#20_SL,OCEAN#21_SL",routine (stations sampled weekly)
2000-10-30,2000-11-02,3,2000,"OCEAN#20_SL,OCEAN#21_SL",routine (stations sampled weekly)
2000-11-06,2000-11-09,3,2000,"OCEAN#20_SL,OCEAN#21_SL",routine (stations sampled weekly)
2000-11-13,2000-11-16,3,2000,"OCEAN#20_SL,OCEAN#21_SL",routine (stations sampled weekly)
2000-11-20,2000-11-22,3,2000,"OCEAN#20_SL,OCEAN#21_SL",routine (stations sampled weekly)
2000-11-27,2000-11-30,3,2000,"OCEAN#20_SL,OCEAN#21_SL",routine (stations sampled weekly)
2000-12-04,2000-12-07,3,2000,"OCEAN#20_SL,OCEAN#21_SL",routine (stations sampled weekly)
2000-12-11,2000-12-14,3,2000,"OCEAN#20_SL,OCEAN#21_SL",routine (stations sampled weekly)
2000-12-18,2000-12-21,3,2000,"OCEAN#20_SL,OCEAN#21_SL",routine (stations sampled weekly)
2000-12-26,2000-12-29,3,2000,"OCEAN#20_SL,OCEAN#21_SL",routine (stations sampled weekly)
2001-01-02,2001-01-05,3,2001,"OCEAN#20_SL,OCEAN#21_SL",routine (stations sampled weekly)
2001-01-08,2001-01-11,3,2001,"OCEAN#20_SL,OCEAN#21_SL",routine (stations sampled weekly)
2001-01-16,2001-01-19,3,2001,"OCEAN#20_SL,OCEAN#21_SL",routine (stations sampled weekly)
2001-01-22,2001-01-25,3,2001,"OCEAN#20_SL,OCEAN#21_SL",routine (stations sampled weekly)
2001-01-29,2001-02-01,3,2001,"OCEAN#20_SL,OCEAN#21_SL",routine (stations sampled weekly)
2001-02-05,2001-02-08,3,2001,"OCEAN#20_SL,OCEAN#21_SL",routine (stations sampled weekly)
2001-02-12,2001-02-15,3,2001,"OCEAN#20_SL,OCEAN#21_SL",routine (stations sampled weekly)
2001-02-20,2001-02-23,3,2001,"OCEAN#20_SL,OCEAN#21_SL",routine (stations sampled weekly)
2001-02-26,2001-03-01,3,2001,"OCEAN#20_SL,OCEAN#21_SL",routine (stations sampled weekly)
2001-03-05,2001-03-08,3,2001,"OCEAN#20_SL,OCEAN#21_SL",routine (stations sampled weekly)
2001-03-12,2001-03-15,3,2001,"OCEAN#20_SL,OCEAN#21_SL",routine (stations sampled weekly)
2001-03-19,2001-03-22,3,2001,"OCEAN#20_SL,OCEAN#21_SL",routine (stations sampled weekly)
2001-03-26,2001-03-29,3,2001,"OCEAN#20_SL,OCEAN#21_SL",routine (stations sampled weekly)
2001-04-02,2001-04-05,3,2001,"OCEAN#20_SL,OCEAN#21_SL",routine (stations sampled weekly)
2001-04-09,2001-04-09,1,2001,"OCEAN#20_SL,OCEAN#21_SL",routine (stations sampled weekly)
2001-04-12,2001-04-13,2,2001,"OCEAN#20_SL,OCEAN#21_SL",routine (stations sampled weekly)
2001-04-16,2001-04-19,3,2001,"OCEAN#20_SL,OCEAN#21_SL",routine (stations sampled weekly)
2001-04-23,2001-04-23,1,2001,"OCEAN#20_SL,OCEAN#21_SL",routine (stations sampled weekly)
2001-04-26,2001-04-27,2,2001,"OCEAN#20_SL,OCEAN#21_SL",routine (stations sampled weekly)
2001-04-30,2001-05-03,3,2001,"OCEAN#20_SL,OCEAN#21_SL",routine (stations sampled weekly)
2001-05-07,2001-05-07,1,2001,"OCEAN#20_SL,OCEAN#21_SL",routine (stations sampled weekly)
2001-05-10,2001-05-11,2,2001,"OCEAN#20_SL,OCEAN#21_SL",routine (stations sampled weekly)
2001-05-14,2001-05-17,3,2001,"OCEAN#20_SL,OCEAN#21_SL",routine (stations sampled weekly)
2001-05-21,2001-05-24,3,2001,"OCEAN#20_SL,OCEAN#21_SL",routine (stations sampled weekly)
2001-05-29,2001-06-01,3,2001,"OCEAN#20_SL,OCEAN#21_SL",routine (stations sampled weekly)
2001-06-04,2001-06-07,3,2001,"OCEAN#20_SL,OCEAN#21_SL",routine (stations sampled weekly)
2001-06-11,2001-06-13,3,2001,"OCEAN#20_SL,OCEAN#21_SL",routine (stations sampled weekly)
2001-06-18,2001-06-21,3,2001,"OCEAN#20_SL,OCEAN#21_SL",routine (stations sampled weekly)
2001-06-25,2001-06-27,3,2001,"OCEAN#20_SL,OCEAN#21_SL",routine (stations sampled weekly)
2001-07-02,2001-07-03,2,2001,"OCEAN#20_SL,OCEAN#21_SL",routine (stations sampled weekly)
2001-07-06,2001-07-06,1,2001,"OCEAN#20_SL,OCEAN#21_SL",routine (stations sampled weekly)
2001-07-09,2001-07-11,3,2001,"OCEAN#20_SL,OCEAN#21_SL",routine (stations sampled weekly)
2001-07-16,2001-07-19,3,2001,"OCEAN#20_SL,OCEAN#21_SL",routine (stations sampled weekly)
2001-07-23,2001-07-25,3,2001,"OCEAN#20_SL,OCEAN#21_SL",routine (stations sampled weekly)
2001-07-30,2001-08-02,3,2001,"OCEAN#20_SL,OCEAN#21_SL",routine (stations sampled weekly)
2001-08-06,2001-08-08,3,2001,"OCEAN#20_SL,OCEAN#21_SL",routine (stations sampled weekly)
2001-08-13,2001-08-16,3,2001,"OCEAN#20_SL,OCEAN#21_SL",routine (stations sampled weekly)
2001-08-20,2001-08-23,3,2001,"OCEAN#20_SL,OCEAN#21_SL",routine (stations sampled weekly)
2001-08-27,2001-08-30,3,2001,"OCEAN#20_SL,OCEAN#21_SL",routine (stations sampled weekly)
2001-09-04,2001-09-07,3,2001,"OCEAN#20_SL,OCEAN#21_SL",routine (stations sampled weekly)
2001-09-10,2001-09-13,3,2001,"OCEAN#20_SL,OCEAN#21_SL",routine (stations sampled weekly)
2001-09-17,2001-09-20,3,2001,"OCEAN#20_SL,OCEAN#21_SL",routine (stations sampled weekly)
2001-09-24,2001-09-27,3,2001,"OCEAN#20_SL,OCEAN#21_SL",routine (stations sampled weekly)
2001-10-01,2001-10-04,3,2001,"OCEAN#20_SL,OCEAN#21_SL",routine (stations sampled weekly)
2001-10-09,2001-10-12,3,2001,"OCEAN#20_SL,OCEAN#21_SL",routine (stations sampled weekly)
2001-10-15,2001-10-18,3,2001,"OCEAN#20_SL,OCEAN#21_SL",routine (stations sampled weekly)
2001-10-22,2001-10-25,3,2001,"OCEAN#20_SL,OCEAN#21_SL",routine (stations sampled weekly)
2001-10-29,2001-11-01,3,2001,"OCEAN#20_SL,OCEAN#21_SL",routine (stations sampled weekly)
2001-11-05,2001-11-08,3,2001,"OCEAN#20_SL,OCEAN#21_SL",routine (stations sampled weekly)
2001-11-12,2001-11-16,4,2001,"OCEAN#20_SL,OCEAN#21_SL,OCEAN#22_SL",routine (stations sampled weekly)
2001-11-19,2001-11-21,3,2001,"OCEAN#20_SL,OCEAN#21_SL",routine (stations sampled weekly)
2001-11-26,2001-11-29,3,2001,"OCEAN#20_SL,OCEAN#21_SL,OCEAN#22_SL",routine (stations sampled weekly)
2001-12-02,2001-12-07,5,2001,"OCEAN#20_SL,OCEAN#21_SL",routine (stations sampled weekly)
2001-12-10,2002-01-04,17,2001,"OCEAN#20_SL,OCEAN#21_SL,OCEAN#22_SL",routine (stations sampled weekly)
2002-01-07,2002-01-10,3,2002,"OCEAN#20_SL,OCEAN#21_SL",routine (stations sampled weekly)
2002-01-14,2002-01-17,3,2002,"OCEAN#20_SL,OCEAN#21_SL",routine (stations sampled weekly)
2002-01-22,2002-01-25,3,2002,"OCEAN#20_SL,OCEAN#21_SL",routine (stations sampled weekly)
2002-01-28,2002-01-31,3,2002,"OCEAN#20_SL,OCEAN#21_SL",routine (stations sampled weekly)
2002-02-04,2002-02-06,3,2002,"OCEAN#20_SL,OCEAN#21_SL",routine (stations sampled weekly)
2002-02-11,2002-02-14,3,2002,"OCEAN#20_SL,OCEAN#21_SL",routine (stations sampled weekly)
2002-02-19,2002-02-22,3,2002,"OCEAN#20_SL,OCEAN#21_SL",routine (stations sampled weekly)
2002-02-25,2002-02-28,3,2002,"OCEAN#20_SL,OCEAN#21_SL",routine (stations sampled weekly)
2002-03-04,2002-03-06,3,2002,"OCEAN#20_SL,OCEAN#21_SL",routine (stations sampled weekly)
2002-03-11,2002-03-14,3,2002,"OCEAN#20_SL,OCEAN#21_SL",routine (stations sampled weekly)
2002-03-18,2002-03-20,3,2002,"OCEAN#20_SL,OCEAN#21_SL",routine (stations sampled weekly)
2002-03-25,2002-04-03,8,2002,"OCEAN#20_SL,OCEAN#21_SL,OCEAN#22_SL",routine (stations sampled weekly)
2002-04-08,2002-04-11,3,2002,"OCEAN#20_SL,OCEAN#21_SL",routine (stations sampled weekly)
2002-04-15,2002-04-18,3,2002,"OCEAN#20_SL,OCEAN#21_SL",routine (stations sampled weekly)
2002-04-22,2002-04-26,4,2002,"OCEAN#20_SL,OCEAN#21_SL,OCEAN#22_SL",routine (stations sampled weekly)
2002-04-29,2002-05-01,3,2002,"OCEAN#20_SL,OCEAN#21_SL,OCEAN#22_SL",routine (stations sampled weekly)
2002-05-06,2002-05-09,3,2002,"OCEAN#20_SL,OCEAN#21_SL",routine (stations sampled weekly)
2002-05-15,2002-05-17,3,2002,"OCEAN#20_SL,OCEAN#21_SL",routine (stations sampled weekly)
2002-05-20,2002-05-23,3,2002,"OCEAN#20_SL,OCEAN#21_SL",routine (stations sampled weekly)
2002-05-28,2002-05-31,3,2002,"OCEAN#20_SL,OCEAN#21_SL",routine (stations sampled weekly)
2002-06-03,2002-06-06,3,2002,"OCEAN#20_SL,OCEAN#21_SL",routine (stations sampled weekly)
2002-06-10,2002-06-13,3,2002,"OCEAN#20_SL,OCEAN#21_SL",routine (stations sampled weekly)
2002-06-17,2002-06-20,4,2002,"OCEAN#20_SL,OCEAN#21_SL",routine (stations sampled weekly)
2002-06-24,2002-06-27,3,2002,"OCEAN#20_SL,OCEAN#21_SL",routine (stations sampled weekly)
2002-07-01,2002-07-03,3,2002,"OCEAN#20_SL,OCEAN#21_SL",routine (stations sampled weekly)
2002-07-09,2002-07-11,3,2002,"OCEAN#20_SL,OCEAN#21_SL,OCEAN#22_SL",routine (stations sampled weekly)
2002-07-15,2002-07-17,3,2002,"OCEAN#20_SL,OCEAN#21_SL,OCEAN#22_SL",routine (stations sampled weekly)
2002-07-23,2002-07-25,3,2002,"OCEAN#20_SL,OCEAN#21_SL,OCEAN#22_SL",routine (stations sampled weekly)
2002-07-29,2002-07-31,3,2002,"OCEAN#20_SL,OCEAN#21_SL,OCEAN#22_SL",routine (stations sampled weekly)
2002-08-06,2002-08-08,3,2002,"OCEAN#20_SL,OCEAN#21_SL,OCEAN#22_SL",routine (stations sampled weekly)
2002-08-12,2002-08-14,3,2002,"OCEAN#20_SL,OCEAN#21_SL,OCEAN#22_SL",routine (stations sampled weekly)
2002-08-20,2002-08-22,3,2002,"OCEAN#20_SL,OCEAN#21_SL,OCEAN#22_SL",routine (stations sampled weekly)
2002-08-26,2002-08-28,3,2002,"OCEAN#20_SL,OCEAN#21_SL,OCEAN#22_SL",routine (stations sampled weekly)
2002-09-03,2002-09-05,3,2002,"OCEAN#20_SL,OCEAN#21_SL,OCEAN#22_SL",routine (stations sampled weekly)
2002-09-09,2002-09-11,3,2002,"OCEAN#20_SL,OCEAN#21_SL,OCEAN#22_SL",routine (stations sampled weekly)
2002-09-16,2002-09-18,3,2002,"OCEAN#20_SL,OCEAN#21_SL,OCEAN#22_SL",routine (stations sampled weekly)
2002-09-23,2002-09-25,3,2002,"OCEAN#20_SL,OCEAN#21_SL,OCEAN#22_SL",routine (stations sampled weekly)
2002-10-01,2002-10-03,3,2002,"OCEAN#20_SL,OCEAN#21_SL,OCEAN#22_SL",routine (stations sampled weekly)
2002-10-07,2002-10-09,3,2002,"OCEAN#20_SL,OCEAN#21_SL,OCEAN#22_SL",routine (stations sampled weekly)
2002-10-16,2002-10-18,3,2002,"OCEAN#20_SL,OCEAN#21_SL,OCEAN#22_SL",routine (stations sampled weekly)
2002-10-21,2002-10-23,3,2002,"OCEAN#20_SL,OCEAN#21_SL,OCEAN#22_SL",routine (stations sampled weekly)
2002-10-29,2002-10-31,3,2002,"OCEAN#20_SL,OCEAN#21_SL,OCEAN#22_SL",routine (stations sampled weekly)
2002-11-06,2002-11-15,9,2002,"OCEAN#20_SL,OCEAN#21_SL,OCEAN#22_SL",routine (stations sampled weekly)
2002-11-19,2002-11-21,3,2002,"OCEAN#20_SL,OCEAN#21_SL",routine (stations sampled weekly)
2002-11-25,2002-11-27,3,2002,"OCEAN#20_SL,OCEAN#21_SL",routine (stations sampled weekly)
2002-12-02,2002-12-05,4,2002,"OCEAN#20_SL,OCEAN#21_SL,OCEAN#22_SL",routine (stations sampled weekly)
2002-12-09,2002-12-11,3,2002,"OCEAN#20_SL,OCEAN#21_SL",routine (stations sampled weekly)
2002-12-16,2002-12-20,4,2002,"OCEAN#20_SL,OCEAN#21_SL",routine (stations sampled weekly)
2002-12-24,2002-12-27,3,2002,"OCEAN#20_SL,OCEAN#21_SL",routine (stations sampled weekly)
2002-12-31,2003-01-03,3,2002,"OCEAN#20_SL,OCEAN#21_SL",routine (stations sampled weekly)
2003-01-07,2003-01-15,8,2003,"OCEAN#20_SL,OCEAN#21_SL,OCEAN#22_SL",routine (stations sampled weekly)
2003-01-22,2003-01-29,7,2003,"OCEAN#20_SL,OCEAN#21_SL,OCEAN#22_SL",routine (stations sampled weekly)
2003-02-04,2003-02-06,3,2003,"OCEAN#20_SL,OCEAN#21_SL",routine (stations sampled weekly)
2003-02-10,2003-02-12,3,2003,"OCEAN#20_SL,OCEAN#21_SL,OCEAN#22_SL",routine (stations sampled weekly)
2003-02-19,2003-02-21,3,2003,"OCEAN#20_SL,OCEAN#21_SL,OCEAN#22_SL",routine (stations sampled weekly)
2003-02-24,2003-02-27,4,2003,"OCEAN#20_SL,OCEAN#21_SL,OCEAN#22_SL",routine (stations sampled weekly)
2003-03-04,2003-03-06,3,2003,"OCEAN#20_SL,OCEAN#21_SL,OCEAN#22_SL",routine (stations sampled weekly)
2003-03-10,2003-03-12,3,2003,"OCEAN#20_SL,OCEAN#21_SL,OCEAN#22_SL",routine (stations sampled weekly)
2003-03-18,2003-03-21,4,2003,"OCEAN#20_SL,OCEAN#21_SL,OCEAN#22_SL",routine (stations sampled weekly)
2003-03-24,2003-03-27,4,2003,"OCEAN#20_SL,OCEAN#21_SL,OCEAN#22_SL",routine (stations sampled weekly)
2003-04-01,2003-04-03,3,2003,"OCEAN#20_SL,OCEAN#21_SL,OCEAN#22_SL",routine (stations sampled weekly)
2003-04-07,2003-04-09,3,2003,"OCEAN#20_SL,OCEAN#21_SL,OCEAN#22_SL",routine (stations sampled weekly)
2003-04-15,2003-04-24,9,2003,"OCEAN#20_SL,OCEAN#21_SL,OCEAN#22_SL",routine (stations sampled weekly)
2003-04-29,2003-05-02,4,2003,"OCEAN#20_SL,OCEAN#21_SL,OCEAN#22_SL",routine (stations sampled weekly)
2003-05-05,2003-05-08,4,2003,"OCEAN#20_SL,OCEAN#21_SL,OCEAN#22_SL",routine (stations sampled weekly)
2003-05-13,2003-05-17,5,2003,"OCEAN#20_SL,OCEAN#21_SL,OCEAN#22_SL",routine (stations sampled weekly)
2003-05-20,2003-05-22,3,2003,"OCEAN#20_SL,OCEAN#21_SL,OCEAN#22_SL",routine (stations sampled weekly)
2003-05-28,2003-05-30,3,2003,"OCEAN#20_SL,OCEAN#21_SL,OCEAN#22_SL",routine (stations sampled weekly)
2003-06-03,2003-06-05,3,2003,"OCEAN#20_SL,OCEAN#21_SL,OCEAN#22_SL",routine (stations sampled weekly)
2003-06-09,2003-06-11,3,2003,"OCEAN#20_SL,OCEAN#21_SL,OCEAN#22_SL",routine (stations sampled weekly)
2003-06-16,2003-06-19,3,2003,"OCEAN#20_SL,OCEAN#21_SL,OCEAN#22_SL",routine (stations sampled weekly)
2003-06-23,2003-06-26,4,2003,"OCEAN#20_SL,OCEAN#21_SL,OCEAN#22_SL",routine (stations sampled weekly)
2003-07-01,2003-07-03,3,2003,"OCEAN#20_SL,OCEAN#21_SL,OCEAN#22_SL",routine (stations sampled weekly)
2003-07-08,2003-07-10,3,2003,"OCEAN#20_SL,OCEAN#21_SL,OCEAN#22_SL",routine (stations sampled weekly)
2003-07-15,2003-07-17,3,2003,"OCEAN#20_SL,OCEAN#21_SL,OCEAN#22_SL",routine (stations sampled weekly)
2003-07-21,2003-07-23,3,2003,"OCEAN#20_SL,OCEAN#21_SL,OCEAN#22_SL",routine (stations sampled weekly)
2003-07-29,2003-07-31,3,2003,"OCEAN#20_SL,OCEAN#21_SL,OCEAN#22_SL",routine (stations sampled weekly)
2003-08-04,2003-08-06,3,2003,"OCEAN#20_SL,OCEAN#21_SL,OCEAN#22_SL",routine (stations sampled weekly)
2003-08-12,2003-08-14,3,2003,"OCEAN#20_SL,OCEAN#21_SL,OCEAN#22_SL",routine (stations sampled weekly)
2003-08-18,2003-08-20,3,2003,"OCEAN#20_SL,OCEAN#21_SL,OCEAN#22_SL",routine (stations sampled weekly)
2003-08-26,2003-08-28,3,2003,"OCEAN#20_SL,OCEAN#21_SL,OCEAN#22_SL",routine (stations sampled weekly)
2003-09-02,2003-09-04,3,2003,"OCEAN#20_SL,OCEAN#21_SL,OCEAN#22_SL",routine (stations sampled weekly)
2003-09-09,2003-09-11,3,2003,"OCEAN#20_SL,OCEAN#21_SL,OCEAN#22_SL",routine (stations sampled weekly)
2003-09-15,2003-09-18,3,2003,"OCEAN#20_SL,OCEAN#21_SL,OCEAN#22_SL",routine (stations sampled weekly)
2003-09-23,2003-09-25,3,2003,"OCEAN#20_SL,OCEAN#21_SL,OCEAN#22_SL",routine (stations sampled weekly)
2003-12-14,2003-12-14,1,2003,OCEAN#22_SL,routine (stations sampled weekly)
2003-12-30,2004-01-04,5,2003,"OCEAN#20_SL,OCEAN#21_SL,OCEAN#22_SL",routine (stations sampled weekly)
2004-02-03,2004-02-04,2,2004,"OCEAN#20_SL,OCEAN#21_SL,OCEAN#22_SL",CSD follow-up only (per STARDB note)
2004-02-25,2004-02-28,3,2004,"OCEAN#20_SL,OCEAN#21_SL,OCEAN#22_SL",CSD follow-up only (per STARDB note)
2004-10-26,2004-10-27,2,2004,"OCEAN#20_SL,OCEAN#21_SL,OCEAN#22_SL",CSD follow-up only (per STARDB note)
2004-12-07,2004-12-10,3,2004,"OCEAN#20_SL,OCEAN#21_SL,OCEAN#22_SL",CSD follow-up only (per STARDB note)
2004-12-28,2004-12-29,2,2004,"OCEAN#20_SL,OCEAN#21_SL,OCEAN#22_SL",CSD follow-up only (per STARDB note)
2005-01-09,2005-01-09,1,2005,"OCEAN#20_SL,OCEAN#21_SL,OCEAN#22_SL",CSD follow-up only (per STARDB note)
2005-02-16,2005-02-17,2,2005,"OCEAN#20_SL,OCEAN#21_SL,OCEAN#22_SL",CSD follow-up only (per STARDB note)
2005-02-28,2005-02-28,1,2005,"OCEAN#20_SL,OCEAN#21_SL,OCEAN#22_SL",CSD follow-up only (per STARDB note)
2005-12-01,2005-12-02,2,2005,"OCEAN#20_SL,OCEAN#21_SL,OCEAN#22_SL",CSD follow-up only (per STARDB note)
2005-12-18,2005-12-23,6,2005,"OCEAN#20_SL,OCEAN#21_SL,OCEAN#22_SL",CSD follow-up only (per STARDB note)
2005-12-31,2006-01-01,2,2005,"OCEAN#20_SL,OCEAN#21_SL",CSD follow-up only (per STARDB note)
2006-01-05,2006-01-05,1,2006,OCEAN#22_SL,CSD follow-up only (per STARDB note)
2006-03-03,2006-03-03,1,2006,OCEAN#22_SL,CSD follow-up only (per STARDB note)
2006-03-06,2006-03-06,1,2006,"OCEAN#20_SL,OCEAN#21_SL,OCEAN#22_SL",CSD follow-up only (per STARDB note)
2006-03-14,2006-03-17,3,2006,"OCEAN#20_SL,OCEAN#21_SL,OCEAN#22_SL",CSD follow-up only (per STARDB note)
2006-03-25,2006-03-25,1,2006,"OCEAN#20_SL,OCEAN#21_SL",CSD follow-up only (per STARDB note)
2006-05-31,2006-05-31,1,2006,OCEAN#22_SL,CSD follow-up only (per STARDB note)
2006-11-14,2006-11-14,1,2006,"OCEAN#20_SL,OCEAN#21_SL,OCEAN#22_SL",CSD follow-up only (per STARDB note)
2006-12-12,2006-12-13,2,2006,"OCEAN#20_SL,OCEAN#21_SL,OCEAN#22_SL",CSD follow-up only (per STARDB note)
2007-10-01,2007-10-05,5,2007,"OCEAN#20_SL,OCEAN#22_SL",CSD follow-up only (per STARDB note)
2007-10-13,2007-10-14,2,2007,"OCEAN#20_SL,OCEAN#21_SL,OCEAN#22_SL",CSD follow-up only (per STARDB note)
2007-11-11,2007-11-13,3,2007,"OCEAN#20_SL,OCEAN#21_SL,OCEAN#22_SL",CSD follow-up only (per STARDB note)
2008-01-04,2008-01-06,3,2008,"OCEAN#20_SL,OCEAN#21_SL,OCEAN#22_SL",CSD follow-up only (per STARDB note)
2008-01-25,2008-01-26,2,2008,"OCEAN#20_SL,OCEAN#21_SL,OCEAN#22_SL",CSD follow-up only (per STARDB note)
2008-11-02,2008-11-03,2,2008,"OCEAN#20_SL,OCEAN#21_SL,OCEAN#22_SL",CSD follow-up only (per STARDB note)
2009-02-16,2009-02-18,3,2009,"OCEAN#20_SL,OCEAN#21_SL,OCEAN#22_SL",CSD follow-up only (per STARDB note)
2009-03-05,2009-03-05,1,2009,"OCEAN#20_SL,OCEAN#21_SL,OCEAN#22_SL",CSD follow-up only (per STARDB note)
2009-10-13,2009-10-14,2,2009,"OCEAN#20_SL,OCEAN#21_SL,OCEAN#22_SL",CSD follow-up only (per STARDB note)
2010-01-18,2010-01-23,5,2010,"OCEAN#20_SL,OCEAN#21_SL,OCEAN#22_SL",CSD follow-up only (per STARDB note)
2010-04-05,2010-04-05,1,2010,OCEAN#22_SL,CSD follow-up only (per STARDB note)
2010-12-09,2010-12-09,1,2010,"OCEAN#20_SL,OCEAN#21_SL,OCEAN#22_SL",CSD follow-up only (per STARDB note)
2010-12-19,2010-12-21,3,2010,"OCEAN#20_SL,OCEAN#21_SL,OCEAN#22_SL",CSD follow-up only (per STARDB note)
2010-12-29,2010-12-30,2,2010,"OCEAN#20_SL,OCEAN#21_SL,OCEAN#22_SL",CSD follow-up only (per STARDB note)
2011-03-19,2011-03-21,3,2011,OCEAN#22_SL,CSD follow-up only (per STARDB note)
2011-03-25,2011-03-25,1,2011,"OCEAN#20_SL,OCEAN#21_SL,OCEAN#22_SL",CSD follow-up only (per STARDB note)
2012-01-21,2012-01-22,2,2012,"OCEAN#20_SL,OCEAN#21_SL,OCEAN#22_SL",CSD follow-up only (per STARDB note)
2012-03-13,2012-03-13,1,2012,"OCEAN#20_SL,OCEAN#21_SL",CSD follow-up only (per STARDB note)
2012-03-17,2012-03-17,1,2012,"OCEAN#20_SL,OCEAN#21_SL,OCEAN#22_SL",CSD follow-up only (per STARDB note)
2012-04-11,2012-04-12,2,2012,"OCEAN#20_SL,OCEAN#21_SL,OCEAN#22_SL",CSD follow-up only (per STARDB note)
2012-11-21,2012-11-22,2,2012,"OCEAN#20_SL,OCEAN#21_SL,OCEAN#22_SL",CSD follow-up only (per STARDB note)
2012-11-30,2012-12-06,6,2012,"OCEAN#20_SL,OCEAN#21_SL,OCEAN#22_SL",CSD follow-up only (per STARDB note)
2012-12-24,2012-12-27,3,2012,"OCEAN#20_SL,OCEAN#21_SL,OCEAN#22_SL",CSD follow-up only (per STARDB note)
2013-11-20,2013-11-23,4,2013,"OCEAN#20_SL,OCEAN#21_SL",CSD follow-up only (per STARDB note)
2014-02-09,2014-02-12,4,2014,"OCEAN#20_SL,OCEAN#21_SL,OCEAN#22_SL",CSD follow-up only (per STARDB note)
2014-02-27,2014-02-27,1,2014,OCEAN#22_SL,CSD follow-up only (per STARDB note)
2014-12-02,2014-12-04,3,2014,"OCEAN#20_SL,OCEAN#21_SL,OCEAN#22_SL",CSD follow-up only (per STARDB note)
2014-12-11,2014-12-16,5,2014,"OCEAN#20_SL,OCEAN#21_SL,OCEAN#22_SL",CSD follow-up only (per STARDB note)
2014-12-19,2014-12-21,3,2014,"OCEAN#20_SL,OCEAN#21_SL,OCEAN#22_SL",CSD follow-up only (per STARDB note)
2015-02-09,2015-02-09,1,2015,"OCEAN#20_SL,OCEAN#21_SL,OCEAN#22_SL",CSD follow-up only (per STARDB note)
2015-12-13,2015-12-15,3,2015,"OCEAN#20_SL,OCEAN#21_SL,OCEAN#22_SL",CSD follow-up only (per STARDB note)
2016-01-06,2016-01-06,1,2016,"OCEAN#20_SL,OCEAN#21_SL,OCEAN#22_SL",CSD follow-up only (per STARDB note)
2016-01-18,2016-01-20,3,2016,"OCEAN#20_SL,OCEAN#21_SL,OCEAN#22_SL",CSD follow-up only (per STARDB note)
2016-03-06,2016-03-06,1,2016,"OCEAN#20_SL,OCEAN#21_SL,OCEAN#22_SL",CSD follow-up only (per STARDB note)
2016-03-11,2016-03-14,4,2016,"OCEAN#20_SL,OCEAN#21_SL",CSD follow-up only (per STARDB note)
2016-12-11,2016-12-13,2,2016,"OCEAN#20_SL,OCEAN#21_SL,OCEAN#22_SL",CSD follow-up only (per STARDB note)
2016-12-16,2016-12-16,1,2016,"OCEAN#20_SL,OCEAN#21_SL,OCEAN#22_SL",CSD follow-up only (per STARDB note)
2016-12-23,2016-12-24,2,2016,OCEAN#22_SL,CSD follow-up only (per STARDB note)
2017-01-08,2017-01-11,4,2017,"OCEAN#20_SL,OCEAN#21_SL,OCEAN#22_SL",CSD follow-up only (per STARDB note)
2017-01-20,2017-01-21,2,2017,"OCEAN#20_SL,OCEAN#21_SL,OCEAN#22_SL",CSD follow-up only (per STARDB note)
2017-02-07,2017-02-08,2,2017,"OCEAN#20_SL,OCEAN#21_SL,OCEAN#22_SL",CSD follow-up only (per STARDB note)
2017-02-20,2017-02-21,2,2017,"OCEAN#20_SL,OCEAN#21_SL,OCEAN#22_SL",CSD follow-up only (per STARDB note)
2017-03-05,2017-03-07,3,2017,"OCEAN#20_SL,OCEAN#21_SL,OCEAN#22_SL",CSD follow-up only (per STARDB note)
2017-03-21,2017-03-21,1,2017,"OCEAN#20_SL,OCEAN#21_SL,OCEAN#22_SL",CSD follow-up only (per STARDB note)
2017-04-07,2017-04-07,1,2017,"OCEAN#20_SL,OCEAN#21_SL,OCEAN#22_SL",CSD follow-up only (per STARDB note)
2017-11-16,2017-11-17,2,2017,"OCEAN#20_SL,OCEAN#21_SL,OCEAN#22_SL",CSD follow-up only (per STARDB note)
2018-01-08,2018-01-11,4,2018,"OCEAN#20_SL,OCEAN#21_SL,OCEAN#22_SL",CSD follow-up only (per STARDB note)
2018-04-07,2018-04-08,2,2018,"OCEAN#20_SL,OCEAN#21_SL,OCEAN#22_SL",CSD follow-up only (per STARDB note)
2018-04-28,2018-04-28,1,2018,OCEAN#22_SL,CSD follow-up only (per STARDB note)
2018-11-23,2018-11-26,4,2018,"OCEAN#20_SL,OCEAN#21_SL,OCEAN#22_SL",CSD follow-up only (per STARDB note)
2018-11-29,2018-11-29,1,2018,"OCEAN#20_SL,OCEAN#21_SL,OCEAN#22_SL",CSD follow-up only (per STARDB note)
2019-01-07,2019-01-07,1,2019,"OCEAN#20_SL,OCEAN#21_SL",CSD follow-up only (per STARDB note)
2019-01-17,2019-01-18,2,2019,"OCEAN#20_SL,OCEAN#21_SL,OCEAN#22_SL",CSD follow-up only (per STARDB note)
2019-02-13,2019-02-15,3,2019,"OCEAN#20_SL,OCEAN#21_SL,OCEAN#22_SL",CSD follow-up only (per STARDB note)
2019-11-27,2019-11-29,3,2019,"OCEAN#20_SL,OCEAN#21_SL,OCEAN#22_SL",CSD follow-up only (per STARDB note)
2019-12-08,2019-12-08,1,2019,"OCEAN#20_SL,OCEAN#21_SL,OCEAN#22_SL",CSD follow-up only (per STARDB note)
2019-12-29,2019-12-30,2,2019,OCEAN#22_SL,CSD follow-up only (per STARDB note)
2020-01-16,2020-01-17,2,2020,"OCEAN#20_SL,OCEAN#21_SL,OCEAN#22_SL",CSD follow-up only (per STARDB note)
