facility,year,month,status,n_event_rows
Oceanside (CA0037681),2013,1,no_event_table_found,0
Oceanside (CA0037681),2013,2,no_event_table_found,0
Oceanside (CA0037681),2013,3,no_event_table_found,0
Oceanside (CA0037681),2013,4,no_event_table_found,0
Oceanside (CA0037681),2013,5,no_event_table_found,0
Oceanside (CA0037681),2013,6,no_event_table_found,0
Oceanside (CA0037681),2013,7,no_event_table_found,0
Oceanside (CA0037681),2013,8,no_event_table_found,0
Oceanside (CA0037681),2013,9,no_event_table_found,0
Oceanside (CA0037681),2013,10,no_event_table_found,0
Oceanside (CA0037681),2013,11,no_event_table_found,0
Oceanside (CA0037681),2013,12,no_event_table_found,0
Oceanside (CA0037681),2014,1,no_event_table_found,0
Oceanside (CA0037681),2014,2,no_event_table_found,0
Oceanside (CA0037681),2014,3,no_event_table_found,0
Oceanside (CA0037681),2014,4,no_event_table_found,0
Oceanside (CA0037681),2014,5,no_event_table_found,0
Oceanside (CA0037681),2014,6,no_event_table_found,0
Oceanside (CA0037681),2014,7,no_event_table_found,0
Oceanside (CA0037681),2014,8,no_event_table_found,0
Oceanside (CA0037681),2014,9,no_event_table_found,0
Oceanside (CA0037681),2014,10,no_event_table_found,0
Oceanside (CA0037681),2014,11,no_event_table_found,0
Oceanside (CA0037681),2014,12,no_event_table_found,0
Oceanside (CA0037681),2015,1,no_event_table_found,0
Oceanside (CA0037681),2015,2,no_event_table_found,0
Oceanside (CA0037681),2015,3,no_event_table_found,0
Oceanside (CA0037681),2015,4,no_event_table_found,0
Oceanside (CA0037681),2015,5,no_event_table_found,0
Oceanside (CA0037681),2015,6,no_event_table_found,0
Oceanside (CA0037681),2015,7,no_event_table_found,0
Oceanside (CA0037681),2015,8,no_event_table_found,0
Oceanside (CA0037681),2015,9,no_event_table_found,0
Oceanside (CA0037681),2015,10,no_event_table_found,0
Oceanside (CA0037681),2015,11,no_event_table_found,0
Oceanside (CA0037681),2015,12,no_event_table_found,0
Oceanside (CA0037681),2016,1,no_event_table_found,0
Oceanside (CA0037681),2016,2,no_event_table_found,0
Oceanside (CA0037681),2016,3,no_event_table_found,0
Oceanside (CA0037681),2016,4,no_event_table_found,0
Oceanside (CA0037681),2016,5,no_event_table_found,0
Oceanside (CA0037681),2016,6,no_event_table_found,0
Oceanside (CA0037681),2016,7,no_event_table_found,0
Oceanside (CA0037681),2016,8,no_event_table_found,0
Oceanside (CA0037681),2016,9,no_event_table_found,0
Oceanside (CA0037681),2016,10,no_event_table_found,0
Oceanside (CA0037681),2016,11,no_event_table_found,0
Oceanside (CA0037681),2016,12,no_event_table_found,0
Oceanside (CA0037681),2017,1,no_event_table_found,0
Oceanside (CA0037681),2017,2,no_event_table_found,0
Oceanside (CA0037681),2017,3,no_event_table_found,0
Oceanside (CA0037681),2017,4,no_event_table_found,0
Oceanside (CA0037681),2017,5,no_event_table_found,0
Oceanside (CA0037681),2017,6,no_event_table_found,0
Oceanside (CA0037681),2017,7,no_event_table_found,0
Oceanside (CA0037681),2017,8,no_event_table_found,0
Oceanside (CA0037681),2017,9,no_event_table_found,0
Oceanside (CA0037681),2017,10,no_event_table_found,0
Oceanside (CA0037681),2017,11,no_event_table_found,0
Oceanside (CA0037681),2017,12,table_present_zero_events,0
Oceanside (CA0037681),2018,1,events_parsed,4
Oceanside (CA0037681),2018,2,no_table_stated_no_discharge,0
Oceanside (CA0037681),2018,3,events_parsed,1
Oceanside (CA0037681),2018,4,events_parsed,5
Oceanside (CA0037681),2018,5,table_present_zero_events,0
Oceanside (CA0037681),2018,6,table_present_zero_events,0
Oceanside (CA0037681),2018,7,table_present_zero_events,0
Oceanside (CA0037681),2018,8,table_present_zero_events,0
Oceanside (CA0037681),2018,9,table_present_zero_events,0
Oceanside (CA0037681),2018,10,table_present_zero_events,0
Oceanside (CA0037681),2018,11,events_parsed,9
Oceanside (CA0037681),2018,12,events_parsed,1
Oceanside (CA0037681),2019,1,events_parsed,10
Oceanside (CA0037681),2019,2,events_parsed,13
Oceanside (CA0037681),2019,3,events_parsed,2
Oceanside (CA0037681),2019,4,table_present_zero_events,0
Oceanside (CA0037681),2019,5,table_present_zero_events,0
Oceanside (CA0037681),2019,6,table_present_zero_events,0
Oceanside (CA0037681),2019,7,table_present_zero_events,0
Oceanside (CA0037681),2019,8,table_present_zero_events,0
Oceanside (CA0037681),2019,9,table_present_zero_events,0
Oceanside (CA0037681),2019,10,table_present_zero_events,0
Oceanside (CA0037681),2019,11,events_parsed,5
Oceanside (CA0037681),2019,12,events_parsed,10
Oceanside (CA0037681),2020,1,events_parsed,5
Oceanside (CA0037681),2020,2,table_present_zero_events,0
Oceanside (CA0037681),2020,3,table_present_zero_events,0
Oceanside (CA0037681),2020,4,table_present_zero_events,0
Oceanside (CA0037681),2020,5,table_present_zero_events,0
Oceanside (CA0037681),2020,6,table_present_zero_events,0
Oceanside (CA0037681),2020,7,table_present_zero_events,0
Oceanside (CA0037681),2020,8,table_present_zero_events,0
Oceanside (CA0037681),2020,9,table_present_zero_events,0
Oceanside (CA0037681),2020,10,table_present_zero_events,0
Oceanside (CA0037681),2020,11,table_present_zero_events,0
Oceanside (CA0037681),2020,12,table_present_zero_events,0
Oceanside (CA0037681),2021,1,events_parsed,2
Oceanside (CA0037681),2021,2,table_present_zero_events,0
Oceanside (CA0037681),2021,3,table_present_zero_events,0
Oceanside (CA0037681),2021,4,table_present_zero_events,0
Oceanside (CA0037681),2021,5,table_present_zero_events,0
Oceanside (CA0037681),2021,6,table_present_zero_events,0
Oceanside (CA0037681),2021,7,table_present_zero_events,0
Oceanside (CA0037681),2021,8,table_present_zero_events,0
Oceanside (CA0037681),2021,9,table_present_zero_events,0
Oceanside (CA0037681),2021,10,events_parsed,10
Oceanside (CA0037681),2021,11,events_parsed,1
Oceanside (CA0037681),2021,12,events_parsed,11
Oceanside (CA0037681),2022,1,table_present_zero_events,0
Oceanside (CA0037681),2022,2,table_present_zero_events,0
Oceanside (CA0037681),2022,3,table_present_zero_events,0
Oceanside (CA0037681),2022,4,table_present_zero_events,0
Oceanside (CA0037681),2022,5,table_present_zero_events,0
Oceanside (CA0037681),2022,6,table_present_zero_events,0
Oceanside (CA0037681),2022,7,table_present_zero_events,0
Oceanside (CA0037681),2022,8,table_present_zero_events,0
Oceanside (CA0037681),2022,9,table_present_zero_events,0
Oceanside (CA0037681),2022,10,table_present_zero_events,0
Oceanside (CA0037681),2022,11,table_present_zero_events,0
Oceanside (CA0037681),2022,12,events_parsed,12
Oceanside (CA0037681),2023,1,events_parsed,17
Oceanside (CA0037681),2023,2,events_parsed,1
Oceanside (CA0037681),2023,3,events_parsed,3
Oceanside (CA0037681),2023,4,table_present_zero_events,0
Oceanside (CA0037681),2023,5,table_present_zero_events,0
Oceanside (CA0037681),2023,6,table_present_zero_events,0
Oceanside (CA0037681),2023,7,table_present_zero_events,0
Oceanside (CA0037681),2023,8,table_present_zero_events,0
Oceanside (CA0037681),2023,9,table_present_zero_events,0
Oceanside (CA0037681),2023,10,table_present_zero_events,0
Oceanside (CA0037681),2023,11,events_parsed,5
Oceanside (CA0037681),2023,12,events_parsed,5
Oceanside (CA0037681),2024,1,events_parsed,9
Oceanside (CA0037681),2024,2,events_parsed,5
Oceanside (CA0037681),2024,3,table_present_zero_events,0
Oceanside (CA0037681),2024,4,table_present_zero_events,0
Oceanside (CA0037681),2024,5,table_present_zero_events,0
Oceanside (CA0037681),2024,6,table_present_zero_events,0
Oceanside (CA0037681),2024,7,table_present_zero_events,0
Oceanside (CA0037681),2024,8,table_present_zero_events,0
Oceanside (CA0037681),2024,9,table_present_zero_events,0
Oceanside (CA0037681),2024,10,table_present_zero_events,0
Oceanside (CA0037681),2024,11,events_parsed,4
Oceanside (CA0037681),2024,12,events_parsed,7
Oceanside (CA0037681),2025,1,table_present_zero_events,0
Oceanside (CA0037681),2025,2,events_parsed,10
Oceanside (CA0037681),2025,3,table_present_zero_events,0
Oceanside (CA0037681),2025,4,table_present_zero_events,0
Oceanside (CA0037681),2025,5,table_present_zero_events,0
Oceanside (CA0037681),2025,6,table_present_zero_events,0
Oceanside (CA0037681),2025,7,table_present_zero_events,0
Oceanside (CA0037681),2025,8,table_present_zero_events,0
Oceanside (CA0037681),2025,9,table_present_zero_events,0
Oceanside (CA0037681),2025,10,events_parsed,2
Oceanside (CA0037681),2025,11,events_parsed,8
Oceanside (CA0037681),2025,12,events_parsed,13
Oceanside (CA0037681),2026,1,events_parsed,6
Oceanside (CA0037681),2026,2,events_parsed,8
Oceanside (CA0037681),2026,3,table_present_zero_events,0
Oceanside (CA0037681),2026,4,events_parsed,2
Oceanside (CA0037681),2026,5,table_present_zero_events,0
Oceanside (CA0037681),2026,6,table_present_zero_events,0
Oceanside (CA0037681),2026,7,table_present_zero_events,0
Southeast/Bayside (CA0037664),2013,1,no_table_stated_no_discharge,0
Southeast/Bayside (CA0037664),2013,2,no_event_table_found,0
Southeast/Bayside (CA0037664),2013,3,no_event_table_found,0
Southeast/Bayside (CA0037664),2013,4,no_event_table_found,0
Southeast/Bayside (CA0037664),2013,5,no_table_stated_no_discharge,0
Southeast/Bayside (CA0037664),2013,6,no_table_stated_no_discharge,0
Southeast/Bayside (CA0037664),2013,7,no_table_stated_no_discharge,0
Southeast/Bayside (CA0037664),2013,8,no_table_stated_no_discharge,0
Southeast/Bayside (CA0037664),2013,9,no_event_table_found,0
Southeast/Bayside (CA0037664),2013,10,no_table_stated_no_discharge,0
Southeast/Bayside (CA0037664),2013,11,no_table_stated_no_discharge,0
Southeast/Bayside (CA0037664),2013,12,no_table_stated_no_discharge,0
Southeast/Bayside (CA0037664),2014,1,no_table_stated_no_discharge,0
Southeast/Bayside (CA0037664),2014,2,no_table_stated_no_discharge,0
Southeast/Bayside (CA0037664),2014,3,no_table_stated_no_discharge,0
Southeast/Bayside (CA0037664),2014,4,no_table_stated_no_discharge,0
Southeast/Bayside (CA0037664),2014,5,no_table_stated_no_discharge,0
Southeast/Bayside (CA0037664),2014,6,no_table_stated_no_discharge,0
Southeast/Bayside (CA0037664),2014,7,no_table_stated_no_discharge,0
Southeast/Bayside (CA0037664),2014,8,no_table_stated_no_discharge,0
Southeast/Bayside (CA0037664),2014,9,no_table_stated_no_discharge,0
Southeast/Bayside (CA0037664),2014,10,no_table_stated_no_discharge,0
Southeast/Bayside (CA0037664),2014,11,no_table_stated_no_discharge,0
Southeast/Bayside (CA0037664),2014,12,no_event_table_found,0
Southeast/Bayside (CA0037664),2015,1,no_table_stated_no_discharge,0
Southeast/Bayside (CA0037664),2015,2,no_table_stated_no_discharge,0
Southeast/Bayside (CA0037664),2015,3,no_table_stated_no_discharge,0
Southeast/Bayside (CA0037664),2015,4,no_event_table_found,0
Southeast/Bayside (CA0037664),2015,5,no_table_stated_no_discharge,0
Southeast/Bayside (CA0037664),2015,6,no_table_stated_no_discharge,0
Southeast/Bayside (CA0037664),2015,7,no_table_stated_no_discharge,0
Southeast/Bayside (CA0037664),2015,8,no_table_stated_no_discharge,0
Southeast/Bayside (CA0037664),2015,9,no_table_stated_no_discharge,0
Southeast/Bayside (CA0037664),2015,10,no_table_stated_no_discharge,0
Southeast/Bayside (CA0037664),2015,11,no_event_table_found,0
Southeast/Bayside (CA0037664),2015,12,no_event_table_found,0
Southeast/Bayside (CA0037664),2016,1,no_event_table_found,0
Southeast/Bayside (CA0037664),2016,2,no_table_stated_no_discharge,0
Southeast/Bayside (CA0037664),2016,3,no_event_table_found,0
Southeast/Bayside (CA0037664),2016,4,no_table_stated_no_discharge,0
Southeast/Bayside (CA0037664),2016,5,no_table_stated_no_discharge,0
Southeast/Bayside (CA0037664),2016,6,no_table_stated_no_discharge,0
Southeast/Bayside (CA0037664),2016,7,table_present_zero_events,0
Southeast/Bayside (CA0037664),2016,8,no_event_table_found,0
Southeast/Bayside (CA0037664),2016,9,no_table_stated_no_discharge,0
Southeast/Bayside (CA0037664),2016,10,events_parsed,9
Southeast/Bayside (CA0037664),2016,11,events_parsed,5
Southeast/Bayside (CA0037664),2016,12,events_parsed,23
Southeast/Bayside (CA0037664),2017,1,events_parsed,65
Southeast/Bayside (CA0037664),2017,2,events_parsed,41
Southeast/Bayside (CA0037664),2017,3,events_parsed,17
Southeast/Bayside (CA0037664),2017,4,events_parsed,12
Southeast/Bayside (CA0037664),2017,5,table_present_zero_events,0
Southeast/Bayside (CA0037664),2017,6,table_present_zero_events,0
Southeast/Bayside (CA0037664),2017,7,table_present_zero_events,0
Southeast/Bayside (CA0037664),2017,8,table_present_zero_events,0
Southeast/Bayside (CA0037664),2017,9,table_present_zero_events,0
Southeast/Bayside (CA0037664),2017,10,table_present_zero_events,0
Southeast/Bayside (CA0037664),2017,11,events_parsed,2
Southeast/Bayside (CA0037664),2017,12,table_present_zero_events,0
Southeast/Bayside (CA0037664),2018,1,events_parsed,20
Southeast/Bayside (CA0037664),2018,2,no_table_stated_no_discharge,0
Southeast/Bayside (CA0037664),2018,3,table_present_zero_events,0
Southeast/Bayside (CA0037664),2018,4,events_parsed,18
Southeast/Bayside (CA0037664),2018,5,table_present_zero_events,0
Southeast/Bayside (CA0037664),2018,6,table_present_zero_events,0
Southeast/Bayside (CA0037664),2018,7,table_present_zero_events,0
Southeast/Bayside (CA0037664),2018,8,table_present_zero_events,0
Southeast/Bayside (CA0037664),2018,9,table_present_zero_events,0
Southeast/Bayside (CA0037664),2018,10,table_present_zero_events,0
Southeast/Bayside (CA0037664),2018,11,events_parsed,35
Southeast/Bayside (CA0037664),2018,12,events_parsed,7
Southeast/Bayside (CA0037664),2019,1,events_parsed,41
Southeast/Bayside (CA0037664),2019,2,events_parsed,32
Southeast/Bayside (CA0037664),2019,3,events_parsed,10
Southeast/Bayside (CA0037664),2019,4,table_present_zero_events,0
Southeast/Bayside (CA0037664),2019,5,events_parsed,6
Southeast/Bayside (CA0037664),2019,6,table_present_zero_events,0
Southeast/Bayside (CA0037664),2019,7,no_table_stated_no_discharge,0
Southeast/Bayside (CA0037664),2019,8,no_table_stated_no_discharge,0
Southeast/Bayside (CA0037664),2019,9,table_present_zero_events,0
Southeast/Bayside (CA0037664),2019,10,table_present_zero_events,0
Southeast/Bayside (CA0037664),2019,11,events_parsed,8
Southeast/Bayside (CA0037664),2019,12,events_parsed,19
Southeast/Bayside (CA0037664),2020,1,events_parsed,10
Southeast/Bayside (CA0037664),2020,2,table_present_zero_events,0
Southeast/Bayside (CA0037664),2020,3,table_present_zero_events,0
Southeast/Bayside (CA0037664),2020,4,table_present_zero_events,0
Southeast/Bayside (CA0037664),2020,5,table_present_zero_events,0
Southeast/Bayside (CA0037664),2020,6,table_present_zero_events,0
Southeast/Bayside (CA0037664),2020,7,table_present_zero_events,0
Southeast/Bayside (CA0037664),2020,8,table_present_zero_events,0
Southeast/Bayside (CA0037664),2020,9,table_present_zero_events,0
Southeast/Bayside (CA0037664),2020,10,table_present_zero_events,0
Southeast/Bayside (CA0037664),2020,11,table_present_zero_events,0
Southeast/Bayside (CA0037664),2020,12,events_parsed,1
Southeast/Bayside (CA0037664),2021,1,events_parsed,11
Southeast/Bayside (CA0037664),2021,2,table_present_zero_events,0
Southeast/Bayside (CA0037664),2021,3,table_present_zero_events,0
Southeast/Bayside (CA0037664),2021,4,table_present_zero_events,0
Southeast/Bayside (CA0037664),2021,5,table_present_zero_events,0
Southeast/Bayside (CA0037664),2021,6,table_present_zero_events,0
Southeast/Bayside (CA0037664),2021,7,table_present_zero_events,0
Southeast/Bayside (CA0037664),2021,8,table_present_zero_events,0
Southeast/Bayside (CA0037664),2021,9,table_present_zero_events,0
Southeast/Bayside (CA0037664),2021,10,events_parsed,35
Southeast/Bayside (CA0037664),2021,11,events_parsed,3
Southeast/Bayside (CA0037664),2021,12,events_parsed,37
Southeast/Bayside (CA0037664),2022,1,table_present_zero_events,0
Southeast/Bayside (CA0037664),2022,2,table_present_zero_events,0
Southeast/Bayside (CA0037664),2022,3,table_present_zero_events,0
Southeast/Bayside (CA0037664),2022,4,table_present_zero_events,0
Southeast/Bayside (CA0037664),2022,5,table_present_zero_events,0
Southeast/Bayside (CA0037664),2022,6,table_present_zero_events,0
Southeast/Bayside (CA0037664),2022,7,table_present_zero_events,0
Southeast/Bayside (CA0037664),2022,8,table_present_zero_events,0
Southeast/Bayside (CA0037664),2022,9,table_present_zero_events,0
Southeast/Bayside (CA0037664),2022,10,table_present_zero_events,0
Southeast/Bayside (CA0037664),2022,11,table_present_zero_events,0
Southeast/Bayside (CA0037664),2022,12,events_parsed,50
Southeast/Bayside (CA0037664),2023,1,events_parsed,80
Southeast/Bayside (CA0037664),2023,2,events_parsed,8
Southeast/Bayside (CA0037664),2023,3,events_parsed,31
Southeast/Bayside (CA0037664),2023,4,table_present_zero_events,0
Southeast/Bayside (CA0037664),2023,5,table_present_zero_events,0
Southeast/Bayside (CA0037664),2023,6,table_present_zero_events,0
Southeast/Bayside (CA0037664),2023,7,table_present_zero_events,0
Southeast/Bayside (CA0037664),2023,8,table_present_zero_events,0
Southeast/Bayside (CA0037664),2023,9,table_present_zero_events,0
Southeast/Bayside (CA0037664),2023,10,table_present_zero_events,0
Southeast/Bayside (CA0037664),2023,11,events_parsed,9
Southeast/Bayside (CA0037664),2023,12,events_parsed,39
Southeast/Bayside (CA0037664),2024,1,events_parsed,36
Southeast/Bayside (CA0037664),2024,2,events_parsed,26
Southeast/Bayside (CA0037664),2024,3,events_parsed,4
Southeast/Bayside (CA0037664),2024,4,table_present_zero_events,0
Southeast/Bayside (CA0037664),2024,5,events_parsed,7
Southeast/Bayside (CA0037664),2024,6,table_present_zero_events,0
Southeast/Bayside (CA0037664),2024,7,table_present_zero_events,0
Southeast/Bayside (CA0037664),2024,8,table_present_zero_events,0
Southeast/Bayside (CA0037664),2024,9,table_present_zero_events,0
Southeast/Bayside (CA0037664),2024,10,table_present_zero_events,0
Southeast/Bayside (CA0037664),2024,11,events_parsed,25
Southeast/Bayside (CA0037664),2024,12,events_parsed,25
Southeast/Bayside (CA0037664),2025,1,table_present_zero_events,0
Southeast/Bayside (CA0037664),2025,2,events_parsed,29
Southeast/Bayside (CA0037664),2025,3,table_present_zero_events,0
Southeast/Bayside (CA0037664),2025,4,table_present_zero_events,0
Southeast/Bayside (CA0037664),2025,5,table_present_zero_events,0
Southeast/Bayside (CA0037664),2025,6,table_present_zero_events,0
Southeast/Bayside (CA0037664),2025,7,table_present_zero_events,0
Southeast/Bayside (CA0037664),2025,8,table_present_zero_events,0
Southeast/Bayside (CA0037664),2025,9,table_present_zero_events,0
Southeast/Bayside (CA0037664),2025,10,events_parsed,2
Southeast/Bayside (CA0037664),2025,11,events_parsed,22
Southeast/Bayside (CA0037664),2025,12,events_parsed,27
Southeast/Bayside (CA0037664),2026,1,events_parsed,7
Southeast/Bayside (CA0037664),2026,2,table_present_zero_events,0
Southeast/Bayside (CA0037664),2026,3,table_present_zero_events,0
Southeast/Bayside (CA0037664),2026,4,events_parsed,4
Southeast/Bayside (CA0037664),2026,5,table_present_zero_events,0
Southeast/Bayside (CA0037664),2026,6,table_present_zero_events,0
Southeast/Bayside (CA0037664),2026,7,table_present_zero_events,0
Southeast/Bayside (CA0037664),2026,8,table_present_zero_events,0
